GCA_007011985.1_PDT000337450.1_genomic,"1,3,19"
GCA_010973915.1_PDT000051461.2_genomic,"1,3,19"
GCA_008669555.1_PDT000100887.2_genomic,"1,3,19"
GCA_005995165.1_PDT000201452.2_genomic,"1,3,19"
GCA_015882865.1_PDT000899614.1_genomic,"1,3,19"
GCA_014094755.1_PDT000802906.1_genomic,"1,3,19"
GCA_016060995.1_PDT000913323.1_genomic,"1,3,19"
GCA_011425785.1_PDT000649275.1_genomic,"1,3,19"
GCA_009103545.1_PDT000185598.2_genomic,"1,3,19"
GCA_006740225.1_PDT000368610.2_genomic,"1,3,19"
GCA_008904145.1_PDT000128377.2_genomic,"1,3,19"
GCA_005595155.1_PDT000487022.1_genomic,"1,3,19"
GCA_007267795.1_PDT000344230.1_genomic,"1,3,19"
GCA_008617795.1_PDT000086658.2_genomic,"1,3,19"
GCA_007430765.1_PDT000468655.1_genomic,"1,3,19"
GCA_011434835.1_PDT000055245.2_genomic,"1,3,19"
GCA_019094425.1_PDT001080422.1_genomic,"1,3,19"
GCA_010925595.1_PDT000629684.1_genomic,"1,3,19"
GCA_006983825.1_PDT000380021.1_genomic,"1,3,19"
GCA_020133345.1_PDT001134709.1_genomic,"1,3,19"
GCA_011258095.1_PDT000678713.1_genomic,"1,3,19"
GCA_018284715.1_PDT001019497.1_genomic,"1,3,19"
GCA_004256125.1_PDT000345043.1_genomic,"1,3,19"
GCA_019151245.1_PDT001083514.1_genomic,"1,3,19"
GCA_008196605.1_PDT000575123.1_genomic,"1,3,19"
GCA_006782045.1_PDT000358643.2_genomic,"1,3,19"
GCA_006850485.1_PDT000039454.2_genomic,"1,3,19"
GCA_006693805.1_PDT000060675.3_genomic,"1,3,19"
GCA_006457415.1_PDT000522749.1_genomic,"1,3,19"
GCA_010553605.1_PDT000130476.2_genomic,"1,3,19"
GCA_006097555.1_PDT000127562.2_genomic,"1,3,19"
GCA_014580775.1_PDT000725191.1_genomic,"1,3,19"
GCA_011599225.1_PDT000624128.1_genomic,"1,3,19"
GCA_002030925.1_ASM203092v1_genomic,"1,3,19"
GCA_005610895.1_PDT000312685.3_genomic,"1,3,19"
GCA_007818965.1_PDT000077381.4_genomic,"1,3,19"
GCA_006203485.1_PDT000293074.2_genomic,"1,3,19"
GCA_007048605.1_PDT000235165.2_genomic,"1,3,19"
GCA_006551795.1_PDT000359021.1_genomic,"1,3,19"
GCA_009553475.1_PDT000244534.2_genomic,"1,3,19"
GCA_007606965.1_PDT000476719.1_genomic,"1,3,19"
GCA_007561025.1_PDT000290317.2_genomic,"1,3,19"
GCA_020825955.1_PDT001172885.1_genomic,"1,3,19"
GCA_015054725.1_PDT000857431.1_genomic,"1,3,19"
GCA_008824885.1_PDT000106146.2_genomic,"1,3,19"
GCA_006531455.1_PDT000532361.1_genomic,"1,3,19"
GCA_004220805.1_PDT000405249.1_genomic,"1,3,19"
GCA_007250795.1_PDT000339652.1_genomic,"1,3,19"
GCA_010641665.1_PDT000044665.3_genomic,"1,3,19"
GCA_008825145.1_PDT000106144.2_genomic,"1,3,19"
GCA_015880125.1_PDT000900943.1_genomic,"1,3,19"
GCA_018484385.1_PDT001024899.1_genomic,"1,3,19"
GCA_014537905.1_PDT000836050.1_genomic,"1,3,19"
GCF_040797915.1_ASM4079791v1_genomic,"1,3,19"
GCA_006254035.1_PDT000267770.2_genomic,"1,3,19"
GCA_011354565.1_PDT000668433.2_genomic,"1,3,19"
GCA_011797975.1_PDT000685842.1_genomic,"1,3,19"
GCA_002043365.1_ASM204336v1_genomic,"1,3,19"
GCA_009350525.1_PDT000616919.1_genomic,"1,3,19"
GCA_011076735.1_PDT000042818.4_genomic,"1,3,19"
GCF_032906985.1_ASM3290698v1_genomic,"1,3,19"
GCA_016572815.1_PDT000928902.1_genomic,"1,3,19"
GCA_006998805.1_PDT000341894.1_genomic,"1,3,19"
GCA_005820585.1_PDT000429072.1_genomic,"1,3,19"
GCA_005981445.1_PDT000173395.2_genomic,"1,3,19"
GCA_018277325.1_PDT001018692.1_genomic,"1,3,19"
GCA_019870525.1_PDT001122643.1_genomic,"1,3,19"
GCA_006918995.1_PDT000171495.2_genomic,"1,3,19"
GCA_010578445.1_PDT000283671.2_genomic,"1,3,19"
GCA_009244685.1_PDT000211269.2_genomic,"1,3,19"
GCA_019094385.1_PDT001080424.1_genomic,"1,3,19"
GCA_014759985.1_PDT000724954.1_genomic,"1,3,19"
GCA_020825215.1_PDT001172862.1_genomic,"1,3,19"
GCA_006755725.1_PDT000001939.6_genomic,"1,3,19"
GCA_005493505.1_PDT000473273.1_genomic,"1,3,19"
GCA_014605515.1_PDT000836542.1_genomic,"1,3,19"
GCA_006569865.1_PDT000128367.2_genomic,"1,3,19"
GCA_014987185.1_PDT000862795.1_genomic,"1,3,19"
GCA_007083685.1_PDT000257285.2_genomic,"1,3,19"
GCA_014817805.1_PDT000850132.1_genomic,"1,3,19"
GCA_008026695.1_PDT000045707.3_genomic,"1,3,19"
GCA_006863385.1_PDT000001813.3_genomic,"1,3,19"
GCA_008410745.1_PDT000123490.2_genomic,"1,3,19"
GCA_006689305.1_PDT000037270.4_genomic,"1,3,19"
GCA_014744635.1_PDT000844728.1_genomic,"1,3,19"
GCA_005479515.1_PDT000434014.1_genomic,"1,3,19"
GCA_006938995.1_PDT000162226.2_genomic,"1,3,19"
GCA_010808505.1_PDT000650463.1_genomic,"1,3,19"
GCA_005533055.1_PDT000085425.2_genomic,"1,3,19"
GCA_005758055.1_PDT000222661.2_genomic,"1,3,19"
GCA_007770105.1_PDT000329617.1_genomic,"1,3,19"
GCA_008428205.1_PDT000141545.2_genomic,"1,3,19"
GCA_010806465.1_PDT000660123.1_genomic,"1,3,19"
GCA_005588585.1_PDT000478782.1_genomic,"1,3,19"
GCF_040797905.1_ASM4079790v1_genomic,"1,3,19"
GCA_013642675.1_PDT000773173.1_genomic,"1,3,19"
GCA_005529555.1_PDT000467940.1_genomic,"1,3,19"
GCA_005986245.1_PDT000185578.2_genomic,"1,3,19"
GCA_005762355.1_PDT000358631.1_genomic,"1,3,19"
GCA_008729415.1_PDT000097051.2_genomic,"1,3,19"
GCA_011592945.1_PDT000635626.1_genomic,"1,3,19"
GCA_007310965.1_PDT000383268.1_genomic,"1,3,19"
GCA_006469445.1_PDT000525113.1_genomic,"1,3,19"
GCA_005812045.1_PDT000413856.1_genomic,"1,3,19"
GCA_013529015.1_PDT000791790.1_genomic,"1,3,19"
GCA_008185805.1_PDT000573619.1_genomic,"1,3,19"
GCA_013123965.1_PDT000733478.1_genomic,"1,3,19"
GCA_005667895.1_PDT000482263.1_genomic,"1,3,19"
GCF_002035555.1_ASM203555v1_genomic,"1,3,19"
GCA_006865325.1_PDT000003249.5_genomic,"1,3,19"
GCA_007189975.1_PDT000101333.2_genomic,"1,3,19"
GCA_004354245.1_ASM435424v1_genomic,"1,3,19"
GCA_006485725.1_PDT000526223.1_genomic,"1,3,19"
GCA_002270405.1_ASM227040v1_genomic,"1,3,19"
GCA_007329975.1_PDT000390546.1_genomic,"1,3,19"
GCA_019542915.1_PDT001102298.1_genomic,"1,3,19"
GCA_007047745.1_PDT000234685.2_genomic,"1,3,19"
GCA_007102925.1_PDT000268914.2_genomic,"1,3,19"
GCA_005897325.1_PDT000167598.2_genomic,"1,3,19"
GCA_018218315.1_PDT001016317.1_genomic,"1,3,19"
GCA_005981465.1_PDT000173416.2_genomic,"1,3,19"
GCF_025594475.1_ASM2559447v1_genomic,"1,3,19"
GCA_006031675.1_PDT000143870.2_genomic,"1,3,19"
GCA_011484345.1_PDT000003334.5_genomic,"1,3,19"
GCF_003030105.1_ASM303010v1_genomic,"1,3,19"
GCA_003879835.1_PDT000333065.1_genomic,"1,3,19"
GCA_017359485.1_PDT000985217.1_genomic,"1,3,19"
GCA_007842575.1_PDT000312672.2_genomic,"1,3,19"
GCA_006845945.1_PDT000034196.2_genomic,"1,3,19"
GCA_009120045.1_PDT000178951.2_genomic,"1,3,19"
GCA_007273435.1_PDT000347607.1_genomic,"1,3,19"
GCA_013130215.1_PDT000732017.1_genomic,"1,3,19"
GCA_006940775.1_PDT000171618.2_genomic,"1,3,19"
GCA_011795845.1_PDT000685083.1_genomic,"1,3,19"
GCA_006090435.1_PDT000068568.2_genomic,"1,3,19"
GCA_006104155.1_PDT000173531.2_genomic,"1,3,19"
GCA_008824425.1_PDT000123417.2_genomic,"1,3,19"
GCA_008048355.1_PDT000037953.3_genomic,"1,3,19"
GCA_007525645.1_PDT000475712.1_genomic,"1,3,19"
GCA_006914155.1_PDT000167552.2_genomic,"1,3,19"
GCA_015191285.1_PDT000852277.1_genomic,"1,3,19"
GCA_008103045.1_PDT000057951.2_genomic,"1,3,19"
GCA_006689825.1_PDT000037945.4_genomic,"1,3,19"
GCA_006941295.1_PDT000178545.2_genomic,"1,3,19"
GCA_005607515.1_PDT000154876.2_genomic,"1,3,19"
GCA_003073495.1_ASM307349v1_genomic,"1,3,19"
GCA_005650145.1_PDT000430642.1_genomic,"1,3,19"
GCA_007069825.1_PDT000244986.2_genomic,"1,3,19"
GCA_006135955.1_PDT000233866.2_genomic,"1,3,19"
GCA_006671125.1_PDT000363957.2_genomic,"1,3,19"
GCA_014390145.1_PDT000827513.1_genomic,"1,3,19"
GCA_011262115.1_PDT000643800.1_genomic,"1,3,19"
GCA_007570065.1_PDT000306521.2_genomic,"1,3,19"
GCA_006388755.1_PDT000114747.3_genomic,"1,3,19"
GCA_014433065.1_PDT000177281.2_genomic,"1,3,19"
GCA_019155325.1_PDT001083307.1_genomic,"1,3,19"
GCA_008473725.1_PDT000121543.2_genomic,"1,3,19"
GCA_018395855.1_PDT001040507.1_genomic,"1,3,19"
GCA_005618555.1_PDT000386904.1_genomic,"1,3,19"
GCA_006329245.1_PDT000312317.2_genomic,"1,3,19"
GCA_013258185.1_ASM1325818v1_genomic,"1,3,19"
GCA_001276765.1_ASM127676v1_genomic,"1,3,19"
GCA_008005585.1_PDT000042002.3_genomic,"1,3,19"
GCA_005986725.1_PDT000189377.2_genomic,"1,3,19"
GCA_009206105.1_PDT000204831.2_genomic,"1,3,19"
GCA_021007795.1_PDT001187246.1_genomic,"1,3,19"
GCA_010926295.1_PDT000001500.3_genomic,"1,3,19"
GCA_008023275.1_PDT000043725.4_genomic,"1,3,19"
GCA_007835435.1_PDT000125054.2_genomic,"1,3,19"
GCA_010264835.1_PDT000486989.1_genomic,"1,3,19"
GCA_011678595.1_PDT000688717.1_genomic,"1,3,19"
GCA_006916195.1_PDT000168604.2_genomic,"1,3,19"
GCA_007412225.1_PDT000455527.1_genomic,"1,3,19"
GCA_008606345.1_PDT000064655.2_genomic,"1,3,19"
GCF_032907005.1_ASM3290700v1_genomic,"1,3,19"
GCA_009471285.1_PDT000234880.2_genomic,"1,3,19"
GCA_006387275.1_PDT000046902.3_genomic,"1,3,19"
GCA_006682525.1_PDT000444791.2_genomic,"1,3,19"
GCA_009471365.1_PDT000235007.2_genomic,"1,3,19"
GCA_006060115.1_PDT000219355.2_genomic,"1,3,19"
GCA_008008805.1_PDT000036705.2_genomic,"1,3,19"
GCA_008510975.1_PDT000377000.1_genomic,"1,3,19"
GCA_009091405.1_PDT000604900.1_genomic,"1,3,19"
GCA_005613475.1_PDT000381142.1_genomic,"1,3,19"
GCA_019516505.1_ASM1951650v1_genomic,"1,3,19"
GCA_019581815.1_PDT001108389.1_genomic,"1,3,19"
GCA_005980085.1_PDT000171485.2_genomic,"1,3,19"
GCA_006154745.1_PDT000244998.2_genomic,"1,3,19"
GCA_021052685.1_PDT001196012.1_genomic,"1,3,19"
GCA_006011945.1_PDT000040914.2_genomic,"1,3,19"
GCA_005972165.1_PDT000148356.2_genomic,"1,3,19"
GCA_006988855.1_PDT000381578.1_genomic,"1,3,19"
GCA_006289395.1_PDT000313212.2_genomic,"1,3,19"
GCA_003734545.1_PDT000396334.1_genomic,"1,3,19"
GCA_011518385.1_PDT000001828.3_genomic,"1,3,19"
GCA_006923695.1_PDT000172219.2_genomic,"1,3,19"
GCA_010939415.1_PDT000638575.1_genomic,"1,3,19"
GCA_011796445.1_PDT000685053.1_genomic,"1,3,19"
GCA_006924435.1_PDT000181438.2_genomic,"1,3,19"
GCA_008639205.1_PDT000082209.2_genomic,"1,3,19"
GCA_019291285.1_PDT001092582.1_genomic,"1,3,19"
GCA_007573805.1_PDT000310718.2_genomic,"1,3,19"
GCA_010931775.1_PDT000625914.1_genomic,"1,3,19"
GCA_006093295.1_PDT000094836.2_genomic,"1,3,19"
GCA_014597195.1_PDT000836643.1_genomic,"1,3,19"
GCA_020706715.1_PDT001166742.1_genomic,"1,3,19"
GCA_005592135.1_PDT000482072.1_genomic,"1,3,19"
GCA_005832045.1_PDT000463908.1_genomic,"1,3,19"
GCA_009207365.1_PDT000205568.2_genomic,"1,3,19"
GCA_011165935.1_PDT000315409.2_genomic,"1,3,19"
GCA_006102875.1_PDT000172232.2_genomic,"1,3,19"
GCA_005903165.1_PDT000484094.1_genomic,"1,3,19"
GCA_009335815.1_PDT000222358.2_genomic,"1,3,19"
GCA_010685765.1_PDT000053425.2_genomic,"1,3,19"
GCA_008053235.1_PDT000055043.2_genomic,"1,3,19"
GCA_018190135.1_PDT001015372.1_genomic,"1,3,19"
GCA_017689875.1_PDT000997187.1_genomic,"1,3,19"
GCA_017591575.1_PDT000991275.1_genomic,"1,3,19"
GCA_014941905.1_PDT000859374.1_genomic,"1,3,19"
GCA_010817905.1_PDT000646884.1_genomic,"1,3,19"
GCA_010691645.1_PDT000025192.3_genomic,"1,3,19"
GCA_005622115.1_PDT000391380.1_genomic,"1,3,19"
GCA_008471225.1_PDT000115181.2_genomic,"1,3,19"
GCA_005584255.1_PDT000467880.1_genomic,"1,3,19"
GCA_005970245.1_PDT000142571.2_genomic,"1,3,19"
GCA_018547425.1_PDT001041709.1_genomic,"1,3,19"
GCA_003761445.1_PDT000400074.1_genomic,"1,3,19"
GCA_006910955.1_PDT000149762.2_genomic,"1,3,19"
GCA_007553995.1_PDT000279748.2_genomic,"1,3,19"
GCA_005920365.1_PDT000505202.1_genomic,"1,3,19"
GCA_019644415.1_PDT001109849.1_genomic,"1,3,19"
GCA_011631125.1_PDT000687378.1_genomic,"1,3,19"
GCA_007100065.1_PDT000266220.2_genomic,"1,3,19"
GCA_006847995.1_PDT000037956.2_genomic,"1,3,19"
GCA_013505455.1_PDT000784462.1_genomic,"1,3,19"
GCA_015170335.1_PDT000855116.1_genomic,"1,3,19"
GCA_003073555.1_ASM307355v1_genomic,"1,3,19"
GCA_005533495.1_PDT000148946.2_genomic,"1,3,19"
GCA_007744035.1_PDT000042217.3_genomic,"1,3,19"
GCA_010640365.1_PDT000025461.3_genomic,"1,3,19"
GCA_007420045.1_PDT000458579.1_genomic,"1,3,19"
GCA_006630525.1_PDT000025170.4_genomic,"1,3,19"
GCA_005960265.1_PDT000112742.2_genomic,"1,3,19"
GCA_008023775.1_PDT000043947.3_genomic,"1,3,19"
GCA_019842965.1_PDT001120835.1_genomic,"1,3,19"
GCA_004177545.1_PDT000328306.1_genomic,"1,3,19"
GCA_018079545.1_PDT001007493.1_genomic,"1,3,19"
GCA_009139925.1_PDT000195110.2_genomic,"1,3,19"
GCA_006104075.1_PDT000171482.2_genomic,"1,3,19"
GCA_008713475.1_PDT000591906.1_genomic,"1,3,19"
GCA_008803575.1_PDT000597480.1_genomic,"1,3,19"
GCA_005834985.1_PDT000467912.1_genomic,"1,3,19"
GCA_001478295.1_Salmonella_enterica_CVM_N37931-SQ_v1.0_genomic,"1,3,19"
GCA_007312235.1_PDT000383344.1_genomic,"1,3,19"
GCA_006910925.1_PDT000149597.2_genomic,"1,3,19"
GCA_010283745.1_PDT000486975.1_genomic,"1,3,19"
GCA_011447915.1_PDT000034745.3_genomic,"1,3,19"
GCA_007623015.1_PDT000542768.1_genomic,"1,3,19"
GCA_002045665.1_ASM204566v1_genomic,"1,3,19"
GCA_006759085.1_PDT000134268.3_genomic,"1,3,19"
GCA_014719155.1_PDT000843613.1_genomic,"1,3,19"
GCA_011455735.1_PDT000002553.3_genomic,"1,3,19"
GCA_017583405.1_PDT000990515.1_genomic,"1,3,19"
GCA_007382985.1_PDT000422270.1_genomic,"1,3,19"
GCA_011810945.1_PDT000685003.1_genomic,"1,3,19"
GCA_006938615.1_PDT000162150.2_genomic,"1,3,19"
GCA_006265675.1_PDT000287834.2_genomic,"1,3,19"
GCA_008117365.1_PDT000072617.2_genomic,"1,3,19"
GCA_006071715.1_PDT000230365.2_genomic,"1,3,19"
GCA_013643375.1_PDT000773127.1_genomic,"1,3,19"
GCA_007286095.1_PDT000351145.1_genomic,"1,3,19"
GCA_005441175.1_PDT000357505.1_genomic,"1,3,19"
GCA_012000345.1_PDT000717460.1_genomic,"1,3,19"
GCA_013646475.1_PDT000772979.1_genomic,"1,3,19"
GCA_006251755.1_PDT000264948.2_genomic,"1,3,19"
GCA_008914045.1_PDT000137455.2_genomic,"1,3,19"
GCA_006333505.1_PDT000482131.1_genomic,"1,3,19"
GCA_010752215.1_PDT000181362.2_genomic,"1,3,19"
GCA_011553455.1_PDT000562676.1_genomic,"1,3,19"
GCA_015375025.1_PDT000885254.1_genomic,"1,3,19"
GCA_013643195.1_PDT000773146.1_genomic,"1,3,19"
GCA_020727945.1_PDT001167318.1_genomic,"1,3,19"
GCA_006670395.1_PDT000363700.1_genomic,"1,3,19"
GCA_007837315.1_PDT000126381.2_genomic,"1,3,19"
GCA_019508325.1_PDT001105759.1_genomic,"1,3,19"
GCA_008901665.1_PDT000127605.2_genomic,"1,3,19"
GCA_007760725.1_PDT000110773.4_genomic,"1,3,19"
GCA_006623315.1_PDT000368329.1_genomic,"1,3,19"
GCA_011207705.1_PDT000672100.1_genomic,"1,3,19"
GCA_013131955.1_PDT000733464.1_genomic,"1,3,19"
GCA_005961055.1_PDT000123432.2_genomic,"1,3,19"
GCA_008117485.1_PDT000077371.2_genomic,"1,3,19"
GCA_008002865.1_PDT000047980.3_genomic,"1,3,19"
GCA_003430435.1_ASM343043v1_genomic,"1,3,19"
GCA_016142915.1_PDT000917761.1_genomic,"1,3,19"
GCA_008741815.1_PDT000099589.2_genomic,"1,3,19"
GCA_009226685.1_PDT000610481.1_genomic,"1,3,19"
GCA_006212565.1_PDT000347472.1_genomic,"1,3,19"
GCA_006043815.1_PDT000185842.2_genomic,"1,3,19"
GCA_008002725.1_PDT000047089.3_genomic,"1,3,19"
GCA_009182415.1_PDT000609578.1_genomic,"1,3,19"
GCA_010780395.1_PDT000288330.2_genomic,"1,3,19"
GCA_009372995.1_PDT000225847.2_genomic,"1,3,19"
GCA_006029675.1_PDT000138995.2_genomic,"1,3,19"
GCA_007674645.1_PDT000474042.1_genomic,"1,3,19"
GCA_007834415.1_PDT000125220.2_genomic,"1,3,19"
GCA_006942015.1_PDT000156963.2_genomic,"1,3,19"
GCA_005500705.1_PDT000482254.1_genomic,"1,3,19"
GCA_009206545.1_PDT000204874.2_genomic,"1,3,19"
GCA_019317855.1_PDT001094401.1_genomic,"1,3,19"
GCA_007490265.1_PDT000306508.2_genomic,"1,3,19"
GCA_013440735.1_PDT000793223.1_genomic,"1,3,19"
GCA_006459825.1_PDT000523170.1_genomic,"1,3,19"
GCA_007834815.1_PDT000125063.2_genomic,"1,3,19"
GCA_011106355.1_PDT000174099.2_genomic,"1,3,19"
GCA_009079325.1_PDT000187299.2_genomic,"1,3,19"
GCA_006638205.1_PDT000232770.2_genomic,"1,3,19"
GCA_007612935.1_PDT000486484.1_genomic,"1,3,19"
GCA_005593015.1_PDT000482367.1_genomic,"1,3,19"
GCA_006918135.1_PDT000315686.1_genomic,"1,3,19"
GCA_007533905.1_PDT000486273.1_genomic,"1,3,19"
GCA_007590885.1_PDT000458961.1_genomic,"1,3,19"
GCA_009247405.1_PDT000211749.2_genomic,"1,3,19"
GCA_017954215.1_PDT000689871.1_genomic,"1,3,19"
GCA_005606355.2_PDT000047653.3_genomic,"1,3,19"
GCA_006033295.1_PDT000153125.2_genomic,"1,3,19"
GCA_005740595.1_PDT000481198.1_genomic,"1,3,19"
GCA_007837475.1_PDT000127138.2_genomic,"1,3,19"
GCA_014681465.1_PDT000841440.1_genomic,"1,3,19"
GCA_014600455.1_PDT000836890.1_genomic,"1,3,19"
GCA_006899805.1_PDT000122116.2_genomic,"1,3,19"
GCA_007683105.1_PDT000475833.1_genomic,"1,3,19"
GCA_011797225.1_PDT000685041.1_genomic,"1,3,19"
GCA_016852265.1_PDT000932709.1_genomic,"1,3,19"
GCA_008117545.1_PDT000076973.2_genomic,"1,3,19"
GCA_003903435.1_PDT000376651.1_genomic,"1,3,19"
GCA_005554495.1_PDT000403778.1_genomic,"1,3,19"
GCA_011458715.1_PDT000002524.3_genomic,"1,3,19"
GCA_019935035.1_PDT001127416.1_genomic,"1,3,19"
GCA_003883615.1_PDT000324722.1_genomic,"1,3,19"
GCA_013610795.1_PDT000774511.1_genomic,"1,3,19"
GCA_019094485.1_PDT001080418.1_genomic,"1,3,19"
GCA_008186605.2_PDT000573697.2_genomic,"1,3,19"
GCF_024241535.1_ASM2424153v1_genomic,"1,3,19"
GCA_006117665.1_PDT000219378.2_genomic,"1,3,19"
GCA_006094015.1_PDT000098578.2_genomic,"1,3,19"
GCA_007488565.1_PDT000300465.2_genomic,"1,3,19"
GCA_005587855.1_PDT000478364.1_genomic,"1,3,19"
GCA_008482185.1_PDT000162679.2_genomic,"1,3,19"
GCA_005963805.1_PDT000123431.2_genomic,"1,3,19"
GCA_005983025.1_PDT000178538.2_genomic,"1,3,19"
GCA_001276925.1_ASM127692v1_genomic,"1,3,19"
GCA_019936955.1_PDT001127276.1_genomic,"1,3,19"
GCA_009375035.1_PDT000617204.1_genomic,"1,3,19"
GCA_006939875.1_PDT000167560.2_genomic,"1,3,19"
GCA_001479525.1_Salmonella_enterica_CVM_N32779-R_v1.0_genomic,"1,3,19"
GCA_007056025.1_PDT000238041.2_genomic,"1,3,19"
GCA_006688925.1_PDT000035975.5_genomic,"1,3,19"
GCA_017256855.1_PDT000976940.1_genomic,"1,3,19"
GCA_006268795.1_PDT000294846.2_genomic,"1,3,19"
GCA_007254995.1_PDT000340340.1_genomic,"1,3,19"
GCA_011810865.1_PDT000685047.1_genomic,"1,3,19"
GCA_010555565.1_PDT000247581.2_genomic,"1,3,19"
GCA_009109065.1_PDT000192038.2_genomic,"1,3,19"
GCA_002054685.1_ASM205468v1_genomic,"1,3,19"
GCA_019936775.1_PDT001127293.1_genomic,"1,3,19"
GCA_010853165.1_PDT000639653.1_genomic,"1,3,19"
GCA_006248295.1_PDT000254427.2_genomic,"1,3,19"
GCA_007819265.1_PDT000237244.4_genomic,"1,3,19"
GCA_013660055.1_PDT000791809.1_genomic,"1,3,19"
GCA_006754005.1_PDT000035170.4_genomic,"1,3,19"
GCA_008576345.1_PDT000059306.2_genomic,"1,3,19"
GCA_019326535.1_PDT001095311.1_genomic,"1,3,19"
GCA_007745955.1_PDT000041628.4_genomic,"1,3,19"
GCA_006641025.1_PDT000319618.1_genomic,"1,3,19"
GCA_006140795.1_PDT000236327.2_genomic,"1,3,19"
GCA_011449275.1_PDT000031542.3_genomic,"1,3,19"
GCA_010785355.1_PDT000649279.1_genomic,"1,3,19"
GCA_012822295.1_PDT000724414.1_genomic,"1,3,19"
GCA_006512375.1_PDT000269878.2_genomic,"1,3,19"
GCA_010580225.1_PDT000277085.2_genomic,"1,3,19"
GCA_011088545.1_PDT000003152.3_genomic,"1,3,19"
GCA_008034465.1_PDT000054391.2_genomic,"1,3,19"
GCA_007254535.1_PDT000340313.1_genomic,"1,3,19"
GCA_007273375.1_PDT000345308.1_genomic,"1,3,19"
GCA_005981825.1_PDT000176626.2_genomic,"1,3,19"
GCA_011769145.1_PDT000716536.1_genomic,"1,3,19"
GCA_019908055.1_PDT001125659.1_genomic,"1,3,19"
GCA_006907005.1_PDT000143872.2_genomic,"1,3,19"
GCA_006171245.1_PDT000257269.2_genomic,"1,3,19"
GCA_010503795.1_PDT000148980.2_genomic,"1,3,19"
GCA_009280765.1_PDT000212111.2_genomic,"1,3,19"
GCA_006903825.1_PDT000134550.2_genomic,"1,3,19"
GCA_007301995.1_PDT000381513.1_genomic,"1,3,19"
GCA_007608695.1_PDT000477005.1_genomic,"1,3,19"
GCA_005757595.1_PDT000148355.2_genomic,"1,3,19"
GCA_016354065.1_PDT000306493.2_genomic,"1,3,19"
GCA_009547635.1_PDT000236592.2_genomic,"1,3,19"
GCA_017831515.1_PDT001001188.1_genomic,"1,3,19"
GCA_011562765.1_PDT000625887.1_genomic,"1,3,19"
GCA_008115325.1_PDT000071635.2_genomic,"1,3,19"
GCA_020810395.1_PDT001172140.1_genomic,"1,3,19"
GCA_014095075.1_PDT000803571.1_genomic,"1,3,19"
GCA_007882805.1_PDT000551804.1_genomic,"1,3,19"
GCA_011743545.1_PDT000712891.1_genomic,"1,3,19"
GCA_018314355.1_PDT001022109.1_genomic,"1,3,19"
GCA_006044795.1_PDT000187655.2_genomic,"1,3,19"
GCA_013634555.1_PDT000773580.1_genomic,"1,3,19"
GCA_006647965.1_PDT000331864.1_genomic,"1,3,19"
GCA_007527565.1_PDT000476359.1_genomic,"1,3,19"
GCA_021057705.1_PDT001195767.1_genomic,"1,3,19"
GCA_011524005.1_PDT000191936.3_genomic,"1,3,19"
GCA_010265115.1_PDT000486985.1_genomic,"1,3,19"
GCA_006665885.1_PDT000357401.1_genomic,"1,3,19"
GCA_006760755.1_PDT000248057.2_genomic,"1,3,19"
GCA_015690465.1_PDT000894051.1_genomic,"1,3,19"
GCA_006345125.1_PDT000167555.2_genomic,"1,3,19"
GCA_020471585.1_PDT001076676.1_genomic,"1,3,19"
GCA_007402425.1_PDT000452422.1_genomic,"1,3,19"
GCA_006053755.1_PDT000211366.2_genomic,"1,3,19"
GCA_006954545.1_PDT000171490.2_genomic,"1,3,19"
GCA_006485105.1_PDT000526177.1_genomic,"1,3,19"
GCA_006344565.1_PDT000167542.2_genomic,"1,3,19"
GCA_012040335.1_PDT000718784.1_genomic,"1,3,19"
GCA_004354285.1_ASM435428v1_genomic,"1,3,19"
GCA_016600075.1_PDT000930836.1_genomic,"1,3,19"
GCA_012004745.1_PDT000672611.1_genomic,"1,3,19"
GCA_006155145.1_PDT000257201.2_genomic,"1,3,19"
GCA_007835195.1_PDT000120181.2_genomic,"1,3,19"
GCA_005980545.1_PDT000173414.2_genomic,"1,3,19"
GCA_011810505.1_PDT000685069.1_genomic,"1,3,19"
GCA_016845735.1_PDT000928487.1_genomic,"1,3,19"
GCA_014996545.1_PDT000863977.1_genomic,"1,3,19"
GCA_003864035.1_ASM386403v1_genomic,"1,3,19"
GCA_008029215.1_PDT000040611.3_genomic,"1,3,19"
GCA_006042095.1_PDT000177662.2_genomic,"1,3,19"
GCA_006862765.1_PDT000003247.5_genomic,"1,3,19"
GCA_007079465.1_PDT000252944.2_genomic,"1,3,19"
GCA_008664615.1_PDT000590197.1_genomic,"1,3,19"
GCA_011187955.1_PDT000629682.1_genomic,"1,3,19"
GCA_011474995.1_PDT000637417.1_genomic,"1,3,19"
GCA_007683865.1_PDT000477359.1_genomic,"1,3,19"
GCA_006039655.1_PDT000167587.2_genomic,"1,3,19"
GCA_007839475.1_PDT000221230.2_genomic,"1,3,19"
GCA_001276775.1_ASM127677v1_genomic,"1,3,19"
GCA_019736775.1_PDT001115459.1_genomic,"1,3,19"
GCA_006325065.1_PDT000310713.2_genomic,"1,3,19"
GCA_007012645.1_PDT000350041.1_genomic,"1,3,19"
GCA_007196755.1_PDT000114631.2_genomic,"1,3,19"
GCA_018707725.1_PDT001058136.1_genomic,"1,3,19"
GCA_005903265.1_PDT000484093.1_genomic,"1,3,19"
GCA_015076925.1_PDT000870452.1_genomic,"1,3,19"
GCA_002053105.1_ASM205310v1_genomic,"1,3,19"
GCA_019981655.1_PDT001130012.1_genomic,"1,3,19"
GCA_008607325.1_PDT000064880.2_genomic,"1,3,19"
GCA_008025015.1_PDT000044147.5_genomic,"1,3,19"
GCA_007080125.1_PDT000252895.2_genomic,"1,3,19"
GCF_049944155.1_ASM4994415v1_genomic,"1,3,19"
GCA_007495985.1_PDT000311478.2_genomic,"1,3,19"
GCA_008376705.1_PDT000582876.1_genomic,"1,3,19"
GCA_020620365.1_PDT001161580.1_genomic,"1,3,19"
GCA_020652975.1_PDT001162490.1_genomic,"1,3,19"
GCA_015226725.1_PDT000878319.1_genomic,"1,3,19"
GCA_010549025.1_PDT000123542.2_genomic,"1,3,19"
GCA_019085945.1_PDT001080163.1_genomic,"1,3,19"
GCA_005979665.1_PDT000171634.2_genomic,"1,3,19"
GCA_008441105.1_PDT000312352.2_genomic,"1,3,19"
GCA_011265975.1_PDT000646786.1_genomic,"1,3,19"
GCA_011270245.1_PDT000671193.1_genomic,"1,3,19"
GCA_007571805.1_PDT000307587.2_genomic,"1,3,19"
GCA_011633305.1_PDT000565609.1_genomic,"1,3,19"
GCA_006040275.1_PDT000171629.2_genomic,"1,3,19"
GCA_006171365.1_PDT000257277.2_genomic,"1,3,19"
GCA_006381205.2_ASM638120v2_genomic,"1,3,19"
GCA_007605755.1_PDT000476313.1_genomic,"1,3,19"
GCA_007223375.1_PDT000334721.1_genomic,"1,3,19"
GCA_009250915.1_PDT000212048.2_genomic,"1,3,19"
GCA_019834105.1_PDT001120759.1_genomic,"1,3,19"
GCA_006840045.1_PDT000026786.2_genomic,"1,3,19"
GCA_011689895.1_PDT000688629.1_genomic,"1,3,19"
GCA_011442975.1_PDT000652002.1_genomic,"1,3,19"
GCA_010636485.1_PDT000054672.2_genomic,"1,3,19"
GCA_006639785.1_PDT000316350.1_genomic,"1,3,19"
GCA_009593625.1_PDT000274204.2_genomic,"1,3,19"
GCA_016577285.1_PDT000232886.2_genomic,"1,3,19"
GCA_008090905.1_PDT000033847.3_genomic,"1,3,19"
GCA_015949595.1_ASM1594959v1_genomic,"1,3,19"
GCA_007342695.1_PDT000387552.2_genomic,"1,3,19"
GCA_006096215.1_PDT000115362.3_genomic,"1,3,19"
GCA_009503525.1_PDT000240785.2_genomic,"1,3,19"
GCA_005435815.1_PDT000039444.2_genomic,"1,3,19"
GCA_007056985.1_PDT000239839.2_genomic,"1,3,19"
GCA_019343955.1_PDT001096179.1_genomic,"1,3,19"
GCA_015000325.1_PDT000867844.1_genomic,"1,3,19"
GCA_006945585.1_PDT000190823.2_genomic,"1,3,19"
GCA_007815955.1_PDT000041664.4_genomic,"1,3,19"
GCA_005979925.1_PDT000171493.2_genomic,"1,3,19"
GCA_011521045.1_PDT000634304.1_genomic,"1,3,19"
GCA_005742075.1_PDT000482086.1_genomic,"1,3,19"
GCA_019197875.1_PDT001086385.1_genomic,"1,3,19"
GCA_011271205.1_PDT000671194.1_genomic,"1,3,19"
GCA_020282285.1_PDT000773207.1_genomic,"1,3,19"
GCA_019326145.1_PDT001095331.1_genomic,"1,3,19"
GCA_004265225.1_PDT000345171.1_genomic,"1,3,19"
GCA_005412015.1_PDT000305721.2_genomic,"1,3,19"
GCA_003876515.1_PDT000287084.2_genomic,"1,3,19"
GCA_000483995.1_ASM48399v1_genomic,"1,3,19"
GCA_006044315.1_PDT000187771.2_genomic,"1,3,19"
GCA_005681175.1_PDT000344947.1_genomic,"1,3,19"
GCA_010948515.1_PDT000637412.1_genomic,"1,3,19"
GCA_006941855.1_PDT000177703.2_genomic,"1,3,19"
GCA_006814125.1_PDT000135902.3_genomic,"1,3,19"
GCA_006990365.1_PDT000386378.1_genomic,"1,3,19"
GCA_006915875.1_PDT000158329.2_genomic,"1,3,19"
GCA_006142475.1_PDT000257725.2_genomic,"1,3,19"
GCA_008376545.1_PDT000582868.1_genomic,"1,3,19"
GCA_007204245.1_PDT000112643.2_genomic,"1,3,19"
GCA_010156375.1_PDT000277668.2_genomic,"1,3,19"
GCA_007835335.1_PDT000125221.2_genomic,"1,3,19"
GCA_008917885.1_PDT000602043.1_genomic,"1,3,19"
GCA_008618835.1_PDT000081543.2_genomic,"1,3,19"
GCA_007509005.1_PDT000458134.1_genomic,"1,3,19"
GCA_008824965.1_PDT000106140.2_genomic,"1,3,19"
GCA_001479095.1_Salmonella_enterica_CVM_N31402-SQ_v1.0_genomic,"1,3,19"
GCA_006022555.1_PDT000092989.2_genomic,"1,3,19"
GCA_005483075.1_PDT000448946.1_genomic,"1,3,19"
GCA_016972695.1_PDT000968805.1_genomic,"1,3,19"
GCA_009590365.1_PDT000269368.2_genomic,"1,3,19"
GCA_006944365.1_PDT000185522.2_genomic,"1,3,19"
GCA_010673705.1_PDT000131725.2_genomic,"1,3,19"
GCA_006027455.1_PDT000125053.2_genomic,"1,3,19"
GCA_011007835.1_PDT000683523.1_genomic,"1,3,19"
GCF_016071195.1_ASM1607119v1_genomic,"1,3,19"
GCA_013710025.1_PDT000797033.1_genomic,"1,3,19"
GCF_004354285.1_ASM435428v1_genomic,"1,3,19"
GCA_008520465.1_PDT000133513.2_genomic,"1,3,19"
GCA_007837735.1_PDT000127323.2_genomic,"1,3,19"
GCA_008717605.1_PDT000592248.1_genomic,"1,3,19"
GCA_006064055.1_PDT000222521.2_genomic,"1,3,19"
GCA_006739085.1_PDT000368609.2_genomic,"1,3,19"
GCA_006127215.1_PDT000230399.2_genomic,"1,3,19"
GCF_030522195.1_ASM3052219v1_genomic,"1,3,19"
GCA_003760805.1_PDT000400358.1_genomic,"1,3,19"
GCA_010938895.1_PDT000630412.1_genomic,"1,3,19"
GCA_020282245.1_PDT000773057.1_genomic,"1,3,19"
GCA_005939585.1_PDT000040892.2_genomic,"1,3,19"
GCA_010934275.1_PDT000628394.1_genomic,"1,3,19"
GCA_006637045.1_PDT000212230.2_genomic,"1,3,19"
GCA_006913645.1_PDT000167586.2_genomic,"1,3,19"
GCA_019383935.1_PDT001096869.1_genomic,"1,3,19"
GCA_006333625.1_PDT000482205.1_genomic,"1,3,19"
GCA_006344635.1_PDT000167573.2_genomic,"1,3,19"
GCA_013634855.1_PDT000773567.1_genomic,"1,3,19"
GCA_015482225.1_PDT000889617.1_genomic,"1,3,19"
GCA_011451815.1_PDT000040322.3_genomic,"1,3,19"
GCA_011430955.1_PDT000654643.1_genomic,"1,3,19"
GCA_009329135.1_PDT000220667.2_genomic,"1,3,19"
GCA_005851365.1_PDT000489266.1_genomic,"1,3,19"
GCA_009248685.1_PDT000211890.2_genomic,"1,3,19"
GCA_015948025.1_ASM1594802v1_genomic,"1,3,19"
GCA_014960365.1_PDT000862498.1_genomic,"1,3,19"
GCA_011540695.1_PDT000685020.1_genomic,"1,3,19"
GCA_007157065.1_PDT000325929.1_genomic,"1,3,19"
GCA_010265185.1_PDT000486993.1_genomic,"1,3,19"
GCA_006906945.1_PDT000143871.2_genomic,"1,3,19"
GCA_006418055.1_PDT000520428.1_genomic,"1,3,19"
GCA_005687275.1_PDT000385271.1_genomic,"1,3,19"
GCA_006387495.1_PDT000046901.3_genomic,"1,3,19"
GCA_003913095.1_PDT000398472.1_genomic,"1,3,19"
GCA_009508305.1_PDT000245659.2_genomic,"1,3,19"
GCA_014537525.1_PDT000836055.1_genomic,"1,3,19"
GCA_006571605.1_PDT000225797.2_genomic,"1,3,19"
GCA_004221555.1_PDT000060755.2_genomic,"1,3,19"
GCA_006756105.1_PDT000059053.3_genomic,"1,3,19"
GCA_006922615.1_PDT000167569.2_genomic,"1,3,19"
GCA_009122465.1_PDT000187704.2_genomic,"1,3,19"
GCA_006902465.1_PDT000133876.2_genomic,"1,3,19"
GCA_020977405.1_PDT001184611.1_genomic,"1,3,19"
GCA_005932015.1_PDT000000483.2_genomic,"1,3,19"
GCA_006307465.1_PDT000268018.2_genomic,"1,3,19"
GCA_006312385.1_PDT000282241.2_genomic,"1,3,19"
GCA_011001875.1_PDT000687728.1_genomic,"1,3,19"
GCA_011271425.1_PDT000671253.1_genomic,"1,3,19"
GCA_009149205.1_PDT000608102.1_genomic,"1,3,19"
GCA_006009145.1_PDT000038522.2_genomic,"1,3,19"
GCA_008004905.1_PDT000048747.2_genomic,"1,3,19"
GCA_011795965.1_PDT000685087.1_genomic,"1,3,19"
GCA_015599185.1_PDT000892712.1_genomic,"1,3,19"
GCA_005904105.1_PDT000485239.1_genomic,"1,3,19"
GCA_015174465.1_PDT000873808.1_genomic,"1,3,19"
GCA_012106095.1_PDT000719962.1_genomic,"1,3,19"
GCA_011633705.1_PDT000027678.3_genomic,"1,3,19"
GCA_005898605.1_PDT000025460.4_genomic,"1,3,19"
GCA_013688055.1_PDT000767475.1_genomic,"1,3,19"
GCA_005581715.1_PDT000459691.1_genomic,"1,3,19"
GCA_010824405.1_PDT000645168.1_genomic,"1,3,19"
GCA_008061515.1_PDT000055781.2_genomic,"1,3,19"
GCA_005722785.1_PDT000435596.1_genomic,"1,3,19"
GCA_011170535.1_PDT000296492.2_genomic,"1,3,19"
GCA_008475925.1_PDT000128771.2_genomic,"1,3,19"
GCA_009548175.1_PDT000237216.2_genomic,"1,3,19"
GCA_013583935.1_PDT000788375.2_genomic,"1,3,19"
GCA_010558825.1_PDT000050272.2_genomic,"1,3,19"
GCA_006694445.1_PDT000086480.3_genomic,"1,3,19"
GCA_006028155.1_PDT000127137.2_genomic,"1,3,19"
GCA_007626475.1_PDT000544930.1_genomic,"1,3,19"
GCA_010777315.1_PDT000293352.2_genomic,"1,3,19"
GCA_006631265.1_PDT000053770.3_genomic,"1,3,19"
GCA_006292255.1_PDT000316779.1_genomic,"1,3,19"
GCA_006009665.1_PDT000039123.2_genomic,"1,3,19"
GCA_017880465.1_PDT000998303.1_genomic,"1,3,19"
GCA_000263295.1_SE-SS209_genomic,"1,3,19"
GCA_008188205.1_PDT000574090.1_genomic,"1,3,19"
GCA_008512235.1_PDT000585112.1_genomic,"1,3,19"
GCA_017106245.1_PDT000973890.1_genomic,"1,3,19"
GCA_011181475.1_PDT000629356.1_genomic,"1,3,19"
GCA_006207445.1_PDT000300432.2_genomic,"1,3,19"
GCA_007590375.1_PDT000458897.1_genomic,"1,3,19"
GCA_005666755.1_PDT000480465.1_genomic,"1,3,19"
GCA_017192715.1_PDT000943216.1_genomic,"1,3,19"
GCA_013593665.1_PDT000789516.1_genomic,"1,3,19"
GCA_005727475.1_PDT000415757.1_genomic,"1,3,19"
GCA_006027395.1_PDT000123430.2_genomic,"1,3,19"
GCA_008117985.1_PDT000081570.2_genomic,"1,3,19"
GCA_011357465.1_PDT000671223.1_genomic,"1,3,19"
GCA_008829185.1_PDT000115344.2_genomic,"1,3,19"
GCA_018312435.1_PDT001022358.1_genomic,"1,3,19"
GCA_007270595.1_PDT000345102.1_genomic,"1,3,19"
GCA_006043435.1_PDT000185572.2_genomic,"1,3,19"
GCA_008824325.1_PDT000107251.2_genomic,"1,3,19"
GCA_009291725.1_PDT000214427.2_genomic,"1,3,19"
GCA_010975295.1_PDT000625890.1_genomic,"1,3,19"
GCA_001479465.1_Salmonella_enterica_CVM_N32755-R_v1.0_genomic,"1,3,19"
GCA_010541045.1_PDT000110761.2_genomic,"1,3,19"
GCA_017566965.1_PDT000989367.1_genomic,"1,3,19"
GCA_008027655.1_PDT000045967.3_genomic,"1,3,19"
GCF_002052615.1_ASM205261v1_genomic,"1,3,19"
GCA_009524115.1_PDT000269235.2_genomic,"1,3,19"
GCA_018178815.1_PDT001014400.1_genomic,"1,3,19"
GCA_008729835.1_PDT000097079.2_genomic,"1,3,19"
GCA_006059875.1_PDT000217417.2_genomic,"1,3,19"
GCA_011302455.1_PDT000679085.1_genomic,"1,3,19"
GCA_006940235.1_PDT000171612.2_genomic,"1,3,19"
GCA_019086125.1_PDT001080158.1_genomic,"1,3,19"
GCA_008759495.1_PDT000593973.1_genomic,"1,3,19"
GCA_005628115.1_PDT000405219.1_genomic,"1,3,19"
GCA_005943405.1_PDT000048754.2_genomic,"1,3,19"
GCA_005737655.1_PDT000480510.1_genomic,"1,3,19"
GCA_008472685.1_PDT000121252.2_genomic,"1,3,19"
GCA_011304755.1_PDT000679136.1_genomic,"1,3,19"
GCA_003917355.1_PDT000405138.1_genomic,"1,3,19"
GCA_006631165.1_PDT000058374.3_genomic,"1,3,19"
GCA_020483805.1_PDT001150305.1_genomic,"1,3,19"
GCA_008774915.1_PDT000595990.1_genomic,"1,3,19"
GCA_011589045.1_PDT000629689.1_genomic,"1,3,19"
GCA_008574725.1_PDT000059159.2_genomic,"1,3,19"
GCA_007142645.1_PDT000318599.1_genomic,"1,3,19"
GCA_019520385.1_ASM1952038v1_genomic,"1,3,19"
GCA_015131455.1_PDT000855069.1_genomic,"1,3,19"
GCA_006812725.1_PDT000052243.3_genomic,"1,3,19"
GCA_006746345.1_PDT000414754.2_genomic,"1,3,19"
GCA_004223185.1_PDT000356684.1_genomic,"1,3,19"
GCA_014917875.1_PDT000859384.1_genomic,"1,3,19"
GCA_011986485.1_PDT000718206.1_genomic,"1,3,19"
GCA_010661805.1_PDT000043905.3_genomic,"1,3,19"
GCA_019382935.1_PDT001096925.1_genomic,"1,3,19"
GCA_007273135.1_PDT000345315.1_genomic,"1,3,19"
GCA_012003005.1_PDT000717249.1_genomic,"1,3,19"
GCA_006967545.1_PDT000211356.2_genomic,"1,3,19"
GCA_005727095.1_PDT000415615.1_genomic,"1,3,19"
GCA_004188035.1_PDT000336548.1_genomic,"1,3,19"
GCA_010900995.1_PDT000310801.2_genomic,"1,3,19"
GCA_007255635.1_PDT000340274.1_genomic,"1,3,19"
GCA_009194185.1_PDT000201240.2_genomic,"1,3,19"
GCA_011460515.1_PDT000003503.3_genomic,"1,3,19"
GCA_011795705.1_PDT000685110.1_genomic,"1,3,19"
GCA_006918575.1_PDT000171480.2_genomic,"1,3,19"
GCA_013636295.1_PDT000773503.1_genomic,"1,3,19"
GCA_018703785.1_PDT001058115.1_genomic,"1,3,19"
GCA_018244615.1_PDT001017929.1_genomic,"1,3,19"
GCA_006136055.1_PDT000233861.2_genomic,"1,3,19"
GCA_007641395.1_PDT000310998.2_genomic,"1,3,19"
GCA_006940755.1_PDT000171613.2_genomic,"1,3,19"
GCA_020490735.1_PDT001150501.1_genomic,"1,3,19"
GCA_005902225.1_PDT000416416.1_genomic,"1,3,19"
GCA_016625615.1_PDT000931675.1_genomic,"1,3,19"
GCA_010422285.1_PDT000000390.3_genomic,"1,3,19"
GCA_008853025.1_PDT000122564.2_genomic,"1,3,19"
GCA_005668455.1_PDT000482374.1_genomic,"1,3,19"
GCF_002507745.2_ASM250774v2_genomic,"1,3,19"
GCA_019975675.1_PDT001129563.1_genomic,"1,3,19"
GCA_006071615.1_PDT000227877.2_genomic,"1,3,19"
GCA_007404945.1_PDT000452865.1_genomic,"1,3,19"
GCA_008837025.1_PDT000125804.2_genomic,"1,3,19"
GCA_019382875.1_PDT001096926.1_genomic,"1,3,19"
GCA_011534265.1_PDT000625895.1_genomic,"1,3,19"
GCA_016140395.1_PDT000917923.1_genomic,"1,3,19"
GCA_011573545.1_PDT000629691.1_genomic,"1,3,19"
GCA_011810405.1_PDT000685109.1_genomic,"1,3,19"
GCA_007685185.1_PDT000477386.1_genomic,"1,3,19"
GCA_009543015.1_PDT000258226.2_genomic,"1,3,19"
GCA_006256615.1_PDT000274683.2_genomic,"1,3,19"
GCA_006846425.1_PDT000037226.2_genomic,"1,3,19"
GCA_006635925.1_PDT000187556.2_genomic,"1,3,19"
GCA_015036315.1_PDT000869277.1_genomic,"1,3,19"
GCA_007064445.1_PDT000244125.2_genomic,"1,3,19"
GCA_018284415.1_PDT001019513.1_genomic,"1,3,19"
GCA_016314655.1_PDT000368561.1_genomic,"1,3,19"
GCA_006296565.1_PDT000517786.1_genomic,"1,3,19"
GCA_008492065.1_PDT000287168.2_genomic,"1,3,19"
GCA_006556385.1_PDT000321455.1_genomic,"1,3,19"
GCA_020272685.1_PDT000791997.1_genomic,"1,3,19"
GCA_017658615.1_PDT000993025.1_genomic,"1,3,19"
GCA_006380645.2_ASM638064v2_genomic,"1,3,19"
GCA_008883615.1_PDT000128910.2_genomic,"1,3,19"
GCA_008002705.1_PDT000047143.3_genomic,"1,3,19"
GCA_011606125.1_PDT000285016.2_genomic,"1,3,19"
GCA_006934475.1_PDT000323045.1_genomic,"1,3,19"
GCA_005440255.1_PDT000343473.1_genomic,"1,3,19"
GCA_002031755.1_ASM203175v1_genomic,"1,3,19"
GCA_005683635.1_PDT000363954.1_genomic,"1,3,19"
GCA_019990995.1_ASM1999099v1_genomic,"1,3,19"
GCA_006016455.1_PDT000060505.2_genomic,"1,3,19"
GCA_007281515.1_PDT000350091.1_genomic,"1,3,19"
GCA_008115605.1_PDT000071637.2_genomic,"1,3,19"
GCA_011406615.1_PDT000001525.3_genomic,"1,3,19"
GCA_005839465.1_PDT000478900.1_genomic,"1,3,19"
GCA_018362375.1_PDT001025985.1_genomic,"1,3,19"
GCA_007838115.1_PDT000128304.2_genomic,"1,3,19"
GCA_011433155.1_PDT000200267.2_genomic,"1,3,19"
GCA_007383445.1_PDT000422652.1_genomic,"1,3,19"
GCA_008761415.1_PDT000594066.1_genomic,"1,3,19"
GCA_011639835.1_PDT000625893.1_genomic,"1,3,19"
GCA_011313395.1_PDT000566915.1_genomic,"1,3,19"
GCA_007187965.1_PDT000098696.2_genomic,"1,3,19"
GCA_018832585.1_PDT001065484.1_genomic,"1,3,19"
GCA_017499515.1_PDT000988062.1_genomic,"1,3,19"
GCA_010962235.1_PDT000052213.2_genomic,"1,3,19"
GCA_006117525.1_PDT000219359.2_genomic,"1,3,19"
GCA_006134725.1_PDT000233871.2_genomic,"1,3,19"
GCA_010533865.1_PDT000037500.3_genomic,"1,3,19"
GCA_007033305.1_PDT000226759.2_genomic,"1,3,19"
GCA_007203495.1_PDT000330871.1_genomic,"1,3,19"
GCA_006038255.1_PDT000167562.2_genomic,"1,3,19"
GCA_008117145.1_PDT000072542.2_genomic,"1,3,19"
GCA_009335775.1_PDT000222357.2_genomic,"1,3,19"
GCA_003909395.1_PDT000336432.1_genomic,"1,3,19"
GCA_021085285.1_PDT001197778.1_genomic,"1,3,19"
GCA_007556335.1_PDT000282600.2_genomic,"1,3,19"
GCA_006757205.1_PDT000081581.3_genomic,"1,3,19"
GCA_007569045.1_PDT000306615.2_genomic,"1,3,19"
GCA_004768605.1_ASM476860v1_genomic,"1,3,19"
GCA_011687315.1_PDT000689878.1_genomic,"1,3,19"
GCA_011795885.1_PDT000685086.1_genomic,"1,3,19"
GCA_007742815.1_PDT000048182.4_genomic,"1,3,19"
GCA_006865525.1_PDT000003248.5_genomic,"1,3,19"
GCA_011114815.1_PDT000149551.2_genomic,"1,3,19"
GCA_020944145.1_PDT001176060.1_genomic,"1,3,19"
GCA_007142845.1_PDT000318933.1_genomic,"1,3,19"
GCA_002270335.1_ASM227033v1_genomic,"1,3,19"
GCA_006388465.1_PDT000047640.3_genomic,"1,3,19"
GCA_004276135.1_PDT000344256.1_genomic,"1,3,19"
GCA_005673955.1_PDT000496949.1_genomic,"1,3,19"
GCA_002061095.1_ASM206109v1_genomic,"1,3,19"
GCA_008068435.1_PDT000039685.3_genomic,"1,3,19"
GCA_013529355.1_PDT000791814.1_genomic,"1,3,19"
GCA_011479635.1_PDT000639117.1_genomic,"1,3,19"
GCA_010582885.1_PDT000286265.2_genomic,"1,3,19"
GCA_019235555.1_PDT001088169.1_genomic,"1,3,19"
GCA_017015275.1_PDT000961518.1_genomic,"1,3,19"
GCA_019908235.1_PDT001125710.1_genomic,"1,3,19"
GCA_007771565.1_PDT000334127.2_genomic,"1,3,19"
GCA_015380405.1_PDT000887911.1_genomic,"1,3,19"
GCA_011475115.1_PDT000637419.1_genomic,"1,3,19"
GCA_007752975.1_PDT000060250.2_genomic,"1,3,19"
GCA_016096775.1_PDT000913553.1_genomic,"1,3,19"
GCA_006094755.1_PDT000119803.3_genomic,"1,3,19"
GCA_006630745.1_PDT000003440.4_genomic,"1,3,19"
GCA_005750935.1_PDT000494800.1_genomic,"1,3,19"
GCA_011688155.1_PDT000688632.1_genomic,"1,3,19"
GCA_005400965.1_PDT000356698.1_genomic,"1,3,19"
GCA_007020465.1_PDT000217385.2_genomic,"1,3,19"
GCA_009106445.1_PDT000178551.2_genomic,"1,3,19"
GCA_005561935.1_PDT000413727.1_genomic,"1,3,19"
GCA_005953965.1_PDT000092990.2_genomic,"1,3,19"
GCA_005813165.1_PDT000415525.1_genomic,"1,3,19"
GCA_009284525.1_PDT000212760.2_genomic,"1,3,19"
GCA_008949005.1_PDT000149655.2_genomic,"1,3,19"
GCA_006948345.1_PDT000195648.2_genomic,"1,3,19"
GCA_007044945.1_PDT000233867.2_genomic,"1,3,19"
GCA_006163365.1_PDT000241179.2_genomic,"1,3,19"
GCA_007239195.1_PDT000337433.1_genomic,"1,3,19"
GCA_020132005.1_PDT001134655.1_genomic,"1,3,19"
GCA_018601255.1_PDT001049911.1_genomic,"1,3,19"
GCA_006760025.1_PDT000127609.3_genomic,"1,3,19"
GCA_010974615.1_PDT000654638.1_genomic,"1,3,19"
GCA_008674655.1_PDT000104821.2_genomic,"1,3,19"
GCA_011157435.1_PDT000307825.2_genomic,"1,3,19"
GCA_011640175.1_PDT000051437.2_genomic,"1,3,19"
GCA_019105985.1_PDT001081541.1_genomic,"1,3,19"
GCA_011510845.1_PDT000708050.1_genomic,"1,3,19"
GCA_011447235.1_PDT000031425.3_genomic,"1,3,19"
GCA_006127455.1_PDT000230401.2_genomic,"1,3,19"
GCA_011485185.1_PDT000003519.3_genomic,"1,3,19"
GCA_006984825.1_PDT000345278.1_genomic,"1,3,19"
GCA_005534135.1_PDT000234635.2_genomic,"1,3,19"
GCA_014598775.1_PDT000836991.1_genomic,"1,3,19"
GCA_008778795.1_PDT000594500.1_genomic,"1,3,19"
GCA_007528445.1_PDT000476835.1_genomic,"1,3,19"
GCA_006902905.1_PDT000134004.2_genomic,"1,3,19"
GCA_020728885.1_PDT001167452.1_genomic,"1,3,19"
GCA_019601715.1_PDT001109070.1_genomic,"1,3,19"
GCA_005755695.1_PDT000000522.2_genomic,"1,3,19"
GCA_004188015.1_PDT000339110.1_genomic,"1,3,19"
GCA_007781245.1_PDT000412204.1_genomic,"1,3,19"
GCA_005758445.1_PDT000307095.2_genomic,"1,3,19"
GCA_004220305.1_PDT000405196.1_genomic,"1,3,19"
GCA_005980185.1_PDT000171632.2_genomic,"1,3,19"
GCA_008377065.1_PDT000582902.1_genomic,"1,3,19"
GCA_013497355.1_PDT000784522.1_genomic,"1,3,19"
GCA_011082225.1_PDT000025164.5_genomic,"1,3,19"
GCA_012657295.1_PDT000722562.1_genomic,"1,3,19"
GCA_005846365.1_PDT000482383.1_genomic,"1,3,19"
GCA_010946175.1_PDT000567702.1_genomic,"1,3,19"
GCA_007649655.1_PDT000345235.1_genomic,"1,3,19"
GCA_005621735.1_PDT000391232.1_genomic,"1,3,19"
GCA_020962355.1_PDT001183152.1_genomic,"1,3,19"
GCA_011519885.1_PDT000311820.2_genomic,"1,3,19"
GCA_008005845.1_PDT000047142.3_genomic,"1,3,19"
GCA_005596535.1_PDT000487941.1_genomic,"1,3,19"
GCA_010947655.1_PDT000002076.3_genomic,"1,3,19"
GCA_021051965.1_PDT001196027.1_genomic,"1,3,19"
GCA_008784765.1_PDT000594585.1_genomic,"1,3,19"
GCA_005993525.1_PDT000200567.2_genomic,"1,3,19"
GCA_008918365.1_PDT000602093.1_genomic,"1,3,19"
GCA_001975445.1_ASM197544v1_genomic,"1,3,19"
GCA_006940195.1_PDT000171616.2_genomic,"1,3,19"
GCA_013566335.1_PDT000781428.1_genomic,"1,3,19"
GCA_006885805.1_PDT000085426.2_genomic,"1,3,19"
GCA_006159625.1_PDT000238286.2_genomic,"1,3,19"
GCA_007070425.1_PDT000244770.2_genomic,"1,3,19"
GCA_009499475.1_PDT000237156.2_genomic,"1,3,19"
GCA_007247315.1_PDT000339408.1_genomic,"1,3,19"
GCA_008468985.1_PDT000111612.2_genomic,"1,3,19"
GCA_011527245.1_PDT000001503.3_genomic,"1,3,19"
GCA_006411905.1_PDT000520067.1_genomic,"1,3,19"
GCA_014554475.1_PDT000834422.1_genomic,"1,3,19"
GCA_007022785.1_PDT000219289.2_genomic,"1,3,19"
GCA_017280455.1_PDT000842086.1_genomic,"1,3,19"
GCA_008675675.1_PDT000096625.2_genomic,"1,3,19"
GCA_006939115.1_PDT000171481.2_genomic,"1,3,19"
GCA_011461075.1_PDT000001572.3_genomic,"1,3,19"
GCA_009120085.1_PDT000178953.2_genomic,"1,3,19"
GCA_008030075.1_PDT000041091.3_genomic,"1,3,19"
GCA_003889445.1_PDT000330494.1_genomic,"1,3,19"
GCA_011142115.1_PDT000300910.2_genomic,"1,3,19"
GCA_008915145.1_PDT000140125.2_genomic,"1,3,19"
GCA_009359995.1_PDT000218533.2_genomic,"1,3,19"
GCA_006990015.1_PDT000383250.1_genomic,"1,3,19"
GCA_005764355.1_PDT000381854.1_genomic,"1,3,19"
GCA_019476875.1_PDT001104061.1_genomic,"1,3,19"
GCA_014962185.1_PDT000867302.1_genomic,"1,3,19"
GCA_017572205.1_ASM1757220v1_genomic,"1,3,19"
GCA_006780345.1_PDT000356063.1_genomic,"1,3,19"
GCA_005997125.1_PDT000243644.2_genomic,"1,3,19"
GCA_005935545.1_PDT000038552.2_genomic,"1,3,19"
GCA_008115565.1_PDT000066972.2_genomic,"1,3,19"
GCA_020191265.1_PDT001140505.1_genomic,"1,3,19"
GCA_006857385.1_PDT000045501.2_genomic,"1,3,19"
GCA_009998725.1_PDT000043907.3_genomic,"1,3,19"
GCA_008722255.1_PDT000592680.1_genomic,"1,3,19"
GCA_015924155.1_PDT000897783.1_genomic,"1,3,19"
GCA_015139875.1_PDT000872765.1_genomic,"1,3,19"
GCA_011794685.1_PDT000685091.1_genomic,"1,3,19"
GCA_014724295.1_PDT000843228.1_genomic,"1,3,19"
GCA_004188135.1_PDT000338001.1_genomic,"1,3,19"
GCA_019516445.1_ASM1951644v1_genomic,"1,3,19"
GCA_006103295.1_PDT000176616.2_genomic,"1,3,19"
GCA_006707145.1_PDT000323428.1_genomic,"1,3,19"
GCA_008407445.1_PDT000108232.2_genomic,"1,3,19"
GCA_013579135.1_PDT000794466.1_genomic,"1,3,19"
GCA_008032715.1_PDT000557380.1_genomic,"1,3,19"
GCA_007413505.1_PDT000455531.1_genomic,"1,3,19"
GCA_018177995.1_PDT001014339.1_genomic,"1,3,19"
GCA_007623475.1_PDT000544785.1_genomic,"1,3,19"
GCA_014949445.1_PDT000863472.1_genomic,"1,3,19"
GCA_006411275.1_PDT000520037.1_genomic,"1,3,19"
GCA_021026535.1_PDT001187927.1_genomic,"1,3,19"
GCA_008390395.1_PDT000584048.1_genomic,"1,3,19"
GCA_005715175.1_PDT000422145.1_genomic,"1,3,19"
GCA_005867985.1_PDT000501110.1_genomic,"1,3,19"
GCA_008005565.1_PDT000044524.3_genomic,"1,3,19"
GCA_011089805.1_PDT000002727.3_genomic,"1,3,19"
GCA_010972455.1_PDT000135905.2_genomic,"1,3,19"
GCA_006010585.1_PDT000037547.2_genomic,"1,3,19"
GCA_012163775.1_PDT000720544.1_genomic,"1,3,19"
GCA_005659115.1_PDT000465336.1_genomic,"1,3,19"
GCA_006680235.1_PDT000375136.1_genomic,"1,3,19"
GCA_006215075.1_PDT000496561.1_genomic,"1,3,19"
GCA_007746115.1_PDT000041668.4_genomic,"1,3,19"
GCA_007212575.1_PDT000332906.1_genomic,"1,3,19"
GCA_000486975.1_ASM48697v1_genomic,"1,3,19"
GCA_007472595.1_PDT000052228.3_genomic,"1,3,19"
GCA_021052805.1_PDT001196009.1_genomic,"1,3,19"
GCA_009478025.1_PDT000237215.2_genomic,"1,3,19"
GCF_049944175.1_ASM4994417v1_genomic,"1,3,19"
GCA_000806865.1_CFSAN024723_01.0_genomic,"1,3,19"
GCA_007100465.1_PDT000266887.2_genomic,"1,3,19"
GCA_010283525.1_PDT000486988.1_genomic,"1,3,19"
GCA_006482645.1_PDT000525844.1_genomic,"1,3,19"
GCA_014368625.1_PDT000801395.1_genomic,"1,3,19"
GCA_005730995.1_PDT000454746.1_genomic,"1,3,19"
GCA_014349455.1_ASM1434945v1_genomic,"1,3,19"
GCA_008002605.1_PDT000047074.3_genomic,"1,3,19"
GCA_019919245.1_PDT001125982.1_genomic,"1,3,19"
GCA_006345505.1_PDT000167551.2_genomic,"1,3,19"
GCA_006158265.1_PDT000086603.3_genomic,"1,3,19"
GCA_013588795.1_PDT000774873.1_genomic,"1,3,19"
GCA_018933955.1_PDT001071873.1_genomic,"1,3,19"
GCA_011797475.1_PDT000685377.1_genomic,"1,3,19"
GCA_007427065.1_PDT000466267.1_genomic,"1,3,19"
GCA_000487655.1_ASM48765v1_genomic,"1,3,19"
GCA_006919135.1_PDT000171635.2_genomic,"1,3,19"
GCA_006072055.1_PDT000227889.2_genomic,"1,3,19"
GCA_002053045.1_ASM205304v1_genomic,"1,3,19"
GCA_011360665.1_PDT000671408.1_genomic,"1,3,19"
GCA_007657735.1_PDT000458974.1_genomic,"1,3,19"
GCA_006847805.1_PDT000037912.2_genomic,"1,3,19"
GCA_014951635.1_PDT000862624.1_genomic,"1,3,19"
GCA_006214525.1_PDT000465070.1_genomic,"1,3,19"
GCA_007204875.1_PDT000112792.2_genomic,"1,3,19"
GCA_011473015.1_PDT000638990.1_genomic,"1,3,19"
GCA_015114615.1_PDT000855473.1_genomic,"1,3,19"
GCA_007486385.1_PDT000294668.2_genomic,"1,3,19"
GCA_011381605.1_PDT000682024.1_genomic,"1,3,19"
GCA_006738345.1_PDT000368312.1_genomic,"1,3,19"
GCA_009854805.1_CRJJGF_00124_v1.0_genomic,"1,3,19"
GCA_019089045.1_PDT001080245.1_genomic,"1,3,19"
GCA_010131615.1_PDT000271137.2_genomic,"1,3,19"
GCA_007266505.1_PDT000342886.1_genomic,"1,3,19"
GCA_007237355.1_PDT000336549.1_genomic,"1,3,19"
GCA_011263095.1_PDT000664160.1_genomic,"1,3,19"
GCA_020213105.1_PDT001141818.1_genomic,"1,3,19"
GCA_016574475.1_PDT000678836.1_genomic,"1,3,19"
GCA_006805345.1_PDT000047998.5_genomic,"1,3,19"
GCA_005936565.1_PDT000039493.2_genomic,"1,3,19"
GCA_006860545.1_PDT000041962.3_genomic,"1,3,19"
GCA_007229515.1_PDT000130381.2_genomic,"1,3,19"
GCA_007229715.1_PDT000130383.2_genomic,"1,3,19"
GCA_009218205.1_PDT000207501.2_genomic,"1,3,19"
GCA_011613505.1_PDT000628768.1_genomic,"1,3,19"
GCA_007664925.1_PDT000470400.1_genomic,"1,3,19"
GCA_006454155.1_PDT000522406.1_genomic,"1,3,19"
GCA_007563805.1_PDT000296096.2_genomic,"1,3,19"
GCA_006859785.1_PDT000049176.2_genomic,"1,3,19"
GCA_006629605.1_PDT000041084.2_genomic,"1,3,19"
GCA_020847835.1_PDT001170359.1_genomic,"1,3,19"
GCA_007070045.1_PDT000244785.2_genomic,"1,3,19"
GCA_009499215.1_PDT000236937.2_genomic,"1,3,19"
GCA_020974205.1_PDT001183231.1_genomic,"1,3,19"
GCA_014577575.1_PDT000728704.1_genomic,"1,3,19"
GCA_017567005.1_PDT000989366.1_genomic,"1,3,19"
GCA_006099275.1_PDT000143873.2_genomic,"1,3,19"
GCA_006256515.1_PDT000274657.2_genomic,"1,3,19"
GCA_003030105.1_ASM303010v1_genomic,"1,3,19"
GCA_010922915.1_PDT000035601.3_genomic,"1,3,19"
GCA_006847845.1_PDT000037558.2_genomic,"1,3,19"
GCA_006308985.1_PDT000274656.2_genomic,"1,3,19"
GCA_007196125.1_PDT000114352.2_genomic,"1,3,19"
GCA_007627315.1_PDT000068694.2_genomic,"1,3,19"
GCA_007204155.1_PDT000112641.2_genomic,"1,3,19"
GCA_006855145.1_PDT000042434.3_genomic,"1,3,19"
GCA_003073535.1_ASM307353v1_genomic,"1,3,19"
GCA_007290015.1_PDT000376528.1_genomic,"1,3,19"
GCA_011446975.1_PDT000026829.3_genomic,"1,3,19"
GCA_007675775.1_PDT000475633.1_genomic,"1,3,19"
GCA_006793385.1_PDT000368496.1_genomic,"1,3,19"
GCA_005665315.1_PDT000479087.1_genomic,"1,3,19"
GCA_020233565.1_PDT001143328.1_genomic,"1,3,19"
GCA_007749035.1_PDT000050280.2_genomic,"1,3,19"
GCA_006163685.1_PDT000241520.2_genomic,"1,3,19"
GCA_008824905.1_PDT000107250.2_genomic,"1,3,19"
GCA_018261515.1_PDT001018133.1_genomic,"1,3,19"
GCA_014992565.1_PDT000863964.1_genomic,"1,3,19"
GCA_007815135.1_PDT000047599.4_genomic,"1,3,19"
GCA_006097195.1_PDT000125348.2_genomic,"1,3,19"
GCA_010859965.1_PDT000639341.1_genomic,"1,3,19"
GCA_007907425.1_PDT000465519.1_genomic,"1,3,19"
GCA_010427405.1_PDT000178944.2_genomic,"1,3,19"
GCA_007294355.1_PDT000378342.1_genomic,"1,3,19"
GCA_007834295.1_PDT000043952.2_genomic,"1,3,19"
GCA_017879705.1_PDT000998336.1_genomic,"1,3,19"
GCA_005577285.1_PDT000447533.1_genomic,"1,3,19"
GCF_050473465.1_ASM5047346v1_genomic,"1,3,19"
GCA_006667445.1_PDT000360746.1_genomic,"1,3,19"
GCA_006343615.1_PDT000518601.1_genomic,"1,3,19"
GCA_007826845.1_PDT000330431.2_genomic,"1,3,19"
GCF_037083085.1_ASM3708308v1_genomic,"1,3,19"
GCA_016442005.1_PDT000925328.1_genomic,"1,3,19"
GCA_009401745.1_PDT000229991.2_genomic,"1,3,19"
GCA_015540625.1_PDT000892052.1_genomic,11
GCA_008527855.1_PDT000213123.2_genomic,11
GCA_005676935.1_PDT000113098.2_genomic,11
GCA_006318125.1_PDT000297127.2_genomic,11
GCA_006953865.1_PDT000163722.2_genomic,11
GCA_020078145.1_PDT001134146.1_genomic,11
GCA_006024035.1_PDT000095568.3_genomic,11
GCA_016298645.1_PDT000920980.1_genomic,11
GCA_011102835.1_PDT000115371.2_genomic,11
GCA_013508675.1_PDT000784125.1_genomic,11
GCA_006902345.1_PDT000133233.2_genomic,11
GCA_006092875.1_PDT000096760.2_genomic,11
GCA_006840505.1_PDT000001157.2_genomic,11
GCA_007848115.1_PDT000549620.1_genomic,11
GCA_007283355.1_PDT000350669.1_genomic,11
GCA_011416135.1_PDT000000350.4_genomic,11
GCA_006880845.1_PDT000093048.2_genomic,11
GCA_011527385.1_PDT000053352.2_genomic,11
GCA_006912455.1_PDT000152267.2_genomic,11
GCA_008378365.1_PDT000583096.1_genomic,11
GCA_014249895.1_PDT000814713.1_genomic,11
GCA_006017555.1_PDT000060412.2_genomic,11
GCA_020265405.1_PDT001143735.1_genomic,11
GCA_005958165.1_PDT000100192.2_genomic,11
GCA_013631915.1_PDT000773734.1_genomic,11
GCA_006089075.1_PDT000060440.2_genomic,11
GCA_006043695.1_PDT000187356.2_genomic,11
GCA_006852205.1_PDT000042144.2_genomic,11
GCA_003067945.1_ASM306794v1_genomic,11
GCA_011336485.1_PDT000672075.1_genomic,11
GCA_005534715.1_PDT000196562.2_genomic,11
GCA_011529565.1_PDT000282423.2_genomic,11
GCA_006888285.1_PDT000096766.2_genomic,11
GCA_007269855.1_PDT000345058.1_genomic,11
GCA_011600505.1_PDT000282633.2_genomic,11
GCA_006887825.1_PDT000098611.2_genomic,11
GCA_007076645.1_PDT000250958.2_genomic,11
GCA_016350045.1_PDT000922597.1_genomic,11
GCA_001835365.1_ASM183536v1_genomic,11
GCA_006888645.1_PDT000096778.2_genomic,11
GCA_011208045.1_PDT000664594.1_genomic,11
GCA_015481445.1_PDT000889737.1_genomic,11
GCA_006905025.1_PDT000140694.2_genomic,11
GCA_008655335.1_PDT000095513.2_genomic,11
GCA_003900335.1_PDT000349820.1_genomic,11
GCA_019362595.1_ASM1936259v1_genomic,11
GCA_019556815.1_PDT001101972.1_genomic,11
GCA_007511405.1_PDT000458857.1_genomic,11
GCA_009370215.1_PDT000226008.2_genomic,11
GCA_005956335.1_PDT000096765.2_genomic,11
GCA_005559855.1_PDT000410319.1_genomic,11
GCA_006943325.1_PDT000179287.2_genomic,11
GCA_019361835.1_ASM1936183v1_genomic,11
GCA_019517705.1_ASM1951770v1_genomic,11
GCA_014573035.1_PDT000727267.1_genomic,11
GCF_900456285.1_46983_E02_genomic,11
GCA_011225025.1_PDT000674576.1_genomic,11
GCA_007296975.1_PDT000378447.1_genomic,11
GCA_004220625.1_PDT000265947.2_genomic,11
GCA_008971465.1_PDT000603737.1_genomic,11
GCA_005898985.1_PDT000002148.3_genomic,11
GCA_007591685.1_PDT000459977.1_genomic,11
GCA_020220695.1_PDT001143278.1_genomic,11
GCA_015010275.1_PDT000859181.2_genomic,11
GCA_005940845.1_PDT000043912.2_genomic,11
GCA_006598965.1_PDT000350157.1_genomic,11
GCA_014993605.1_PDT000862780.1_genomic,11
GCA_006035135.1_PDT000201061.2_genomic,11
GCA_006188145.1_PDT000278808.2_genomic,11
GCA_010294865.1_PDT000602308.1_genomic,11
GCA_015100735.1_PDT000855712.1_genomic,11
GCA_013540775.1_PDT000781724.1_genomic,11
GCA_008825005.1_PDT000122133.2_genomic,11
GCA_010757675.1_PDT000199405.2_genomic,11
GCA_011448255.1_PDT000029775.3_genomic,11
GCA_011507145.1_PDT000706370.1_genomic,11
GCA_007743035.1_PDT000046917.5_genomic,11
GCA_010664565.1_PDT000002108.2_genomic,11
GCA_005909665.1_PDT000504657.1_genomic,11
GCA_008825745.1_PDT000598934.1_genomic,11
GCA_007743935.1_PDT000042220.4_genomic,11
GCA_006141875.1_PDT000237194.2_genomic,11
GCA_017264375.1_PDT000938854.1_genomic,11
GCA_004223685.1_PDT000216224.2_genomic,11
GCA_006869865.1_PDT000060432.2_genomic,11
GCA_005898205.1_PDT000393149.1_genomic,11
GCA_020097955.1_PDT001135890.1_genomic,11
GCA_008437445.1_PDT000233476.2_genomic,11
GCA_006943985.1_PDT000187381.2_genomic,11
GCA_006890365.1_PDT000103628.2_genomic,11
GCA_009492985.1_PDT000234757.2_genomic,11
GCA_005957425.1_PDT000098676.2_genomic,11
GCA_007269915.1_PDT000345110.1_genomic,11
GCA_018037645.1_PDT000888272.1_genomic,11
GCA_011296495.1_PDT000674215.1_genomic,11
GCA_006658245.1_PDT000350853.1_genomic,11
GCA_019784445.1_PDT001117327.1_genomic,11
GCA_010458685.1_PDT000641568.1_genomic,11
GCA_009515015.1_PDT000250340.2_genomic,11
GCA_019596795.1_PDT001108883.1_genomic,11
GCF_013401735.1_ASM1340173v1_genomic,11
GCA_013585245.1_PDT000788977.1_genomic,11
GCA_006871745.1_PDT000064681.2_genomic,11
GCA_020346905.1_PDT001145820.1_genomic,11
GCA_018770945.1_PDT001063241.1_genomic,11
GCA_006098505.1_PDT000142554.2_genomic,11
GCA_019517645.1_ASM1951764v1_genomic,11
GCA_010498995.1_PDT000148962.2_genomic,11
GCA_007021685.1_PDT000217510.2_genomic,11
GCA_009855325.1_CRJJGF_00152_v1.0_genomic,11
GCA_019065085.1_PDT001078890.1_genomic,11
GCA_006955805.1_PDT000187738.2_genomic,11
GCA_006938425.1_PDT000157326.2_genomic,11
GCA_010506175.1_PDT000034274.3_genomic,11
GCA_015205895.1_PDT000851154.1_genomic,11
GCA_006113585.1_PDT000211528.2_genomic,11
GCA_006968105.1_PDT000211401.2_genomic,11
GCA_006511225.1_PDT000263825.2_genomic,11
GCA_005974245.1_PDT000157376.2_genomic,11
GCA_006868625.1_PDT000060220.3_genomic,11
GCA_020234855.1_PDT001142200.1_genomic,11
GCA_005974185.1_PDT000152701.2_genomic,11
GCA_006956685.1_PDT000152268.2_genomic,11
GCA_005970505.1_PDT000140687.2_genomic,11
GCA_006101095.1_PDT000152703.2_genomic,11
GCA_007175215.1_PDT000330685.1_genomic,11
GCA_007054205.1_PDT000237306.2_genomic,11
GCA_006888045.1_PDT000096793.2_genomic,11
GCA_017957175.1_PDT001005550.1_genomic,11
GCA_009359415.1_PDT000617680.1_genomic,11
GCA_019160635.1_PDT001082957.1_genomic,11
GCA_013656675.1_PDT000771578.1_genomic,11
GCA_007055125.1_PDT000239378.2_genomic,11
GCA_005605695.1_PDT000000438.2_genomic,11
GCA_013789915.1_PDT000750371.1_genomic,11
GCA_003069285.1_ASM306928v1_genomic,11
GCA_021069645.1_PDT001197142.1_genomic,11
GCA_014431765.1_PDT000196560.2_genomic,11
GCA_019640215.1_PDT001109693.1_genomic,11
GCA_006239265.1_PDT000258144.2_genomic,11
GCA_007081415.1_PDT000253112.2_genomic,11
GCA_010558185.1_PDT000085399.2_genomic,11
GCA_008676775.1_PDT000098795.2_genomic,11
GCA_011345565.1_PDT000677146.1_genomic,11
GCA_006645345.1_PDT000329145.1_genomic,11
GCA_008263705.1_PDT000576769.1_genomic,11
GCA_003067965.1_ASM306796v1_genomic,11
GCA_013648875.1_PDT000772931.1_genomic,11
GCA_014245455.1_PDT000815885.1_genomic,11
GCA_006852845.1_PDT000040773.2_genomic,11
GCA_006603945.1_PDT000353979.1_genomic,11
GCA_005615425.1_PDT000384390.1_genomic,11
GCA_019364465.1_ASM1936446v1_genomic,11
GCA_007273265.1_PDT000347573.1_genomic,11
GCA_003739745.1_PDT000398672.1_genomic,11
GCA_006019875.1_PDT000069232.2_genomic,11
GCA_007820655.1_PDT000334766.1_genomic,11
GCA_010405215.1_PDT000658567.1_genomic,11
GCA_005987505.1_PDT000187399.2_genomic,11
GCA_015448425.1_PDT000887890.1_genomic,11
GCA_011448175.1_PDT000034045.3_genomic,11
GCA_011286965.1_PDT000682273.1_genomic,11
GCA_010503675.1_PDT000064757.2_genomic,11
GCA_015168495.1_PDT000871839.1_genomic,11
GCA_006093215.1_PDT000098230.2_genomic,11
GCA_006039755.1_PDT000167621.2_genomic,11
GCA_020643905.1_PDT001162086.1_genomic,11
GCA_020111275.1_PDT001135769.1_genomic,11
GCA_005413015.1_PDT000081565.4_genomic,11
GCA_016848065.1_PDT000930363.1_genomic,11
GCA_007112225.1_PDT000276986.2_genomic,11
GCA_006454075.1_PDT000522430.1_genomic,11
GCA_004247825.1_PDT000407466.1_genomic,11
GCA_011203515.1_PDT000671113.1_genomic,11
GCA_004223565.1_PDT000096725.3_genomic,11
GCA_005809565.1_PDT000410774.1_genomic,11
GCA_014998445.1_PDT000863918.1_genomic,11
GCA_003913955.1_PDT000402815.1_genomic,11
GCA_020968535.1_PDT001184045.1_genomic,11
GCA_007747615.1_PDT000027705.3_genomic,11
GCA_016310245.1_PDT000921905.1_genomic,11
GCA_013553925.1_PDT000794600.1_genomic,11
GCA_020278545.1_PDT001143280.1_genomic,11
GCA_006871825.1_PDT000065336.2_genomic,11
GCA_006869205.1_PDT000060244.2_genomic,11
GCA_006059915.1_PDT000219423.2_genomic,11
GCA_006428635.1_PDT000521649.1_genomic,11
GCA_005411735.1_PDT000216291.2_genomic,11
GCA_017343335.1_PDT000983040.1_genomic,11
GCA_020618155.1_PDT001161361.1_genomic,11
GCA_011225745.1_PDT000674536.1_genomic,11
GCA_011229115.1_PDT000674503.1_genomic,11
GCA_006093115.1_PDT000098229.2_genomic,11
GCA_011466125.1_PDT000707536.1_genomic,11
GCA_013584955.1_PDT000788999.1_genomic,11
GCA_010642905.1_PDT000032620.3_genomic,11
GCA_008829385.1_PDT000122136.2_genomic,11
GCA_019092865.1_PDT001080280.1_genomic,11
GCA_005957365.1_PDT000098677.2_genomic,11
GCA_010936475.1_PDT000630693.1_genomic,11
GCF_903930875.1_9710_11_genomic,11
GCA_017091285.1_PDT000950214.1_genomic,11
GCA_014126285.1_PDT000804460.1_genomic,11
GCA_011225815.1_PDT000674318.1_genomic,11
GCA_008617875.1_PDT000085400.2_genomic,11
GCA_013548815.1_PDT000794598.1_genomic,11
GCA_003117475.1_ASM311747v1_genomic,11
GCA_020077265.1_PDT001134018.1_genomic,11
GCA_014612855.1_PDT000837839.1_genomic,11
GCA_005529155.1_PDT000457157.1_genomic,11
GCA_008655415.1_PDT000095516.2_genomic,11
GCA_006868825.1_PDT000052697.2_genomic,11
GCA_011985665.1_PDT000718285.1_genomic,11
GCA_016565305.1_PDT000051887.2_genomic,11
GCA_006115785.1_PDT000216152.2_genomic,11
GCA_010373415.1_PDT000042271.4_genomic,11
GCA_005897505.1_PDT000096720.6_genomic,11
GCA_019472685.1_PDT001104357.1_genomic,11
GCA_019360615.1_ASM1936061v1_genomic,11
GCA_006042115.1_PDT000178884.2_genomic,11
GCA_011221715.1_PDT000674317.1_genomic,11
GCA_020122405.1_PDT001136504.1_genomic,11
GCA_011239175.1_PDT000678355.1_genomic,11
GCA_009327255.1_PDT000220042.2_genomic,11
GCA_010901595.1_PDT000313264.2_genomic,11
GCA_006897485.1_PDT000114465.2_genomic,11
GCA_009540335.1_PDT000259926.2_genomic,11
GCA_001831995.1_ASM183199v1_genomic,11
GCA_008971705.1_PDT000603852.1_genomic,11
GCA_007766575.1_PDT000292553.3_genomic,11
GCA_013563895.1_PDT000788049.1_genomic,11
GCA_018505585.1_PDT001047273.1_genomic,11
GCA_020134345.1_PDT001134538.1_genomic,11
GCA_013789165.1_PDT000750411.1_genomic,11
GCA_001835135.1_ASM183513v1_genomic,11
GCA_005939185.1_PDT000041558.2_genomic,11
GCA_006691725.1_PDT000049782.3_genomic,11
GCA_001833705.1_ASM183370v1_genomic,11
GCA_011102795.1_PDT000105589.2_genomic,11
GCA_006913055.1_PDT000038238.3_genomic,11
GCA_002054595.1_ASM205459v1_genomic,11
GCA_016096555.1_PDT000913569.1_genomic,11
GCA_019833945.1_PDT001120378.1_genomic,11
GCA_018255635.1_PDT001017887.1_genomic,11
GCA_005981725.1_PDT000176591.2_genomic,11
GCA_005952825.1_PDT000085489.2_genomic,11
GCA_013650695.1_PDT000772062.1_genomic,11
GCA_020038585.1_PDT001133057.1_genomic,11
GCA_005992485.1_PDT000198080.2_genomic,11
GCA_004190965.1_PDT000044408.2_genomic,11
GCA_020964475.1_PDT001183494.1_genomic,11
GCA_020201815.1_PDT001140557.1_genomic,11
GCA_014518985.1_PDT000833713.1_genomic,11
GCA_011382085.1_PDT000682116.1_genomic,11
GCA_006173285.1_PDT000258137.2_genomic,11
GCA_006526315.1_PDT000463931.1_genomic,11
GCA_010733615.1_PDT000133965.2_genomic,11
GCA_015124075.1_PDT000871671.1_genomic,11
GCA_005607955.1_PDT000231089.2_genomic,11
GCA_006089715.1_PDT000065339.2_genomic,11
GCA_016724545.1_PDT000938398.1_genomic,11
GCA_000486585.2_ASM48658v2_genomic,11
GCA_003902075.1_PDT000381349.1_genomic,11
GCA_011449455.1_PDT000033617.3_genomic,11
GCA_006099575.1_PDT000147418.2_genomic,11
GCA_020038665.1_PDT001133049.1_genomic,11
GCA_001833735.1_ASM183373v1_genomic,11
GCA_006188185.1_PDT000278876.2_genomic,11
GCA_010638545.1_PDT000026272.3_genomic,11
GCA_016733885.1_PDT000938708.1_genomic,11
GCA_006860265.1_PDT000041534.3_genomic,11
GCA_013632395.1_PDT000773708.1_genomic,11
GCA_006114625.1_PDT000211183.2_genomic,11
GCA_004222845.1_PDT000137165.3_genomic,11
GCA_019522585.1_PDT001106594.1_genomic,11
GCA_006926595.1_PDT000187389.2_genomic,11
GCA_007602315.1_PDT000473779.1_genomic,11
GCA_020729365.1_PDT001167416.1_genomic,11
GCA_010458845.1_PDT000024490.4_genomic,11
GCA_011283965.1_PDT000674568.1_genomic,11
GCA_006345055.2_PDT000108026.3_genomic,11
GCA_003869375.1_PDT000031579.3_genomic,11
GCA_006456745.1_PDT000522705.1_genomic,11
GCA_011225875.1_PDT000674269.1_genomic,11
GCA_006056675.1_PDT000213632.2_genomic,11
GCA_006034295.1_PDT000152338.2_genomic,11
GCA_011536905.1_PDT000292514.2_genomic,11
GCA_017060415.1_PDT000951937.1_genomic,11
GCA_015847375.1_PDT000905156.1_genomic,11
GCA_020961235.1_PDT001183351.1_genomic,11
GCA_020729405.1_PDT001167402.1_genomic,11
GCA_008824845.1_PDT000598867.1_genomic,11
GCA_010745915.1_PDT000654662.1_genomic,11
GCA_006910185.1_PDT000146625.2_genomic,11
GCA_008428885.1_PDT000151252.2_genomic,11
GCA_006012085.1_PDT000041866.2_genomic,11
GCA_011339565.1_PDT000674248.1_genomic,11
GCA_005975925.1_PDT000157323.2_genomic,11
GCA_015225805.1_PDT000878001.1_genomic,11
GCA_006562745.1_PDT000355967.1_genomic,11
GCA_014073855.1_PDT000802413.1_genomic,11
GCA_017221835.1_PDT000940946.1_genomic,11
GCA_019639955.1_PDT001109651.1_genomic,11
GCA_008473965.1_PDT000125455.2_genomic,11
GCA_004225945.1_PDT000098597.2_genomic,11
GCA_006248135.1_PDT000253281.2_genomic,11
GCA_006011205.1_PDT000039035.2_genomic,11
GCA_003871475.1_PDT000129666.2_genomic,11
GCA_011491945.1_PDT000708083.1_genomic,11
GCA_007075155.1_PDT000248251.2_genomic,11
GCA_010676605.1_PDT000031515.3_genomic,11
GCA_008824945.1_PDT000107275.2_genomic,11
GCA_006854725.1_PDT000042151.2_genomic,11
GCA_013723125.1_PDT000764412.1_genomic,11
GCA_011645975.1_PDT000624177.1_genomic,11
GCA_007187495.1_PDT000095538.2_genomic,11
GCA_004257365.1_PDT000055305.2_genomic,11
GCA_006077835.1_PDT000509267.1_genomic,11
GCA_011407635.1_PDT000029778.3_genomic,11
GCA_011466995.1_PDT000707630.1_genomic,11
GCA_006505775.1_PDT000248134.2_genomic,11
GCA_011241115.1_PDT000678397.1_genomic,11
GCA_006869835.1_PDT000060441.2_genomic,11
GCA_006907785.1_PDT000142548.2_genomic,11
GCA_010555425.1_PDT000098793.2_genomic,11
GCA_014458435.1_PDT000828115.1_genomic,11
GCA_008394775.1_PDT000584604.1_genomic,11
GCA_007251655.1_PDT000339586.1_genomic,11
GCA_005677555.1_PDT000094890.2_genomic,11
GCA_013726835.1_PDT000763082.1_genomic,11
GCA_018171315.1_PDT001012113.1_genomic,11
GCA_019709235.1_PDT001113783.1_genomic,11
GCA_006879845.1_PDT000093315.2_genomic,11
GCA_010658345.1_PDT000003052.4_genomic,11
GCA_015251195.1_PDT000880352.1_genomic,11
GCA_006019055.1_PDT000065346.2_genomic,11
GCA_005937105.1_PDT000039945.2_genomic,11
GCA_011243825.1_PDT000679606.1_genomic,11
GCA_005979045.1_PDT000163725.2_genomic,11
GCA_006422775.1_PDT000521411.1_genomic,11
GCA_017334945.1_PDT000983638.1_genomic,11
GCA_021016155.1_PDT001187430.1_genomic,11
GCA_020078985.1_PDT001134002.1_genomic,11
GCA_006100955.1_PDT000152842.2_genomic,11
GCA_018080465.1_PDT001007434.1_genomic,11
GCA_007176515.1_PDT000330795.1_genomic,11
GCA_007071005.1_PDT000245742.2_genomic,11
GCA_011114195.1_PDT000199404.2_genomic,11
GCA_016134105.1_PDT000918092.1_genomic,11
GCA_005985865.1_PDT000187179.2_genomic,11
GCA_013119765.1_PDT000739603.1_genomic,11
GCA_008009005.1_PDT000032574.2_genomic,11
GCA_006834495.1_PDT000373111.1_genomic,11
GCA_006455885.1_PDT000522622.1_genomic,11
GCA_016563345.1_PDT000140123.2_genomic,11
GCA_019363035.1_ASM1936303v1_genomic,11
GCA_019921305.1_PDT001126195.1_genomic,11
GCA_007635835.1_PDT000292761.2_genomic,11
GCA_006944065.1_PDT000187139.2_genomic,11
GCA_006888505.1_PDT000100198.2_genomic,11
GCA_009596795.1_PDT000622781.1_genomic,11
GCA_006633585.1_PDT000186929.2_genomic,11
GCA_006978785.1_PDT000330623.1_genomic,11
GCA_005897585.1_PDT000096752.5_genomic,11
GCA_006025675.1_PDT000108315.2_genomic,11
GCA_014432135.1_PDT000196551.2_genomic,11
GCA_016563305.1_PDT000146636.2_genomic,11
GCA_006036795.1_PDT000154704.2_genomic,11
GCA_019797185.1_PDT001118218.1_genomic,11
GCA_007022045.1_PDT000216270.2_genomic,11
GCA_007177255.1_PDT000024406.7_genomic,11
GCA_017027715.1_PDT000955064.1_genomic,11
GCA_020136995.1_PDT001114779.1_genomic,11
GCA_008011235.1_PDT000039618.2_genomic,11
GCA_018502865.1_PDT001047393.1_genomic,11
GCA_006117165.1_PDT000216413.2_genomic,11
GCA_011687155.1_PDT000690981.1_genomic,11
GCA_006907845.1_PDT000142553.2_genomic,11
GCA_001833725.1_ASM183372v1_genomic,11
GCA_006988315.1_PDT000382396.1_genomic,11
GCA_011173355.1_PDT000294509.2_genomic,11
GCA_005916685.1_PDT000503551.1_genomic,11
GCA_010694685.1_PDT000001501.2_genomic,11
GCA_007873825.1_PDT000551196.1_genomic,11
GCA_017342695.1_PDT000983079.1_genomic,11
GCA_015379365.1_PDT000888019.1_genomic,11
GCA_006090585.1_PDT000069216.2_genomic,11
GCA_011222175.1_PDT000674452.1_genomic,11
GCA_006880065.1_PDT000094807.2_genomic,11
GCA_013632875.1_PDT000773681.1_genomic,11
GCA_007021885.1_PDT000216337.2_genomic,11
GCA_005954045.1_PDT000093069.2_genomic,11
GCF_002064005.1_ASM206400v1_genomic,11
GCA_006013445.1_PDT000042137.2_genomic,11
GCA_011225015.1_PDT000674390.1_genomic,11
GCA_009349055.1_PDT000616780.1_genomic,11
GCA_011446815.1_PDT000024497.3_genomic,11
GCA_003118395.1_ASM311839v1_genomic,11
GCA_006888925.1_PDT000098657.2_genomic,11
GCA_013723265.1_PDT000764401.1_genomic,11
GCA_010164415.1_PDT000278858.2_genomic,11
GCA_017340215.1_PDT000983234.1_genomic,11
GCA_006635865.1_PDT000187040.2_genomic,11
GCA_005954085.1_PDT000093068.2_genomic,11
GCA_019289115.1_PDT001092687.1_genomic,11
GCA_010682825.1_PDT000160731.2_genomic,11
GCA_019353315.1_PDT001096604.1_genomic,11
GCA_003071025.1_ASM307102v1_genomic,11
GCA_019388115.1_PDT001097447.1_genomic,11
GCA_006939655.1_PDT000162765.2_genomic,11
GCA_014604695.1_PDT000836637.1_genomic,11
GCA_010135325.1_PDT000275424.2_genomic,11
GCA_011417375.1_PDT000052820.2_genomic,11
GCA_007059085.1_PDT000240007.2_genomic,11
GCA_008619275.1_PDT000088522.2_genomic,11
GCA_013789725.1_PDT000750374.1_genomic,11
GCA_006047755.1_PDT000197754.2_genomic,11
GCA_003874815.1_PDT000292579.2_genomic,11
GCA_015083535.1_PDT000856677.1_genomic,11
GCA_001832545.1_ASM183254v1_genomic,11
GCA_007023165.1_PDT000219449.2_genomic,11
GCA_002053085.1_ASM205308v1_genomic,11
GCA_005532405.1_PDT000002414.2_genomic,11
GCA_006019855.1_PDT000069223.2_genomic,11
GCA_010164455.1_PDT000278878.2_genomic,11
GCA_006100975.1_PDT000157411.2_genomic,11
GCA_005532655.1_PDT000025221.2_genomic,11
GCA_011340005.1_PDT000674496.1_genomic,11
GCA_005533715.1_PDT000152702.2_genomic,11
GCA_007821675.1_PDT000479285.1_genomic,11
GCA_020834145.1_PDT001173297.1_genomic,11
GCA_011164915.1_PDT000312216.2_genomic,11
GCA_010824745.1_PDT000644426.1_genomic,11
GCA_010913375.1_PDT000641959.1_genomic,11
GCA_006887185.1_PDT000096769.2_genomic,11
GCA_010837545.1_PDT000649274.1_genomic,11
GCA_006575965.1_PDT000317463.1_genomic,11
GCA_006674925.1_PDT000367963.2_genomic,11
GCA_007920615.1_PDT000553690.1_genomic,11
GCA_005656575.1_PDT000457177.1_genomic,11
GCA_006886725.1_PDT000095574.6_genomic,11
GCA_016243595.1_PDT000920075.1_genomic,11
GCA_010805905.1_PDT000658951.1_genomic,11
GCA_017523105.1_PDT000987260.1_genomic,11
GCA_010666685.1_PDT000039683.3_genomic,11
GCA_006888235.1_PDT000096762.2_genomic,11
GCA_013756035.1_PDT000760415.1_genomic,11
GCA_012287505.1_PDT000722032.1_genomic,11
GCA_014948325.1_PDT000861688.1_genomic,11
GCA_017843475.1_PDT001001490.1_genomic,11
GCA_014535135.1_PDT000836134.1_genomic,11
GCA_008014035.1_PDT000001218.2_genomic,11
GCA_013584535.1_PDT000788976.1_genomic,11
GCA_014788465.1_PDT000849064.1_genomic,11
GCA_014791665.1_PDT000848906.1_genomic,11
GCA_010482135.1_PDT000653316.1_genomic,11
GCA_008252925.1_PDT000574027.1_genomic,11
GCA_010688065.1_PDT000064797.2_genomic,11
GCA_006301755.1_PDT000250334.2_genomic,11
GCA_011629605.1_PDT000688195.1_genomic,11
GCA_015526685.1_PDT000891626.1_genomic,11
GCA_013556675.1_PDT000794691.1_genomic,11
GCA_004265185.1_PDT000394340.1_genomic,11
GCA_006889465.1_PDT000100203.2_genomic,11
GCA_006870185.1_PDT000060369.2_genomic,11
GCA_005963945.1_PDT000131959.2_genomic,11
GCA_005968825.1_PDT000143323.2_genomic,11
GCA_011744445.1_PDT000712718.1_genomic,11
GCA_016563625.1_PDT000115335.2_genomic,11
GCA_006957605.1_PDT000196555.2_genomic,11
GCA_005848265.1_PDT000485265.1_genomic,11
GCA_008837965.1_PDT000599347.1_genomic,11
GCA_011628845.1_PDT000688279.1_genomic,11
GCA_006013485.1_PDT000042150.2_genomic,11
GCA_005717795.1_PDT000416306.1_genomic,11
GCA_014610935.1_PDT000837367.1_genomic,11
GCA_005898665.1_PDT000003988.3_genomic,11
GCA_006972945.1_PDT000216183.2_genomic,11
GCA_011116015.1_PDT000197099.2_genomic,11
GCA_014720755.1_PDT000843528.1_genomic,11
GCA_006042595.1_PDT000179293.2_genomic,11
GCA_005948525.1_PDT000065354.2_genomic,11
GCA_015205035.1_PDT000851277.1_genomic,11
GCA_006043965.1_PDT000187394.2_genomic,11
GCA_019976515.1_PDT001129512.1_genomic,11
GCA_004219125.1_PDT000066384.2_genomic,11
GCA_014281515.1_PDT000819851.1_genomic,11
GCA_020972045.1_PDT001183454.1_genomic,11
GCA_007601425.1_PDT000473640.1_genomic,11
GCA_006949785.2_ASM694978v2_genomic,11
GCA_006883505.1_PDT000066386.2_genomic,11
GCA_011212675.1_PDT000665062.1_genomic,11
GCA_019045785.1_PDT001077905.1_genomic,11
GCA_020334035.1_PDT001145583.1_genomic,11
GCA_013569035.1_PDT000781214.1_genomic,11
GCA_008655375.1_PDT000095515.2_genomic,11
GCA_015482865.1_PDT000889565.1_genomic,11
GCA_006888385.1_PDT000096757.2_genomic,11
GCA_019759535.1_PDT001116683.1_genomic,11
GCA_003119675.1_ASM311967v1_genomic,11
GCA_011298795.1_PDT000677607.1_genomic,11
GCA_005958065.1_PDT000100188.2_genomic,11
GCA_013530855.1_PDT000783472.1_genomic,11
GCA_006023655.1_PDT000096615.2_genomic,11
GCA_006943925.1_PDT000187154.2_genomic,11
GCA_015041755.1_PDT000858788.1_genomic,11
GCA_020133155.1_PDT001134719.1_genomic,11
GCA_013800685.1_PDT000748832.1_genomic,11
GCA_006109595.1_PDT000203167.2_genomic,11
GCA_007808495.1_PDT000541986.1_genomic,11
GCA_006951565.1_PDT000199260.2_genomic,11
GCA_016564845.1_PDT000064714.2_genomic,11
GCA_011339665.1_PDT000674245.1_genomic,11
GCA_015348565.1_PDT000884909.1_genomic,11
GCA_014929525.1_PDT000865336.1_genomic,11
GCA_019360575.1_ASM1936057v1_genomic,11
GCA_007208495.1_PDT000331578.1_genomic,11
GCA_008394795.1_PDT000584599.1_genomic,11
GCA_020287905.1_PDT001144752.1_genomic,11
GCA_011609425.1_PDT000688268.1_genomic,11
GCA_010773695.1_PDT000259681.2_genomic,11
GCA_010816985.1_PDT000660073.1_genomic,11
GCA_020132465.1_PDT001134609.1_genomic,11
GCA_008263885.1_PDT000576799.1_genomic,11
GCA_010554065.1_PDT000081553.3_genomic,11
GCA_011559485.1_PDT000631486.1_genomic,11
GCA_006878825.1_PDT000068401.2_genomic,11
GCA_008088875.1_PDT000031774.3_genomic,11
GCA_006020075.1_PDT000066385.2_genomic,11
GCA_019517695.1_ASM1951769v1_genomic,11
GCA_006105555.1_PDT000184643.2_genomic,11
GCA_001834625.1_ASM183462v1_genomic,11
GCA_005972565.1_PDT000148626.2_genomic,11
GCA_019708935.1_PDT001113814.1_genomic,11
GCA_010981175.1_PDT000627069.1_genomic,11
GCA_005957335.1_PDT000098661.2_genomic,11
GCA_009470625.1_PDT000234845.2_genomic,11
GCA_014586335.1_PDT000724532.1_genomic,11
GCA_003912095.1_PDT000394653.1_genomic,11
GCA_014886135.1_PDT000851158.1_genomic,11
GCA_020717045.1_PDT001166947.1_genomic,11
GCA_006111675.1_PDT000207451.2_genomic,11
GCA_013713545.1_PDT000766754.1_genomic,11
GCA_006924175.1_PDT000181528.2_genomic,11
GCA_003068885.1_ASM306888v1_genomic,11
GCA_015041595.1_PDT000858787.1_genomic,11
GCA_007165525.1_PDT000328402.1_genomic,11
GCA_009380635.1_PDT000617366.1_genomic,11
GCA_011752405.1_PDT000707557.1_genomic,11
GCA_020505565.1_PDT001151115.1_genomic,11
GCA_005606095.1_PDT000038328.2_genomic,11
GCA_007396515.1_PDT000434249.1_genomic,11
GCA_012273475.1_ASM1227347v1_genomic,11
GCA_006887625.1_PDT000098679.2_genomic,11
GCA_006886645.1_PDT000094806.2_genomic,11
GCA_005435755.1_PDT000039429.2_genomic,11
GCA_013754155.1_PDT000760501.1_genomic,11
GCA_015834265.1_PDT000905688.1_genomic,11
GCA_006161825.1_PDT000240237.2_genomic,11
GCA_016437065.1_PDT000925611.1_genomic,11
GCA_005436055.1_PDT000100200.2_genomic,11
GCA_018354525.1_PDT001025807.1_genomic,11
GCA_006086495.1_PDT000001098.2_genomic,11
GCA_013728555.1_PDT000763070.1_genomic,11
GCA_007105105.1_PDT000273160.2_genomic,11
GCA_007493245.1_PDT000309353.2_genomic,11
GCA_011221655.1_PDT000674293.1_genomic,11
GCA_014613135.1_PDT000837822.1_genomic,11
GCA_006834765.1_PDT000373071.1_genomic,11
GCA_006875905.1_PDT000068759.3_genomic,11
GCA_011089265.1_PDT000002501.3_genomic,11
GCA_006023975.1_PDT000096770.2_genomic,11
GCA_010553145.1_PDT000205879.2_genomic,11
GCA_020956855.1_PDT001175473.1_genomic,11
GCA_019386255.1_PDT001096719.1_genomic,11
GCA_019917745.1_PDT001125923.1_genomic,11
GCA_019360555.1_ASM1936055v1_genomic,11
GCA_001833255.2_ASM183325v2_genomic,11
GCA_013549235.1_PDT000787513.1_genomic,11
GCA_014083205.1_PDT000802442.1_genomic,11
GCA_015524765.1_PDT000891008.1_genomic,11
GCA_006084515.1_PDT000025228.2_genomic,11
GCA_015251315.1_PDT000880113.1_genomic,11
GCA_007811275.1_PDT000542549.1_genomic,11
GCA_015180905.1_PDT000873522.1_genomic,11
GCA_006860765.1_PDT000025524.3_genomic,11
GCA_007207975.1_PDT000331694.1_genomic,11
GCA_005933335.1_PDT000035312.2_genomic,11
GCA_014520845.1_PDT000833528.1_genomic,11
GCA_013540325.1_PDT000781508.1_genomic,11
GCA_005436795.1_PDT000171668.2_genomic,11
GCA_010558925.1_PDT000093284.2_genomic,11
GCA_019951835.1_PDT001126715.1_genomic,11
GCA_006847345.1_PDT000037254.2_genomic,11
GCA_003873375.1_PDT000093104.2_genomic,11
GCA_011407095.1_PDT000058190.2_genomic,11
GCA_005958205.1_PDT000100191.2_genomic,11
GCA_005601475.1_PDT000495657.1_genomic,11
GCA_015250915.1_PDT000880390.1_genomic,11
GCA_015925005.1_PDT000897675.1_genomic,11
GCA_011502745.1_PDT000702885.1_genomic,11
GCA_005910805.1_PDT000501116.1_genomic,11
GCA_008088765.1_PDT000031891.3_genomic,11
GCA_006951185.1_PDT000201253.2_genomic,11
GCA_014578795.1_PDT000725341.1_genomic,11
GCF_005532935.1_ASM553293v2_genomic,11
GCA_006512735.1_PDT000268989.2_genomic,11
GCA_020098755.1_PDT001135812.1_genomic,11
GCA_006023595.1_PDT000096616.2_genomic,11
GCA_019994205.1_PDT001130223.1_genomic,11
GCA_006601305.1_PDT000353248.1_genomic,11
GCA_011348045.1_PDT000678602.1_genomic,11
GCA_007477365.1_PDT000276987.2_genomic,11
GCF_903930985.1_4178_15_genomic,11
GCA_011240235.1_PDT000678603.1_genomic,11
GCA_011476635.1_PDT000636777.1_genomic,11
GCA_005957485.1_PDT000098673.2_genomic,11
GCA_010749835.1_PDT000160738.2_genomic,11
GCA_006084175.1_PDT000039018.2_genomic,11
GCA_006912435.1_PDT000152340.2_genomic,11
GCA_001835155.1_ASM183515v1_genomic,11
GCA_013664055.1_PDT000770831.1_genomic,11
GCA_006930815.1_PDT000319345.1_genomic,11
GCA_006092975.1_PDT000095589.2_genomic,11
GCA_005680515.1_PDT000081608.4_genomic,11
GCA_006107955.1_PDT000199434.2_genomic,11
GCA_005435975.1_PDT000065334.2_genomic,11
GCA_003325135.1_ASM332513v1_genomic,11
GCA_006853465.1_PDT000041112.2_genomic,11
GCA_005756515.1_PDT000098646.2_genomic,11
GCA_018339055.1_ASM1833905v1_genomic,11
GCA_010185375.1_PDT000421860.1_genomic,11
GCA_006894765.1_PDT000105619.2_genomic,11
GCA_019437405.1_PDT001100515.1_genomic,11
GCA_006881925.1_PDT000093112.2_genomic,11
GCA_005934545.1_PDT000036347.2_genomic,11
GCA_017533445.1_PDT000987114.1_genomic,11
GCA_008118945.1_PDT000038179.3_genomic,11
GCA_013700085.1_PDT000767136.1_genomic,11
GCA_006888185.1_PDT000096759.2_genomic,11
GCA_006093615.2_PDT000108024.3_genomic,11
GCA_009473685.1_PDT000235596.2_genomic,11
GCA_020617205.1_PDT001161426.1_genomic,11
GCA_008594505.1_PDT000587657.1_genomic,11
GCA_013763505.1_PDT000760076.1_genomic,11
GCA_011612625.1_PDT000626927.1_genomic,11
GCA_006972605.1_PDT000216407.2_genomic,11
GCA_013617115.1_PDT000774196.1_genomic,11
GCA_005978465.1_PDT000163689.2_genomic,11
GCA_010794395.1_PDT000034222.3_genomic,11
GCA_010979635.1_PDT000291244.2_genomic,11
GCA_006053375.1_PDT000209356.2_genomic,11
GCA_006637225.1_PDT000232753.2_genomic,11
GCA_019943475.1_PDT001126878.1_genomic,11
GCA_007313415.1_PDT000384714.1_genomic,11
GCA_006043765.1_PDT000187582.2_genomic,11
GCA_006616845.1_PDT000365804.1_genomic,11
GCA_006117035.1_PDT000216396.2_genomic,11
GCA_006921615.1_PDT000176589.2_genomic,11
GCA_011440565.1_PDT000643399.1_genomic,11
GCA_005935145.1_PDT000039684.2_genomic,11
GCA_008809575.1_PDT000127699.2_genomic,11
GCA_007081585.1_PDT000256963.2_genomic,11
GCA_011339105.1_PDT000674315.1_genomic,11
GCA_014395605.1_PDT000822202.1_genomic,11
GCA_006685885.1_PDT000490260.2_genomic,11
GCA_019516865.1_ASM1951686v1_genomic,11
GCA_006032455.1_PDT000145147.2_genomic,11
GCA_011150775.1_PDT000302636.2_genomic,11
GCA_006852005.1_PDT000039948.2_genomic,11
GCA_008008285.1_PDT000034000.2_genomic,11
GCA_000487915.2_ASM48791v2_genomic,11
GCA_006155165.1_PDT000257069.2_genomic,11
GCA_004192315.1_PDT000341117.1_genomic,11
GCA_005533595.1_PDT000150573.2_genomic,11
GCA_005634415.1_PDT000488101.1_genomic,11
GCA_019751555.1_PDT001116250.1_genomic,11
GCA_009345475.1_PDT000616436.1_genomic,11
GCA_006101155.1_PDT000152328.2_genomic,11
GCA_015182185.1_PDT000873447.1_genomic,11
GCA_018726045.1_PDT001058742.1_genomic,11
GCA_010745875.1_PDT000654110.1_genomic,11
GCA_005957325.1_PDT000098644.2_genomic,11
GCA_010847905.1_PDT000663441.1_genomic,11
GCA_005677315.1_PDT000157325.2_genomic,11
GCA_010644485.1_PDT000042326.4_genomic,11
GCA_008543035.1_PDT000072788.4_genomic,11
GCA_014610815.1_PDT000837379.1_genomic,11
GCA_017844175.1_PDT001001446.1_genomic,11
GCA_014296005.1_PDT000820390.1_genomic,11
GCA_010890155.1_PDT000637119.1_genomic,11
GCA_015599085.1_PDT000892720.1_genomic,11
GCA_018945435.1_PDT001069402.1_genomic,11
GCA_010463385.1_PDT000643588.1_genomic,11
GCF_002052635.1_ASM205263v1_genomic,11
GCA_016545635.1_PDT000928359.1_genomic,11
GCA_006985465.1_PDT000345318.1_genomic,11
GCA_006022615.1_PDT000093049.2_genomic,11
GCA_006025555.1_PDT000108130.2_genomic,11
GCA_007098085.1_PDT000266182.2_genomic,11
GCA_010975045.1_ASM1097504v1_genomic,11
GCA_011467875.1_PDT000707621.1_genomic,11
GCA_005661055.1_PDT000343578.1_genomic,11
GCA_011301555.1_PDT000678590.1_genomic,11
GCA_006068375.1_PDT000225649.2_genomic,11
GCA_014135515.1_PDT000806489.1_genomic,11
GCA_013446755.1_PDT000792672.1_genomic,11
GCA_011335605.1_PDT000668565.2_genomic,11
GCA_019669525.1_PDT001110400.1_genomic,11
GCA_010534015.1_PDT000652057.1_genomic,11
GCA_008655235.1_PDT000095504.2_genomic,11
GCA_001834655.1_ASM183465v1_genomic,11
GCA_013770445.1_PDT000755737.1_genomic,11
GCA_007659945.1_PDT000464858.1_genomic,11
GCA_005757495.1_PDT000108053.2_genomic,11
GCA_008016115.1_PDT000001160.2_genomic,11
GCA_007488645.1_PDT000300456.2_genomic,11
GCA_006887025.1_PDT000096748.2_genomic,11
GCA_010557225.1_PDT000143894.2_genomic,11
GCA_006956785.1_PDT000150572.2_genomic,11
GCA_005950905.1_PDT000069193.2_genomic,11
GCA_015439615.1_PDT000888996.1_genomic,11
GCA_011624085.1_PDT000624702.1_genomic,11
GCA_006344985.1_PDT000096754.2_genomic,11
GCA_005524245.1_PDT000065343.2_genomic,11
GCA_014352575.1_PDT000826618.1_genomic,11
GCA_010972645.1_PDT000146632.2_genomic,11
GCA_005756495.1_PDT000095587.3_genomic,11
GCA_006504575.1_PDT000248125.2_genomic,11
GCA_001835405.1_ASM183540v1_genomic,11
GCA_006868485.1_PDT000060162.2_genomic,11
GCA_013498595.1_PDT000785395.1_genomic,11
GCA_008263465.1_PDT000576750.1_genomic,11
GCA_008492045.1_PDT000287139.2_genomic,11
GCA_009205605.1_PDT000203623.2_genomic,11
GCA_015855665.1_PDT000903337.1_genomic,11
GCA_006792165.1_PDT000331973.1_genomic,11
GCA_016563725.1_PDT000105004.2_genomic,11
GCA_005934225.1_PDT000002411.2_genomic,11
GCA_006204545.1_PDT000297122.2_genomic,11
GCA_006940995.1_PDT000163733.2_genomic,11
GCA_016442045.1_PDT000925336.1_genomic,11
GCA_016619345.1_PDT000931474.1_genomic,11
GCA_015290465.1_PDT000881127.1_genomic,11
GCA_015443155.1_PDT000888776.1_genomic,11
GCA_011003065.1_PDT000683516.1_genomic,11
GCA_013160145.1_PDT000744341.1_genomic,11
GCA_010693045.1_PDT000036721.2_genomic,11
GCA_013587075.1_PDT000794485.1_genomic,11
GCA_008196765.1_PDT000575175.1_genomic,11
GCA_005677635.1_PDT000096746.2_genomic,11
GCA_011443135.1_PDT000002098.2_genomic,11
GCA_020222415.1_PDT001142899.1_genomic,11
GCA_006505835.1_PDT000248130.2_genomic,11
GCA_007489585.1_PDT000302973.2_genomic,11
GCA_019851245.1_PDT001121325.1_genomic,11
GCA_013753035.1_PDT000760564.1_genomic,11
GCA_007064825.1_PDT000241618.2_genomic,11
GCA_006030975.1_PDT000142550.2_genomic,11
GCA_019517685.1_ASM1951768v1_genomic,11
GCA_021005815.1_PDT001187228.1_genomic,11
GCA_005437655.1_PDT000199198.2_genomic,11
GCA_001834965.2_ASM183496v2_genomic,11
GCA_019142825.1_PDT001082806.1_genomic,11
GCA_020209685.1_PDT001140410.1_genomic,11
GCA_005676075.1_PDT000069092.2_genomic,11
GCA_011503905.1_PDT000702883.1_genomic,11
GCA_015169235.1_PDT000871865.1_genomic,11
GCA_013774065.1_PDT000754274.1_genomic,11
GCA_019558095.1_PDT001101926.1_genomic,11
GCA_011146915.1_PDT000292542.2_genomic,11
GCA_005850145.1_PDT000487184.1_genomic,11
GCA_010513755.1_PDT000642912.1_genomic,11
GCA_006023955.1_PDT000096783.2_genomic,11
GCA_019918305.1_PDT001125997.1_genomic,11
GCA_014604415.1_PDT000836626.1_genomic,11
GCA_006094035.1_PDT000098610.2_genomic,11
GCA_006927255.1_PDT000197929.2_genomic,11
GCA_014979365.1_PDT000864169.1_genomic,11
GCA_019834005.1_PDT001120584.1_genomic,11
GCA_003069185.1_ASM306918v1_genomic,11
GCA_014952545.1_PDT000862596.1_genomic,11
GCA_014914735.1_PDT000859964.1_genomic,11
GCA_020618615.1_PDT001161334.1_genomic,11
GCA_006848325.1_PDT000038473.2_genomic,11
GCA_006147815.1_PDT000510744.1_genomic,11
GCA_006090415.1_PDT000068823.2_genomic,11
GCA_004224905.1_PDT000001300.3_genomic,11
GCA_017811995.1_PDT001000296.1_genomic,11
GCA_010746335.1_PDT000654648.1_genomic,11
GCA_002066715.1_ASM206671v1_genomic,11
GCA_020233985.1_PDT001142900.1_genomic,11
GCA_019559135.1_PDT001101842.1_genomic,11
GCA_007753375.1_PDT000060359.2_genomic,11
GCA_020134055.1_PDT001134565.1_genomic,11
GCA_003069205.1_ASM306920v1_genomic,11
GCA_006085995.1_PDT000041865.2_genomic,11
GCA_011138415.1_PDT000292551.2_genomic,11
GCA_006058175.1_PDT000216340.2_genomic,11
GCA_011534845.1_PDT000291224.2_genomic,11
GCA_008824925.1_PDT000110765.2_genomic,11
GCA_017222275.1_PDT000940926.1_genomic,11
GCA_005896375.1_PDT000096727.6_genomic,11
GCF_002054595.1_ASM205459v1_genomic,11
GCA_005897605.2_PDT000137177.4_genomic,11
GCA_007797055.1_PDT000533694.1_genomic,11
GCA_006011345.1_PDT000039283.2_genomic,11
GCA_007008915.1_PDT000335942.1_genomic,11
GCA_010429745.1_PDT000178766.2_genomic,11
GCA_008323625.1_PDT000579031.1_genomic,11
GCA_006008525.1_PDT000025198.2_genomic,11
GCA_007907105.1_PDT000001944.5_genomic,11
GCA_005677255.2_PDT000152950.3_genomic,11
GCA_019516525.1_ASM1951652v1_genomic,11
GCA_006899265.1_PDT000114464.2_genomic,11
GCA_013518595.1_PDT000784381.1_genomic,11
GCA_020111675.1_PDT001135763.1_genomic,11
GCA_021032065.1_PDT001188595.1_genomic,11
GCA_006213805.1_PDT000001573.3_genomic,11
GCA_006910645.1_PDT000148944.2_genomic,11
GCA_005677275.1_PDT000152341.2_genomic,11
GCA_017241355.1_PDT000939436.1_genomic,11
GCA_006888305.1_PDT000096773.2_genomic,11
GCA_005962785.1_PDT000127594.2_genomic,11
GCA_010513355.1_PDT000642928.1_genomic,11
GCA_011229175.1_PDT000674378.1_genomic,11
GCA_011531045.1_PDT000636761.1_genomic,11
GCA_006344965.1_PDT000096750.5_genomic,11
GCA_006078295.1_PDT000509545.1_genomic,11
GCA_014315775.1_PDT000821739.1_genomic,11
GCA_006036655.1_PDT000152841.2_genomic,11
GCA_010973165.1_PDT000077354.3_genomic,11
GCA_020978185.1_PDT001184612.1_genomic,11
GCA_010663365.1_PDT000058026.2_genomic,11
GCA_020837745.1_PDT001173484.1_genomic,11
GCA_010403635.1_PDT000642726.1_genomic,11
GCA_005948725.1_PDT000062627.2_genomic,11
GCA_006673845.1_PDT000365822.1_genomic,11
GCA_006929055.1_PDT000152839.2_genomic,11
GCA_006882245.1_PDT000093070.2_genomic,11
GCA_007020665.1_PDT000216161.2_genomic,11
GCA_010290585.1_PDT000602287.1_genomic,11
GCA_018532525.1_PDT001048432.1_genomic,11
GCF_001832065.1_ASM183206v1_genomic,11
GCA_003900255.1_PDT000349758.1_genomic,11
GCA_010914095.1_PDT000063385.2_genomic,11
GCA_006853065.1_PDT000041098.2_genomic,11
GCA_006059515.1_PDT000217455.2_genomic,11
GCF_001832145.1_ASM183214v1_genomic,11
GCA_005958245.1_PDT000100196.2_genomic,11
GCA_006896305.1_PDT000112627.2_genomic,11
GCA_005967125.1_PDT000142551.2_genomic,11
GCA_001832675.1_ASM183267v1_genomic,11
GCA_006889365.1_PDT000098619.2_genomic,11
GCA_005977445.1_PDT000162157.2_genomic,11
GCA_003077475.1_ASM307747v1_genomic,11
GCA_005677035.1_PDT000127595.2_genomic,11
GCA_006752765.1_PDT000034250.4_genomic,11
GCA_017572025.1_ASM1757202v1_genomic,11
GCA_014692265.1_PDT000729584.1_genomic,11
GCA_013118235.1_PDT000739703.1_genomic,11
GCA_011469255.1_PDT000707513.1_genomic,11
GCA_006722545.1_PDT000353959.1_genomic,11
GCA_011558115.1_PDT000634756.1_genomic,11
GCA_014074175.1_PDT000802474.1_genomic,11
GCA_010535655.1_PDT000002112.2_genomic,11
GCA_004176655.1_PDT000327492.1_genomic,11
GCA_019384875.1_PDT001096822.1_genomic,11
GCA_006943185.1_PDT000179284.2_genomic,11
GCA_017925315.1_PDT001004608.1_genomic,11
GCA_020697395.1_PDT001164683.1_genomic,11
GCA_008119005.1_PDT000038180.3_genomic,11
GCA_006637325.1_PDT000221372.2_genomic,11
GCA_020831105.1_PDT001173252.1_genomic,11
GCA_006150725.1_PDT000264186.2_genomic,11
GCA_010982755.1_PDT000292533.2_genomic,11
GCA_006055175.1_PDT000212294.2_genomic,11
GCA_006700425.1_PDT000306921.2_genomic,11
GCA_003868875.1_PDT000003064.3_genomic,11
GCA_006058235.1_PDT000216389.2_genomic,11
GCA_006021595.1_PDT000081820.2_genomic,11
GCA_013800085.1_PDT000748881.1_genomic,11
GCA_006752705.1_PDT000003580.4_genomic,11
GCA_019696225.1_PDT001112919.1_genomic,11
GCA_006554105.1_PDT000161243.2_genomic,11
GCA_006905205.1_PDT000142558.2_genomic,11
GCA_006955925.1_PDT000187978.2_genomic,11
GCA_020619575.1_PDT001161557.1_genomic,11
GCA_006115885.1_PDT000216263.2_genomic,11
GCA_009530095.1_PDT000265996.2_genomic,11
GCA_013724645.1_PDT000764371.1_genomic,11
GCA_014945205.1_PDT000862683.1_genomic,11
GCA_015173245.1_PDT000872843.1_genomic,11
GCA_010495675.1_PDT000195664.2_genomic,11
GCA_005964485.1_PDT000133231.2_genomic,11
GCA_003067465.1_ASM306746v1_genomic,11
GCA_006930195.1_PDT000316689.1_genomic,11
GCA_008429325.1_PDT000161259.2_genomic,11
GCA_016606905.1_PDT000930149.1_genomic,11
GCA_004221045.1_PDT000367985.1_genomic,11
GCA_006208705.1_PDT000303729.2_genomic,11
GCA_006940895.1_PDT000163715.2_genomic,11
GCF_028491885.1_ASM2849188v1_genomic,11
GCA_005957405.1_PDT000098680.2_genomic,11
GCA_011569785.1_PDT000294514.2_genomic,11
GCA_005677695.1_PDT000098612.2_genomic,11
GCA_006888865.1_PDT000098613.2_genomic,11
GCA_011339885.1_PDT000674410.1_genomic,11
GCA_007644805.1_PDT000339563.1_genomic,11
GCA_013780325.1_PDT000797403.1_genomic,11
GCA_005436115.1_PDT000081821.2_genomic,11
GCA_020978105.1_PDT001184632.1_genomic,11
GCA_006019195.1_PDT000065349.2_genomic,11
GCA_007756215.1_PDT000095501.3_genomic,11
GCA_020616275.1_PDT001161360.1_genomic,11
GCA_013780005.1_PDT000797424.1_genomic,11
GCA_019160835.1_PDT001082952.1_genomic,11
GCA_007466355.1_PDT000544386.1_genomic,11
GCA_010555325.1_PDT000069480.2_genomic,11
GCA_019725535.1_PDT001115207.1_genomic,11
GCA_008114345.1_PDT000062153.2_genomic,11
GCA_009067005.1_PDT000183176.2_genomic,11
GCA_008906465.1_PDT000131675.2_genomic,11
GCA_006883225.1_PDT000066170.2_genomic,11
GCA_006019535.1_PDT000069045.2_genomic,11
GCA_006883585.1_PDT000066320.2_genomic,11
GCA_008053195.1_PDT000055041.2_genomic,11
GCA_006111495.1_PDT000201254.2_genomic,11
GCA_015131335.1_PDT000855088.1_genomic,11
GCA_015205755.1_PDT000851170.1_genomic,11
GCA_007084785.1_PDT000257929.2_genomic,11
GCF_001832045.1_ASM183204v1_genomic,11
GCF_001832165.1_ASM183216v1_genomic,11
GCA_010530795.1_PDT000039484.3_genomic,11
GCA_006048355.1_PDT000199201.2_genomic,11
GCA_008676035.1_PDT000098121.3_genomic,11
GCA_014264445.1_PDT000817351.1_genomic,11
GCA_008240985.1_PDT000573077.1_genomic,11
GCA_006112765.1_PDT000210887.2_genomic,11
GCA_020716185.1_PDT001166984.1_genomic,11
GCA_005957525.1_PDT000098672.2_genomic,11
GCA_020548205.1_PDT001157123.7_genomic,11
GCF_049206365.1_ASM4920636v1_genomic,11
GCA_010643845.1_PDT000042298.4_genomic,11
GCA_006887765.1_PDT000098665.2_genomic,11
GCA_019497245.1_PDT001106156.1_genomic,11
GCA_014079585.1_PDT000802853.1_genomic,11
GCA_007551615.1_PDT000278695.2_genomic,11
GCA_006038415.1_PDT000171607.2_genomic,11
GCA_010449995.1_PDT000650706.1_genomic,11
GCA_008814045.1_PDT000598085.1_genomic,11
GCA_017094025.1_PDT000950200.1_genomic,11
GCA_008828985.1_PDT000112601.2_genomic,11
GCA_007097725.1_PDT000266587.2_genomic,11
GCF_001832675.1_ASM183267v1_genomic,11
GCA_005997105.1_PDT000237950.2_genomic,11
GCA_011300325.1_PDT000678264.1_genomic,11
GCF_049191765.1_ASM4919176v1_genomic,11
GCA_006090775.1_PDT000081826.2_genomic,11
GCA_006928375.1_PDT000199199.2_genomic,11
GCA_002064005.1_ASM206400v1_genomic,11
GCA_011079125.1_PDT000037291.3_genomic,11
GCA_005533675.1_PDT000152906.2_genomic,11
GCA_006094075.1_PDT000096240.2_genomic,11
GCA_003873675.1_PDT000092442.2_genomic,11
GCA_005974305.1_PDT000152846.2_genomic,11
GCA_005957465.1_PDT000098643.2_genomic,11
GCA_005606775.1_PDT000068408.2_genomic,11
GCA_007498125.1_PDT000323771.1_genomic,11
GCA_008669755.1_PDT000064603.4_genomic,11
GCA_011284165.1_PDT000674475.1_genomic,11
GCA_004225785.1_PDT000081794.2_genomic,11
GCA_013705015.1_PDT000796233.1_genomic,11
GCA_011339985.1_PDT000674420.1_genomic,11
GCA_019496685.1_PDT001106051.1_genomic,11
GCA_005412855.1_PDT000081585.4_genomic,11
GCA_013788345.1_PDT000750850.1_genomic,11
GCA_003068925.1_ASM306892v1_genomic,11
GCA_002054645.1_ASM205464v1_genomic,11
GCA_016095375.1_PDT000913575.1_genomic,11
GCA_006887645.1_PDT000100189.2_genomic,11
GCA_005970365.1_PDT000140695.2_genomic,11
GCA_007639075.1_PDT000303306.2_genomic,11
GCA_010962435.1_PDT000294492.2_genomic,11
GCA_018339755.1_ASM1833975v1_genomic,11
GCA_006812765.1_PDT000055947.3_genomic,11
GCA_006888425.1_PDT000096774.2_genomic,11
GCA_007675185.1_PDT000474385.1_genomic,11
GCA_014759585.1_PDT000144231.2_genomic,11
GCA_006972955.1_PDT000216239.2_genomic,11
GCA_006852865.1_PDT000041348.2_genomic,11
GCA_011237475.1_PDT000678275.1_genomic,11
GCA_011254575.1_PDT000681943.1_genomic,11
GCA_016443885.1_PDT000925232.1_genomic,11
GCA_006123555.1_PDT000225249.2_genomic,11
GCA_008113965.1_PDT000064779.3_genomic,11
GCA_004192515.1_PDT000025207.2_genomic,11
GCA_008008545.1_PDT000033878.2_genomic,11
GCA_007531225.1_PDT000479170.1_genomic,11
GCA_005450825.1_PDT000388637.1_genomic,11
GCA_011649655.1_PDT000282168.2_genomic,13
GCA_011567785.1_PDT000629975.1_genomic,13
GCA_010817445.1_PDT000649990.1_genomic,13
GCA_011740235.1_PDT000712463.1_genomic,13
GCA_013837285.1_PDT000797802.1_genomic,13
GCA_018039545.1_PDT000873622.1_genomic,13
GCA_008698055.1_PDT000232387.2_genomic,13
GCA_014291915.1_PDT000820012.1_genomic,13
GCA_004192835.1_PDT000048628.5_genomic,13
GCA_006465345.1_PDT000523879.1_genomic,13
GCA_014997865.1_PDT000863926.1_genomic,13
GCA_006397635.1_PDT000505155.1_genomic,13
GCA_020261725.1_PDT000837604.1_genomic,13
GCA_004218145.1_PDT000152247.2_genomic,13
GCA_020656055.1_PDT001163343.1_genomic,13
GCA_015852985.1_PDT000903506.1_genomic,13
GCA_005430635.1_PDT000482292.1_genomic,13
GCA_006661905.1_PDT000353741.1_genomic,13
GCA_020601075.1_PDT001160388.1_genomic,13
GCA_007527865.1_PDT000476736.1_genomic,13
GCA_003894975.1_PDT000384760.1_genomic,13
GCA_006635945.1_PDT000190209.2_genomic,13
GCA_007240615.1_PDT000337983.1_genomic,13
GCA_013448795.1_PDT000792745.1_genomic,13
GCA_019465835.1_PDT001104710.1_genomic,13
GCA_003742565.1_PDT000397340.1_genomic,13
GCA_010402735.1_PDT000650509.1_genomic,13
GCA_020424725.1_PDT001148775.1_genomic,13
GCA_019143175.1_PDT001082804.1_genomic,13
GCA_020046445.1_PDT001131920.1_genomic,13
GCA_010769395.1_PDT000213906.2_genomic,13
GCA_015178645.1_PDT000873612.1_genomic,13
GCA_015374865.1_PDT000885281.1_genomic,13
GCA_006145495.1_PDT000509216.1_genomic,13
GCA_019557055.1_PDT001102010.1_genomic,13
GCA_013106175.1_PDT000733725.1_genomic,13
GCA_006487285.1_PDT000526266.1_genomic,13
GCA_007366385.1_PDT000414321.1_genomic,13
GCA_006499895.1_PDT000245848.2_genomic,13
GCA_010508755.1_PDT000041415.2_genomic,13
GCA_006932795.1_PDT000320303.1_genomic,13
GCA_005759375.1_PDT000336248.1_genomic,13
GCA_015949675.1_ASM1594967v1_genomic,13
GCA_014345335.1_PDT000826631.1_genomic,13
GCA_019083665.1_PDT001079688.1_genomic,13
GCA_019647635.1_PDT001109959.1_genomic,13
GCA_010980435.1_PDT000626852.1_genomic,13
GCA_010541145.1_PDT000114412.2_genomic,13
GCA_019908935.1_PDT001125731.1_genomic,13
GCA_006893595.1_PDT000105622.2_genomic,13
GCA_014067115.1_PDT000802023.1_genomic,13
GCA_021071845.1_PDT001197251.1_genomic,13
GCA_013617675.1_PDT000774178.1_genomic,13
GCA_002045725.1_ASM204572v1_genomic,13
GCA_019697125.1_PDT001112988.1_genomic,13
GCA_014907685.1_PDT000861435.1_genomic,13
GCA_007826465.1_PDT000549417.1_genomic,13
GCA_020513355.1_PDT001151646.1_genomic,13
GCA_006113445.1_PDT000212253.2_genomic,13
GCA_010496475.1_PDT000303580.2_genomic,13
GCF_001569625.1_ASM156962v1_genomic,13
GCA_007951365.1_PDT000555744.1_genomic,13
GCA_010693945.1_PDT000041355.3_genomic,13
GCA_011145115.1_PDT000285663.2_genomic,13
GCA_020599655.1_PDT001160515.1_genomic,13
GCA_010541325.1_PDT000151798.2_genomic,13
GCA_019497965.1_PDT001106180.1_genomic,13
GCF_022603445.1_ASM2260344v1_genomic,13
GCA_011599525.1_PDT000623267.1_genomic,13
GCA_010470185.1_PDT000200682.2_genomic,13
GCA_008589265.1_PDT000587313.1_genomic,13
GCA_007452025.1_PDT000537694.1_genomic,13
GCA_020459185.1_PDT001149247.1_genomic,13
GCA_020823475.1_PDT001172617.1_genomic,13
GCA_007170835.1_PDT000329778.1_genomic,13
GCA_008700825.1_PDT000249343.2_genomic,13
GCA_006623265.1_PDT000368331.1_genomic,13
GCA_010529635.1_PDT000247289.2_genomic,13
GCA_007487985.1_PDT000300489.2_genomic,13
GCA_005951845.1_PDT000069312.2_genomic,13
GCA_020897695.1_PDT001178039.1_genomic,13
GCA_020262945.1_PDT000831796.1_genomic,13
GCA_018049565.1_PDT000843234.1_genomic,13
GCA_007363635.1_PDT000413183.1_genomic,13
GCA_006912835.1_PDT000153060.2_genomic,13
GCA_008591345.1_PDT000587428.1_genomic,13
GCA_018750915.1_PDT001058995.1_genomic,13
GCA_007338435.1_PDT000396258.1_genomic,13
GCA_010615625.1_PDT000269142.2_genomic,13
GCA_005684715.1_PDT000381976.1_genomic,13
GCA_008653375.1_PDT000085542.2_genomic,13
GCA_019277055.1_PDT001090737.1_genomic,13
GCA_018620055.1_PDT001057308.1_genomic,13
GCA_020705535.1_PDT001166746.1_genomic,13
GCA_006313725.1_PDT000283317.2_genomic,13
GCA_010973615.1_PDT000266056.2_genomic,13
GCA_019504025.1_PDT001105961.1_genomic,13
GCA_020772275.1_PDT001169069.1_genomic,13
GCA_010812825.1_PDT000639963.1_genomic,13
GCA_008439225.1_PDT000288319.2_genomic,13
GCA_018404155.1_PDT001040441.1_genomic,13
GCA_018016275.1_PDT000997206.1_genomic,13
GCA_019751705.1_PDT001116244.1_genomic,13
GCA_011147335.1_PDT000291087.2_genomic,13
GCA_006097415.1_PDT000127298.2_genomic,13
GCA_015241595.1_PDT000878004.1_genomic,13
GCA_008832365.1_PDT000110579.2_genomic,13
GCA_019004485.1_PDT001075678.1_genomic,13
GCA_010820205.1_PDT000655377.1_genomic,13
GCA_004268045.1_PDT000351613.1_genomic,13
GCA_008720815.1_PDT000592489.1_genomic,13
GCA_006932615.1_PDT000320004.1_genomic,13
GCA_014938165.1_PDT000862727.1_genomic,13
GCA_007709705.1_PDT000546525.1_genomic,13
GCA_015843395.1_PDT000905231.1_genomic,13
GCA_008653095.1_PDT000085287.2_genomic,13
GCA_020817295.1_PDT001172412.1_genomic,13
GCA_005719155.1_PDT000416670.1_genomic,13
GCA_011098585.1_PDT000055059.2_genomic,13
GCA_010557825.1_PDT000113627.2_genomic,13
GCA_011438555.1_PDT000042899.4_genomic,13
GCA_010731365.1_PDT000659197.1_genomic,13
GCA_007220095.1_PDT000333991.1_genomic,13
GCA_006189165.1_PDT000279519.2_genomic,13
GCA_014352175.1_PDT000826711.1_genomic,13
GCA_005698455.1_PDT000395919.1_genomic,13
GCA_014944565.1_PDT000862703.1_genomic,13
GCA_007488085.1_PDT000298408.2_genomic,13
GCA_008407085.1_PDT000102262.2_genomic,13
GCA_019161715.1_PDT001083888.1_genomic,13
GCA_019955955.1_PDT001126574.1_genomic,13
GCA_011427985.1_PDT000151041.2_genomic,13
GCA_008351785.1_PDT000581107.1_genomic,13
GCA_014309995.1_PDT000821743.1_genomic,13
GCA_009047885.1_PDT000181584.2_genomic,13
GCA_008242745.1_PDT000575308.1_genomic,13
GCA_010787445.1_PDT000303581.2_genomic,13
GCA_006892805.1_PDT000105608.2_genomic,13
GCA_006193295.1_PDT000282867.2_genomic,13
GCA_005482735.1_PDT000448925.1_genomic,13
GCA_006207835.1_PDT000302611.2_genomic,13
GCA_005619955.1_PDT000389491.1_genomic,13
GCA_015862065.1_PDT000901839.1_genomic,13
GCA_005616875.1_PDT000385650.1_genomic,13
GCA_006528515.1_PDT000499451.1_genomic,13
GCA_016313105.1_PDT000922050.1_genomic,13
GCA_016960395.1_PDT000970786.1_genomic,13
GCA_015167975.1_PDT000872526.1_genomic,13
GCA_005602035.1_PDT000496216.1_genomic,13
GCA_015249275.1_PDT000880585.1_genomic,13
GCA_005811505.1_PDT000414714.1_genomic,13
GCA_019680015.1_PDT001110928.1_genomic,13
GCA_007184955.1_PDT000071633.2_genomic,13
GCA_005632655.1_PDT000487506.1_genomic,13
GCA_011438875.1_PDT000291231.2_genomic,13
GCA_005855125.1_PDT000494222.1_genomic,13
GCA_011353105.1_PDT000672860.1_genomic,13
GCA_006770945.1_PDT000341067.1_genomic,13
GCA_006189455.1_PDT000279314.2_genomic,13
GCA_015218235.1_PDT000876825.1_genomic,13
GCA_005514855.1_PDT000496310.1_genomic,13
GCA_010007165.1_PDT000563946.1_genomic,13
GCA_014452575.1_PDT000828533.1_genomic,13
GCA_004175295.1_PDT000327526.1_genomic,13
GCA_006272655.1_PDT000302562.2_genomic,13
GCA_011563905.1_PDT000563890.1_genomic,13
GCA_010474565.1_PDT000661875.1_genomic,13
GCA_019289475.1_PDT001092668.1_genomic,13
GCA_010710475.1_PDT000055474.2_genomic,13
GCF_004354225.1_ASM435422v1_genomic,13
GCA_011502185.1_PDT000702508.1_genomic,13
GCA_008545875.1_PDT000585083.1_genomic,13
GCA_020135005.1_PDT001134722.1_genomic,13
GCA_008589745.1_PDT000587333.1_genomic,13
GCF_900456045.1_46983_F02_genomic,13
GCA_006560145.1_PDT000344485.1_genomic,13
GCA_007152945.1_PDT000324737.1_genomic,13
GCA_006171685.1_PDT000259956.2_genomic,13
GCA_007566365.1_PDT000302593.2_genomic,13
GCA_007341875.1_PDT000398579.1_genomic,13
GCA_019154485.1_PDT001083348.1_genomic,13
GCA_013610915.1_PDT000774508.1_genomic,13
GCA_020261165.1_PDT000837774.1_genomic,13
GCA_010740435.1_PDT000115372.2_genomic,13
GCA_000430125.1_ASM43012v1_genomic,13
GCA_019140515.1_PDT001082767.1_genomic,13
GCA_008781975.1_PDT000594999.1_genomic,13
GCA_010796995.1_PDT000095254.2_genomic,13
GCA_002057395.1_ASM205739v1_genomic,13
GCA_008438685.1_PDT000263987.2_genomic,13
GCA_008586925.1_PDT000587260.1_genomic,13
GCA_011300435.1_PDT000678272.1_genomic,13
GCA_018244675.1_PDT000917038.1_genomic,13
GCA_018025795.1_PDT000942373.1_genomic,13
GCA_005573435.1_PDT000433877.1_genomic,13
GCA_002127845.1_ASM212784v1_genomic,13
GCA_014810365.1_PDT000850730.1_genomic,13
GCA_013814265.1_PDT000747571.1_genomic,13
GCA_011483485.1_PDT000564804.1_genomic,13
GCA_006337755.1_PDT000518221.1_genomic,13
GCA_007589905.1_PDT000458604.1_genomic,13
GCA_006272175.1_PDT000300480.2_genomic,13
GCA_013116045.1_PDT000736086.1_genomic,13
GCA_021076045.1_PDT001197385.1_genomic,13
GCA_017044995.1_PDT000973414.1_genomic,13
GCA_007920675.1_PDT000553704.1_genomic,13
GCA_010565945.1_PDT000003759.3_genomic,13
GCA_009338375.1_PDT000232378.3_genomic,13
GCA_010430655.1_PDT000201371.2_genomic,13
GCA_020397605.1_PDT001146977.1_genomic,13
GCA_005622155.1_PDT000391369.1_genomic,13
GCA_008466865.1_PDT000585167.1_genomic,13
GCA_006879715.1_PDT000086627.2_genomic,13
GCA_017366645.1_PDT000984571.1_genomic,13
GCA_010826065.1_PDT000643591.1_genomic,13
GCF_002054965.1_ASM205496v1_genomic,13
GCA_016974975.1_PDT000968664.1_genomic,13
GCA_007064745.1_PDT000241619.2_genomic,13
GCA_019665505.1_PDT001110568.1_genomic,13
GCF_001443185.1_ASM144318v1_genomic,13
GCA_006167045.1_PDT000244771.2_genomic,13
GCA_007658715.1_PDT000465433.1_genomic,13
GCA_019741955.1_PDT001116051.1_genomic,13
GCA_007490245.1_PDT000305575.2_genomic,13
GCA_014760465.1_PDT000724173.1_genomic,13
GCA_009147785.1_PDT000608078.1_genomic,13
GCA_013531355.1_PDT000781730.1_genomic,13
GCA_013692655.1_PDT000767239.1_genomic,13
GCA_019204905.1_PDT001088249.1_genomic,13
GCA_020397125.1_PDT001147012.1_genomic,13
GCA_007005525.1_PDT000331586.1_genomic,13
GCA_014760265.1_PDT000724443.1_genomic,13
GCA_010783215.1_PDT000285238.2_genomic,13
GCA_020986595.1_PDT001184939.1_genomic,13
GCA_020026735.1_PDT001131546.1_genomic,13
GCA_006664465.1_PDT000356352.1_genomic,13
GCA_011265055.1_PDT000667933.2_genomic,13
GCA_014304115.1_PDT000820434.1_genomic,13
GCA_018269435.1_PDT000921654.1_genomic,13
GCA_006126035.1_PDT000227894.2_genomic,13
GCA_008254745.1_PDT000575745.1_genomic,13
GCA_005728215.1_PDT000448998.1_genomic,13
GCA_009503775.1_PDT000241224.2_genomic,13
GCA_020269725.1_PDT000802198.1_genomic,13
GCA_008545345.1_PDT000584192.1_genomic,13
GCA_011356505.1_PDT000668305.2_genomic,13
GCA_019876645.1_PDT001122805.1_genomic,13
GCA_006712285.1_PDT000334695.1_genomic,13
GCA_020840645.1_PDT001173335.1_genomic,13
GCA_019960775.1_PDT001126365.1_genomic,13
GCA_015696725.1_PDT000899677.1_genomic,13
GCA_008518305.1_PDT000121464.2_genomic,13
GCA_004261565.1_PDT000390067.1_genomic,13
GCA_019462355.1_PDT001105087.1_genomic,13
GCA_005828905.1_PDT000451296.1_genomic,13
GCA_020474555.1_PDT000831817.1_genomic,13
GCA_006840765.1_PDT000000568.2_genomic,13
GCA_020824215.1_PDT001172884.1_genomic,13
GCA_008720635.1_PDT000592468.1_genomic,13
GCA_006257355.1_PDT000283325.2_genomic,13
GCA_007619435.1_PDT000540246.1_genomic,13
GCA_011188055.1_PDT000630154.1_genomic,13
GCA_006700335.1_PDT000291127.2_genomic,13
GCA_007487765.1_PDT000299951.2_genomic,13
GCA_011423055.1_PDT000224513.2_genomic,13
GCA_015843335.1_PDT000905241.1_genomic,13
GCA_014744695.1_PDT000844754.1_genomic,13
GCA_006316185.1_PDT000293832.2_genomic,13
GCA_010637025.1_PDT000058406.2_genomic,13
GCA_019737715.1_PDT001115416.1_genomic,13
GCA_011496485.1_PDT000683002.1_genomic,13
GCA_011006055.1_PDT000683579.1_genomic,13
GCA_005538755.1_PDT000362303.1_genomic,13
GCA_007313435.1_PDT000384682.1_genomic,13
GCA_008591645.1_PDT000587454.1_genomic,13
GCA_018751315.1_PDT001058962.1_genomic,13
GCA_018576505.1_PDT001048687.1_genomic,13
GCA_011793545.1_PDT000684954.1_genomic,13
GCA_006907665.1_PDT000145156.2_genomic,13
GCA_006617925.1_PDT000365823.1_genomic,13
GCA_009162465.1_PDT000192339.2_genomic,13
GCA_010676885.1_PDT000056976.2_genomic,13
GCA_014958355.1_PDT000862934.1_genomic,13
GCA_007738635.1_PDT000549153.1_genomic,13
GCA_001475295.1_Salmonella_enterica_CVM_43800_v1.0_genomic,13
GCA_018886545.1_PDT001070325.1_genomic,13
GCA_004185685.1_PDT000335076.1_genomic,13
GCA_005473775.1_PDT000418648.1_genomic,13
GCA_003750125.1_PDT000399154.1_genomic,13
GCA_020263145.1_PDT000831743.1_genomic,13
GCA_011277725.1_PDT000692184.1_genomic,13
GCA_005737135.1_PDT000480392.1_genomic,13
GCA_009236585.1_PDT000611884.1_genomic,13
GCA_016600285.1_PDT000930820.1_genomic,13
GCA_007556255.1_PDT000286351.2_genomic,13
GCA_020973885.1_PDT001183262.1_genomic,13
GCA_005695235.1_PDT000391324.1_genomic,13
GCA_006516195.1_PDT000532102.1_genomic,13
GCA_020642275.1_PDT001161978.1_genomic,13
GCA_016954255.1_PDT000971282.1_genomic,13
GCA_020898735.1_PDT001178872.1_genomic,13
GCA_005855775.1_PDT000494977.1_genomic,13
GCA_010001145.1_PDT000203635.2_genomic,13
GCA_007550335.1_PDT000081596.5_genomic,13
GCF_016019765.1_ASM1601976v1_genomic,13
GCA_011238475.1_PDT000678099.1_genomic,13
GCA_006425855.1_PDT000521495.1_genomic,13
GCA_006933155.1_PDT000322142.1_genomic,13
GCA_008969255.1_PDT000603596.1_genomic,13
GCA_006196345.1_PDT000285510.2_genomic,13
GCA_010853705.1_PDT000650022.1_genomic,13
GCA_002063345.1_ASM206334v1_genomic,13
GCA_006893885.1_PDT000105615.2_genomic,13
GCA_010583425.1_PDT000277802.2_genomic,13
GCA_006848925.1_PDT000038152.3_genomic,13
GCA_000505845.2_S_enterica_enterica_Cubana_Ver1_genomic,13
GCA_007712165.1_PDT000544403.1_genomic,13
GCA_011411455.1_PDT000139368.2_genomic,13
GCA_015000185.1_PDT000866097.1_genomic,13
GCA_015038775.1_PDT000869219.1_genomic,13
GCA_019186085.1_PDT001085747.1_genomic,13
GCA_019522625.1_PDT001106599.1_genomic,13
GCA_011215105.1_PDT000669121.1_genomic,13
GCA_010946395.1_PDT000562592.1_genomic,13
GCA_020582575.1_PDT001157206.5_genomic,13
GCA_008918285.1_PDT000602018.1_genomic,13
GCA_006759385.1_PDT000187365.2_genomic,13
GCA_002046885.1_ASM204688v1_genomic,13
GCA_015302985.1_PDT000883438.1_genomic,13
GCA_007961005.1_PDT000556548.1_genomic,13
GCA_006956125.1_PDT000188998.2_genomic,13
GCA_013558975.1_PDT000789750.1_genomic,13
GCA_008554875.1_PDT000584276.1_genomic,13
GCA_011164355.1_PDT000307721.2_genomic,13
GCA_013569275.1_PDT000781202.1_genomic,13
GCA_007242595.1_PDT000338052.1_genomic,13
GCA_016594685.1_PDT000929976.1_genomic,13
GCA_013117645.1_PDT000740519.1_genomic,13
GCA_006656105.1_PDT000344607.1_genomic,13
GCA_015249595.1_PDT000880563.1_genomic,13
GCA_005720175.1_PDT000417936.1_genomic,13
GCA_019266805.1_PDT001090695.1_genomic,13
GCA_015444005.1_PDT000888723.1_genomic,13
GCA_010520295.1_PDT000137941.2_genomic,13
GCA_008595655.1_PDT000587735.1_genomic,13
GCA_007893825.1_PDT000554253.1_genomic,13
GCA_007397395.1_PDT000436158.1_genomic,13
GCA_007285455.1_PDT000351617.1_genomic,13
GCA_009983085.1_PDT000055318.2_genomic,13
GCA_010437795.1_PDT000042010.3_genomic,13
GCA_020596135.1_PDT001159624.1_genomic,13
GCA_007881305.1_PDT000551720.1_genomic,13
GCA_013518795.1_PDT000784003.1_genomic,13
GCA_006596745.1_PDT000344611.1_genomic,13
GCA_015199885.1_PDT000851552.1_genomic,13
GCA_006528275.1_PDT000496201.1_genomic,13
GCA_008658115.1_PDT000095597.2_genomic,13
GCA_008391635.1_PDT000584185.1_genomic,13
GCA_020283155.1_PDT000770861.1_genomic,13
GCA_008964845.1_PDT000603312.1_genomic,13
GCA_006297415.1_PDT000236427.2_genomic,13
GCA_007765655.1_PDT000247591.3_genomic,13
GCA_014550385.1_PDT000834688.1_genomic,13
GCA_015843055.1_PDT000905238.1_genomic,13
GCA_006579725.1_PDT000322351.1_genomic,13
GCF_003077315.1_ASM307731v1_genomic,13
GCA_008951805.1_PDT000602416.1_genomic,13
GCA_010846665.1_PDT000662458.1_genomic,13
GCA_006885965.1_PDT000086265.2_genomic,13
GCA_009503855.1_PDT000241230.2_genomic,13
GCA_020670175.1_ASM2067017v1_genomic,13
GCA_007108745.1_PDT000274983.2_genomic,13
GCA_010370265.1_PDT000057181.2_genomic,13
GCA_018259055.1_PDT001018252.1_genomic,13
GCA_013575435.1_PDT000774687.1_genomic,13
GCA_005681135.1_PDT000344455.1_genomic,13
GCA_002047275.1_ASM204727v1_genomic,13
GCA_020711655.1_PDT001166884.1_genomic,13
GCA_008913645.1_PDT000137197.2_genomic,13
GCA_006917915.1_PDT000311917.2_genomic,13
GCA_008587825.1_PDT000587433.1_genomic,13
GCA_005990425.1_PDT000192211.2_genomic,13
GCA_006273535.1_PDT000304731.2_genomic,13
GCA_005693735.1_PDT000391065.1_genomic,13
GCA_007749615.1_PDT000000405.3_genomic,13
GCA_017590395.1_PDT000991278.1_genomic,13
GCA_011098965.1_PDT000055537.2_genomic,13
GCA_020395985.1_PDT001146850.1_genomic,13
GCA_006931635.1_PDT000317845.1_genomic,13
GCA_019984785.1_PDT001130028.1_genomic,13
GCA_019239485.1_PDT001088265.1_genomic,13
GCA_008430425.1_PDT000174096.2_genomic,13
GCA_007205235.1_PDT000330882.1_genomic,13
GCA_019038955.3_ASM1903895v3_genomic,13
GCA_006988285.1_PDT000382422.1_genomic,13
GCA_007886485.1_PDT000553314.1_genomic,13
GCA_008591665.1_PDT000587455.1_genomic,13
GCA_014793825.1_PDT000848664.1_genomic,13
GCA_009417845.1_PDT000620348.1_genomic,13
GCA_010935295.1_PDT000564683.1_genomic,13
GCA_018943915.1_PDT001069488.1_genomic,13
GCA_007163745.1_PDT000328367.1_genomic,13
GCA_017338635.1_PDT000983334.1_genomic,13
GCA_011197095.1_PDT000668003.1_genomic,13
GCA_013576515.1_PDT000788493.1_genomic,13
GCA_006386655.1_PDT000035231.3_genomic,13
GCA_008844165.1_PDT000122437.2_genomic,13
GCA_020616135.1_PDT001161375.1_genomic,13
GCA_007408045.1_PDT000452996.1_genomic,13
GCA_020265805.1_PDT000820650.1_genomic,13
GCA_015956045.1_PDT000894593.1_genomic,13
GCA_006325905.1_PDT000311002.2_genomic,13
GCA_007519925.1_PDT000472622.1_genomic,13
GCA_010930175.1_PDT000628566.1_genomic,13
GCA_015253895.1_PDT000879843.1_genomic,13
GCA_018030665.1_PDT000925694.1_genomic,13
GCA_018990985.1_PDT001074699.1_genomic,13
GCA_013721765.1_PDT000764435.1_genomic,13
GCA_005441925.1_PDT000294484.3_genomic,13
GCA_020834225.1_PDT001173283.1_genomic,13
GCA_008587985.1_PDT000587437.1_genomic,13
GCA_020280505.1_PDT000781484.1_genomic,13
GCA_004259005.1_PDT000344183.1_genomic,13
GCA_004253625.1_PDT000347768.1_genomic,13
GCA_005663055.1_PDT000476304.1_genomic,13
GCA_006835685.1_PDT000409534.2_genomic,13
GCA_019097095.1_PDT001080811.1_genomic,13
GCA_017144415.1_PDT000947534.1_genomic,13
GCA_021013915.1_PDT001187361.1_genomic,13
GCA_021002175.1_PDT001187091.1_genomic,13
GCA_017606845.1_PDT000991354.1_genomic,13
GCA_005459235.1_PDT000405031.1_genomic,13
GCA_007687745.1_PDT000532547.1_genomic,13
GCA_005848995.1_PDT000487238.1_genomic,13
GCA_008491185.1_PDT000285483.2_genomic,13
GCA_008954505.1_PDT000602478.1_genomic,13
GCA_003894495.1_PDT000380692.1_genomic,13
GCA_005444185.1_PDT000381980.1_genomic,13
GCA_013534095.1_PDT000783682.1_genomic,13
GCA_008588365.1_PDT000587265.1_genomic,13
GCA_010652625.1_PDT000056236.2_genomic,13
GCA_009356335.1_PDT000617124.1_genomic,13
GCA_006711425.1_PDT000334272.1_genomic,13
GCA_010741615.1_PDT000655828.1_genomic,13
GCA_005479915.1_PDT000434712.1_genomic,13
GCA_006255715.1_PDT000274997.2_genomic,13
GCA_007619175.1_PDT000538896.1_genomic,13
GCA_014174645.1_PDT000807671.2_genomic,13
GCA_005427275.1_PDT000465164.1_genomic,13
GCA_006763065.1_PDT000285206.2_genomic,13
GCA_006879445.1_PDT000087412.2_genomic,13
GCA_018044105.1_PDT000855417.1_genomic,13
GCA_019555875.1_PDT001101985.1_genomic,13
GCF_028491665.1_ASM2849166v1_genomic,13
GCA_019742545.1_PDT001116066.1_genomic,13
GCA_005638575.1_PDT000412911.1_genomic,13
GCA_009729935.1_ASM972993v1_genomic,13
GCA_013655295.1_PDT000771739.1_genomic,13
GCA_007563225.1_PDT000291414.2_genomic,13
GCA_005532055.1_PDT000142556.2_genomic,13
GCA_018284095.1_PDT001019534.1_genomic,13
GCA_017275955.1_PDT000842373.1_genomic,13
GCA_007237235.1_PDT000333043.1_genomic,13
GCA_007168485.1_PDT000328909.1_genomic,13
GCA_008903725.1_PDT000127127.2_genomic,13
GCA_005979685.1_PDT000173544.2_genomic,13
GCA_008961485.1_PDT000603092.1_genomic,13
GCA_014089265.1_PDT000802976.1_genomic,13
GCA_020115015.1_PDT001136240.1_genomic,13
GCA_006951585.1_PDT000206337.2_genomic,13
GCA_014279085.1_PDT000819728.1_genomic,13
GCA_009067985.1_PDT000172014.2_genomic,13
GCA_019154125.1_PDT001083363.1_genomic,13
GCA_018957895.1_PDT001072245.1_genomic,13
GCA_020654275.1_PDT001163288.1_genomic,13
GCA_011513325.1_PDT000708496.1_genomic,13
GCA_013557135.1_PDT000794681.1_genomic,13
GCA_006088235.1_PDT000049182.2_genomic,13
GCA_010711615.1_PDT000056934.2_genomic,13
GCA_007849225.1_PDT000549639.1_genomic,13
GCA_007160835.1_PDT000326489.1_genomic,13
GCA_019904535.1_PDT001125549.1_genomic,13
GCA_019737455.1_PDT001115426.1_genomic,13
GCA_020139595.1_PDT001137276.1_genomic,13
GCA_020807785.1_PDT001171790.1_genomic,13
GCA_005594055.1_PDT000483519.1_genomic,13
GCA_007518645.1_PDT000471192.1_genomic,13
GCA_008658255.1_PDT000096188.2_genomic,13
GCA_017658775.1_PDT000992991.1_genomic,13
GCA_017566485.1_PDT000989081.1_genomic,13
GCA_020509285.1_PDT001150911.1_genomic,13
GCA_020263425.1_PDT000830202.1_genomic,13
GCA_020211445.1_PDT000789871.1_genomic,13
GCA_013728395.1_PDT000763074.1_genomic,13
GCA_008857105.1_PDT000599360.1_genomic,13
GCA_020830525.1_PDT001173137.1_genomic,13
GCA_020488685.1_PDT001150272.1_genomic,13
GCA_011100365.1_PDT000057285.2_genomic,13
GCA_007906745.1_PDT000043261.5_genomic,13
GCA_007176815.1_PDT000034027.2_genomic,13
GCF_026460275.1_ASM2646027v1_genomic,13
GCA_017249855.1_PDT000938982.1_genomic,13
GCA_006498275.1_PDT000161182.2_genomic,13
GCA_015907805.1_PDT000908163.1_genomic,13
GCA_005481555.1_PDT000442930.1_genomic,13
GCA_008903645.1_PDT000127128.2_genomic,13
GCA_014060645.1_PDT000801784.1_genomic,13
GCA_007045455.1_PDT000234276.2_genomic,13
GCA_020114135.1_PDT001136297.1_genomic,13
GCA_018414465.1_PDT001042975.1_genomic,13
GCA_018026585.1_PDT000938964.1_genomic,13
GCA_008615485.1_PDT000081243.2_genomic,13
GCA_013692215.1_PDT000767263.1_genomic,13
GCA_019813435.1_PDT001119426.1_genomic,13
GCA_008528515.1_PDT000211152.2_genomic,13
GCA_006407595.1_PDT000519718.1_genomic,13
GCA_015153335.1_PDT000853744.1_genomic,13
GCA_008502745.1_PDT000350987.1_genomic,13
GCA_007283655.1_PDT000350742.1_genomic,13
GCA_011195035.1_PDT000659322.1_genomic,13
GCA_016846045.1_PDT000928479.1_genomic,13
GCA_005448605.1_PDT000386666.1_genomic,13
GCA_020009405.1_PDT001130783.1_genomic,13
GCA_006278585.1_PDT000306887.2_genomic,13
GCA_005694735.1_PDT000392227.1_genomic,13
GCA_005751935.1_PDT000496230.1_genomic,13
GCA_015242995.1_PDT000877919.1_genomic,13
GCA_007221595.1_PDT000334802.1_genomic,13
GCA_007531045.1_PDT000477543.1_genomic,13
GCA_010560865.1_PDT000279115.2_genomic,13
GCA_017228995.1_PDT000940593.1_genomic,13
GCA_007310355.1_PDT000383252.1_genomic,13
GCA_007764275.1_PDT000201723.4_genomic,13
GCA_010838305.1_PDT000642994.1_genomic,13
GCA_007817685.1_PDT000549610.1_genomic,13
GCA_006277665.1_PDT000305835.2_genomic,13
GCA_020919495.1_PDT001177659.1_genomic,13
GCA_019406685.1_PDT001098835.1_genomic,13
GCA_020239025.1_PDT001143177.1_genomic,13
GCA_019546975.1_PDT001106948.1_genomic,13
GCA_008814315.1_PDT000598114.1_genomic,13
GCA_019440165.1_PDT001100688.1_genomic,13
GCA_011735995.1_PDT000712153.1_genomic,13
GCA_009352005.1_PDT000616229.1_genomic,13
GCA_008360705.1_PDT000581422.1_genomic,13
GCA_018479525.1_PDT001023575.1_genomic,13
GCA_005612035.1_PDT000294487.3_genomic,13
GCA_006030415.1_PDT000138916.2_genomic,13
GCA_014908685.1_PDT000861380.1_genomic,13
GCA_011418275.1_PDT000034273.3_genomic,13
GCA_005831025.1_PDT000459100.1_genomic,13
GCA_006760905.1_PDT000260062.2_genomic,13
GCA_016019765.1_ASM1601976v1_genomic,13
GCA_007669145.1_PDT000473520.1_genomic,13
GCA_018621615.1_PDT001057143.1_genomic,13
GCA_007660245.1_PDT000464941.1_genomic,13
GCA_008402155.1_PDT000586011.1_genomic,13
GCA_013720065.1_PDT000764590.1_genomic,13
GCA_009368535.1_PDT000225192.2_genomic,13
GCA_006892075.1_PDT000105480.2_genomic,13
GCA_010665955.1_PDT000053446.2_genomic,13
GCA_007978625.1_PDT000557844.1_genomic,13
GCA_010707355.1_PDT000658890.1_genomic,13
GCA_020280585.1_PDT000773728.1_genomic,13
GCA_005692335.1_PDT000389586.1_genomic,13
GCA_007400475.1_PDT000444792.1_genomic,13
GCA_006218425.1_PDT000517886.1_genomic,13
GCA_007767205.1_PDT000292567.3_genomic,13
GCA_007218215.1_PDT000122277.2_genomic,13
GCA_018575945.1_PDT001048716.1_genomic,13
GCA_006209865.1_PDT000305710.2_genomic,13
GCF_050412455.1_ASM5041245v1_genomic,13
GCA_007342615.1_PDT000387559.2_genomic,13
GCA_021071085.1_PDT001197271.1_genomic,13
GCA_018771305.1_PDT001063198.1_genomic,13
GCA_006577205.1_PDT000319529.1_genomic,13
GCA_008588565.1_PDT000587262.1_genomic,13
GCA_012041475.1_PDT000718646.1_genomic,13
GCA_014524085.1_PDT000729312.1_genomic,13
GCA_017193995.1_PDT000943139.1_genomic,13
GCA_006894565.1_PDT000105627.2_genomic,13
GCA_020583235.1_PDT001157140.5_genomic,13
GCA_019463195.1_PDT001105046.1_genomic,13
GCA_015948985.1_ASM1594898v1_genomic,13
GCA_007601715.1_PDT000473666.1_genomic,13
GCA_010729065.1_PDT000238252.2_genomic,13
GCA_011302515.1_ASM1130251v1_genomic,13
GCA_006822825.1_PDT000337725.1_genomic,13
GCA_018351455.1_PDT001024960.1_genomic,13
GCA_015323705.1_PDT000884073.1_genomic,13
GCA_008267745.1_PDT000577365.1_genomic,13
GCA_020814675.1_PDT001172285.1_genomic,13
GCA_008708555.1_PDT000591772.1_genomic,13
GCA_017193915.1_PDT000943142.1_genomic,13
GCA_006554485.1_PDT000212286.2_genomic,13
GCA_014599435.1_PDT000836930.1_genomic,13
GCA_011279725.1_PDT000702561.1_genomic,13
GCA_018414005.1_PDT001043015.1_genomic,13
GCA_006983845.1_PDT000380014.1_genomic,13
GCA_010394885.1_PDT000058927.2_genomic,13
GCA_008168365.1_PDT000569741.1_genomic,13
GCA_006557325.1_PDT000324287.1_genomic,13
GCA_010003845.1_PDT000288115.2_genomic,13
GCF_965264505.1_S-239_22_genomic,13
GCA_019645195.1_PDT001109805.1_genomic,13
GCA_014784365.1_PDT000849484.1_genomic,13
GCA_009247485.1_PDT000211796.2_genomic,13
GCA_011001355.1_PDT000687574.1_genomic,13
GCA_007252135.1_PDT000340241.1_genomic,13
GCA_005831085.1_PDT000459128.1_genomic,13
GCA_019149885.1_PDT001083590.1_genomic,13
GCA_009182345.1_PDT000609693.1_genomic,13
GCA_014711495.1_PDT000768148.1_genomic,13
GCA_020599995.1_PDT001160450.1_genomic,13
GCA_019521625.1_PDT001106503.1_genomic,13
GCA_010434395.1_PDT000268066.2_genomic,13
GCA_010828305.1_PDT000640057.1_genomic,13
GCA_020357735.1_PDT001145933.1_genomic,13
GCA_009353475.1_PDT000616972.1_genomic,13
GCA_018027485.1_PDT000938569.1_genomic,13
GCA_010514615.1_PDT000151942.2_genomic,13
GCA_019676435.1_PDT001110355.1_genomic,13
GCA_008653055.1_PDT000085288.2_genomic,13
GCA_019261105.1_PDT001090576.1_genomic,13
GCA_006260655.1_PDT000286858.2_genomic,13
GCA_011192655.1_PDT000637431.1_genomic,13
GCA_007698345.1_PDT000545091.1_genomic,13
GCA_006044455.1_PDT000187666.2_genomic,13
GCA_011544175.1_PDT000632028.1_genomic,13
GCA_010175015.1_PDT000279185.2_genomic,13
GCA_014457075.1_PDT000828150.1_genomic,13
GCA_009056455.1_PDT000171880.2_genomic,13
GCA_010404155.1_PDT000655895.1_genomic,13
GCA_019691715.1_PDT001111181.1_genomic,13
GCA_010164995.1_PDT000278823.2_genomic,13
GCA_008698425.1_PDT000240197.2_genomic,13
GCA_014189025.1_PDT000809318.1_genomic,13
GCA_008719255.1_PDT000592397.1_genomic,13
GCA_017954395.1_PDT000685016.1_genomic,13
GCA_002058485.1_ASM205848v1_genomic,13
GCA_010393545.1_PDT000287478.2_genomic,13
GCA_006150285.1_PDT000244173.2_genomic,13
GCA_007049385.1_PDT000235259.2_genomic,13
GCA_018036125.1_PDT000894760.1_genomic,13
GCA_010827945.1_PDT000649689.1_genomic,13
GCA_020019695.1_PDT001131387.1_genomic,13
GCA_019542635.1_PDT001106858.1_genomic,13
GCA_007495825.1_PDT000314004.2_genomic,13
GCA_020267965.1_PDT000803710.1_genomic,13
GCA_007788255.1_PDT000472741.1_genomic,13
GCA_006762205.1_PDT000315964.1_genomic,13
GCA_007763215.1_PDT000127372.3_genomic,13
GCA_014958485.1_PDT000862928.1_genomic,13
GCA_019639415.1_PDT001109529.1_genomic,13
GCA_019492925.1_PDT001105909.1_genomic,13
GCA_008381245.1_PDT000583524.1_genomic,13
GCA_008533235.1_PDT000266736.2_genomic,13
GCF_015948575.1_ASM1594857v1_genomic,13
GCA_007299895.1_PDT000379891.1_genomic,13
GCA_008696145.1_PDT000211506.2_genomic,13
GCA_007661165.1_PDT000465440.1_genomic,13
GCA_010862935.1_PDT000653292.1_genomic,13
GCA_005493245.1_PDT000472750.1_genomic,13
GCA_009326815.1_PDT000219797.2_genomic,13
GCA_005462015.1_PDT000408439.1_genomic,13
GCA_007865525.1_PDT000550666.1_genomic,13
GCA_005498165.1_PDT000480220.1_genomic,13
GCA_006697105.1_PDT000211486.2_genomic,13
GCA_010134795.1_PDT000275304.2_genomic,13
GCA_008397915.1_PDT000585091.1_genomic,13
GCA_006763405.1_PDT000244564.2_genomic,13
GCA_020068325.1_PDT001133824.1_genomic,13
GCA_011126635.1_PDT000282164.2_genomic,13
GCA_013631235.1_PDT000773870.1_genomic,13
GCA_009032465.1_PDT000181136.2_genomic,13
GCA_017954255.1_PDT000688044.1_genomic,13
GCA_015168615.1_PDT000872003.1_genomic,13
GCA_005701215.1_PDT000407173.1_genomic,13
GCA_005628675.1_PDT000407422.1_genomic,13
GCA_016646185.1_PDT000932533.1_genomic,13
GCA_006039595.1_PDT000163813.2_genomic,13
GCA_005846235.1_PDT000482677.1_genomic,13
GCA_003910655.1_PDT000338152.1_genomic,13
GCA_002046875.1_ASM204687v1_genomic,13
GCA_014483395.1_PDT000829086.1_genomic,13
GCA_002045265.1_ASM204526v1_genomic,13
GCA_011596125.1_PDT000623906.1_genomic,13
GCA_007544855.1_PDT000542598.1_genomic,13
GCA_005429835.1_PDT000480238.1_genomic,13
GCA_019954815.1_PDT001126609.1_genomic,13
GCA_014063545.1_PDT000802274.1_genomic,13
GCA_017844885.1_ASM1784488v1_genomic,13
GCA_006214405.1_PDT000464476.1_genomic,13
GCA_015011595.1_PDT000859140.2_genomic,13
GCA_009346135.1_PDT000616530.1_genomic,13
GCA_006151345.1_PDT000235899.2_genomic,13
GCA_018189035.1_PDT001015432.1_genomic,13
GCA_010990735.1_PDT000683360.1_genomic,13
GCA_019977715.1_PDT001130019.1_genomic,13
GCA_007659405.1_PDT000464253.1_genomic,13
GCA_006618305.1_PDT000366550.1_genomic,13
GCA_004181575.1_PDT000332391.1_genomic,13
GCA_010953875.1_PDT000563082.1_genomic,13
GCA_019520465.1_PDT001106525.1_genomic,13
GCA_017000835.1_PDT000966374.1_genomic,13
GCA_006796305.1_PDT000375189.1_genomic,13
GCA_016313965.1_PDT000921137.1_genomic,13
GCA_020262885.1_PDT000831811.1_genomic,13
GCA_019943775.1_PDT001128651.1_genomic,13
GCA_006675025.1_PDT000368116.1_genomic,13
GCA_006141595.1_PDT000236418.2_genomic,13
GCA_006303525.1_PDT000253321.2_genomic,13
GCA_006697325.1_PDT000217256.2_genomic,13
GCA_016562465.1_PDT000257299.2_genomic,13
GCA_006916755.1_PDT000254580.2_genomic,13
GCA_007735465.1_PDT000548794.1_genomic,13
GCA_007016785.1_PDT000376580.1_genomic,13
GCA_011488385.1_PDT000682223.1_genomic,13
GCA_017977225.1_PDT000861336.1_genomic,13
GCA_003770345.1_PDT000399506.1_genomic,13
GCA_010677185.1_PDT000057694.2_genomic,13
GCF_002057395.1_ASM205739v1_genomic,13
GCA_018312675.1_PDT001022333.1_genomic,13
GCA_019964135.1_PDT001129289.1_genomic,13
GCA_008301625.1_PDT000579310.1_genomic,13
GCA_019376955.1_PDT001097293.1_genomic,13
GCA_018414025.1_PDT001043014.1_genomic,13
GCA_006559945.1_PDT000340790.1_genomic,13
GCA_006646345.1_PDT000329990.1_genomic,13
GCA_006188305.1_PDT000278958.2_genomic,13
GCA_010849925.1_PDT000649493.1_genomic,13
GCA_007908585.1_PDT000405241.2_genomic,13
GCA_011262375.1_PDT000664292.1_genomic,13
GCA_020348145.1_PDT001145834.1_genomic,13
GCA_020810455.1_PDT001172105.1_genomic,13
GCA_013484585.1_PDT000793579.1_genomic,13
GCA_008591405.1_PDT000587440.1_genomic,13
GCA_010398305.1_PDT000198327.2_genomic,13
GCA_006815285.1_PDT000232458.2_genomic,13
GCA_010707095.1_PDT000658592.1_genomic,13
GCA_006761085.1_PDT000260839.2_genomic,13
GCA_005549395.1_PDT000391360.1_genomic,13
GCA_013686535.1_PDT000767567.1_genomic,13
GCA_018361595.1_PDT001025928.1_genomic,13
GCA_006829095.1_PDT000355927.1_genomic,13
GCA_014547805.1_PDT000834830.1_genomic,13
GCA_002060735.1_ASM206073v1_genomic,13
GCA_015178765.1_PDT000873591.1_genomic,13
GCA_006604185.1_PDT000353991.1_genomic,13
GCA_006171845.1_PDT000257876.2_genomic,13
GCA_010795665.1_PDT000068569.2_genomic,13
GCA_016484035.1_PDT000927791.1_genomic,13
GCA_019154605.1_PDT001083337.1_genomic,13
GCA_006796965.1_PDT000341565.1_genomic,13
GCA_010756575.1_PDT000186899.2_genomic,13
GCA_004215515.1_PDT000341770.1_genomic,13
GCA_017980085.1_PDT000931107.1_genomic,13
GCA_005552635.1_PDT000394462.1_genomic,13
GCA_019149645.1_PDT001083597.1_genomic,13
GCA_008591245.1_PDT000587426.1_genomic,13
GCA_010446135.1_PDT000654098.1_genomic,13
GCA_006305245.1_PDT000266213.2_genomic,13
GCA_005714555.1_PDT000420783.1_genomic,13
GCA_019998345.1_PDT001129425.1_genomic,13
GCA_011670645.1_PDT000690303.1_genomic,13
GCA_011249875.1_PDT000672140.1_genomic,13
GCA_014458965.1_PDT000828129.1_genomic,13
GCA_017954535.1_PDT000684734.1_genomic,13
GCA_019903995.1_PDT001125561.1_genomic,13
GCA_012971905.1_PDT000285026.2_genomic,13
GCA_006700125.1_PDT000296450.2_genomic,13
GCA_016563605.1_PDT000108215.2_genomic,13
GCA_007475005.1_PDT000135904.2_genomic,13
GCA_005457365.1_PDT000395944.1_genomic,13
GCA_010699025.1_PDT000031880.4_genomic,13
GCA_004164015.1_PDT000325892.1_genomic,13
GCA_005816765.1_PDT000417038.1_genomic,13
GCA_005403525.1_PDT000448919.1_genomic,13
GCA_006393615.1_PDT000405300.2_genomic,13
GCA_006045195.1_PDT000192308.2_genomic,13
GCA_019210525.1_PDT001088800.1_genomic,13
GCA_006091855.1_PDT000083954.2_genomic,13
GCA_010822705.1_PDT000643164.1_genomic,13
GCA_002064695.1_ASM206469v1_genomic,13
GCA_014178085.1_PDT000808044.1_genomic,13
GCA_020490295.1_PDT001150464.1_genomic,13
GCA_006136155.1_PDT000234094.2_genomic,13
GCA_014777115.1_PDT000848668.1_genomic,13
GCA_010620585.1_PDT000231742.2_genomic,13
GCA_010555365.1_PDT000237195.2_genomic,13
GCA_007629945.1_PDT000133582.2_genomic,13
GCA_019999625.1_PDT001130328.1_genomic,13
GCA_010407965.1_PDT000156388.2_genomic,13
GCA_005525155.1_PDT000382676.1_genomic,13
GCA_020712095.1_PDT001167157.1_genomic,13
GCA_017279195.1_PDT000842201.1_genomic,13
GCA_007326095.1_PDT000388137.1_genomic,13
GCA_014252175.1_PDT000816181.1_genomic,13
GCA_010124665.1_PDT000160702.2_genomic,13
GCA_009346235.1_PDT000616540.1_genomic,13
GCA_006318845.1_PDT000303703.2_genomic,13
GCA_011118795.1_PDT000232602.2_genomic,13
GCA_013716085.1_PDT000766542.1_genomic,13
GCA_007256735.1_PDT000341181.1_genomic,13
GCA_010134875.1_PDT000275511.2_genomic,13
GCA_017279335.1_PDT000842188.1_genomic,13
GCA_004276215.1_PDT000344192.1_genomic,13
GCA_002043165.1_ASM204316v1_genomic,13
GCA_018046745.1_PDT000848853.1_genomic,13
GCA_006295655.1_PDT000517576.1_genomic,13
GCA_014937375.1_PDT000863044.1_genomic,13
GCA_019239095.1_PDT001088303.1_genomic,13
GCA_018036265.1_PDT000893972.1_genomic,13
GCA_006138755.1_PDT000234925.2_genomic,13
GCA_009207305.1_PDT000205586.2_genomic,13
GCA_008589205.1_PDT000587311.1_genomic,13
GCA_006743685.1_PDT000375243.1_genomic,13
GCA_011002735.1_PDT000683552.1_genomic,13
GCA_007466275.1_PDT000544376.1_genomic,13
GCA_006208405.1_PDT000302883.2_genomic,13
GCA_018043205.1_PDT000857628.1_genomic,13
GCA_016030775.1_PDT000909256.1_genomic,13
GCA_008412725.1_PDT000134388.2_genomic,13
GCA_014960845.1_PDT000862445.1_genomic,13
GCA_014345255.1_PDT000826752.1_genomic,13
GCA_020220635.1_PDT001143335.1_genomic,13
GCA_006331905.1_PDT000464468.1_genomic,13
GCA_020267825.1_PDT000804202.1_genomic,13
GCA_002065555.1_ASM206555v1_genomic,13
GCA_010780455.1_PDT000288064.2_genomic,13
GCA_008352905.1_PDT000580798.1_genomic,13
GCA_017248095.1_PDT000939111.1_genomic,13
GCA_014175455.1_PDT000808875.1_genomic,13
GCA_018177215.1_PDT001014392.1_genomic,13
GCA_007254315.1_PDT000341247.1_genomic,13
GCF_002053955.1_ASM205395v1_genomic,13
GCA_019832505.1_PDT001120595.1_genomic,13
GCA_008590205.1_PDT000587362.1_genomic,13
GCA_014115905.1_PDT000804277.1_genomic,13
GCA_017957725.1_PDT000690279.1_genomic,13
GCA_008905065.1_PDT000129611.2_genomic,13
GCA_007371745.1_PDT000415324.1_genomic,13
GCA_021049585.1_PDT001196097.1_genomic,13
GCA_019156175.1_PDT001083277.1_genomic,13
GCA_008588005.1_PDT000587439.1_genomic,13
GCA_006416835.1_PDT000520330.1_genomic,13
GCA_018904915.1_PDT001070508.1_genomic,13
GCA_013795765.1_PDT000749462.1_genomic,13
GCA_011624385.1_PDT000624803.1_genomic,13
GCA_010132835.1_PDT000271586.2_genomic,13
GCA_006577645.1_PDT000319499.1_genomic,13
GCA_019643655.1_PDT001109690.1_genomic,13
GCA_018031125.1_PDT000925753.1_genomic,13
GCA_017954615.1_PDT000683422.1_genomic,13
GCA_006025035.1_PDT000106280.2_genomic,13
GCA_007951085.1_PDT000555728.1_genomic,13
GCA_006092195.1_PDT000092437.2_genomic,13
GCA_010779215.1_PDT000281972.2_genomic,13
GCA_007154565.1_PDT000325244.1_genomic,13
GCA_014251175.1_PDT000816170.1_genomic,13
GCA_015173065.1_PDT000872649.1_genomic,13
GCA_010959255.1_PDT000299768.2_genomic,13
GCA_006004145.1_PDT000509238.1_genomic,13
GCA_008186585.1_PDT000572823.1_genomic,13
GCA_018030795.1_PDT000925591.1_genomic,13
GCA_007505865.1_PDT000454626.1_genomic,13
GCA_011731315.1_PDT000710150.1_genomic,13
GCA_006891995.1_PDT000105428.2_genomic,13
GCA_015179705.1_PDT000873556.1_genomic,13
GCA_015546235.1_PDT000892039.1_genomic,13
GCA_011302375.1_ASM1130237v1_genomic,13
GCA_005821185.1_PDT000430411.1_genomic,13
GCA_006466325.1_PDT000523995.1_genomic,13
GCA_020897535.1_PDT001178044.1_genomic,13
GCA_014076375.1_PDT000802412.1_genomic,13
GCA_014394505.1_PDT000822827.1_genomic,13
GCA_008675215.1_PDT000096201.2_genomic,13
GCA_010395015.1_PDT000077369.3_genomic,13
GCA_008244385.1_PDT000575663.1_genomic,13
GCA_006623105.1_PDT000370807.1_genomic,13
GCA_003756485.1_PDT000400124.1_genomic,13
GCA_008322525.1_PDT000578997.1_genomic,13
GCA_014175655.1_PDT000808864.1_genomic,13
GCA_011337805.1_PDT000671818.1_genomic,13
GCA_003759425.1_PDT000399574.1_genomic,13
GCA_005922905.1_PDT000505509.1_genomic,13
GCA_019226665.1_PDT001089372.1_genomic,13
GCA_021003195.1_PDT001187097.1_genomic,13
GCA_007538315.1_PDT000536867.1_genomic,13
GCA_008589145.1_PDT000587305.1_genomic,13
GCA_013692635.1_PDT000767241.1_genomic,13
GCA_006316745.1_PDT000292760.2_genomic,13
GCA_007487945.1_PDT000297745.2_genomic,13
GCA_008588785.1_PDT000587285.1_genomic,13
GCA_005830945.1_PDT000459099.1_genomic,13
GCA_010837685.1_PDT000642688.1_genomic,13
GCA_012654695.1_PDT000722318.1_genomic,13
GCA_008869125.1_PDT000113130.2_genomic,13
GCA_010726545.1_PDT000234804.2_genomic,13
GCA_021013615.1_PDT001187354.1_genomic,13
GCA_006206025.1_PDT000298366.2_genomic,13
GCA_006178945.1_PDT000266834.2_genomic,13
GCA_010511155.1_PDT000273808.2_genomic,13
GCA_006963045.1_PDT000203650.2_genomic,13
GCA_016846405.1_PDT000059180.2_genomic,13
GCA_011295195.1_PDT000706245.1_genomic,13
GCA_011217045.1_PDT000671490.1_genomic,13
GCA_011726415.1_PDT000711563.1_genomic,13
GCA_014074355.1_PDT000802271.1_genomic,13
GCA_020279945.1_PDT000783925.1_genomic,13
GCA_019816205.1_PDT001119523.1_genomic,13
GCA_010514475.1_PDT000662070.1_genomic,13
GCA_006966005.1_PDT000209333.2_genomic,13
GCA_020697175.1_PDT001164681.1_genomic,13
GCA_005794285.1_PDT000394475.1_genomic,13
GCA_015181045.1_PDT000873505.1_genomic,13
GCA_011506365.1_PDT000706366.1_genomic,13
GCA_005634595.1_PDT000488860.1_genomic,13
GCA_015080075.1_PDT000856818.1_genomic,13
GCA_019966075.1_PDT001129140.1_genomic,13
GCA_019476325.1_PDT001104098.1_genomic,13
GCA_013517795.1_PDT000785730.1_genomic,13
GCA_010479615.1_PDT000648118.1_genomic,13
GCA_015100955.1_PDT000855702.1_genomic,13
GCA_020963515.1_PDT001183610.1_genomic,13
GCA_008815355.1_PDT000598154.1_genomic,13
GCA_002055175.1_ASM205517v1_genomic,13
GCA_013521915.1_PDT000783859.1_genomic,13
GCA_008475465.1_PDT000125844.2_genomic,13
GCA_006783845.1_PDT000360578.1_genomic,13
GCA_017280195.1_PDT000842107.1_genomic,13
GCA_008655755.1_PDT000082683.2_genomic,13
GCA_011484605.1_PDT000566538.1_genomic,13
GCA_020866125.1_PDT001174018.1_genomic,13
GCA_006030855.1_PDT000149334.2_genomic,13
GCA_005794525.1_PDT000394483.1_genomic,13
GCA_010164855.1_PDT000278565.2_genomic,13
GCA_006611165.1_PDT000360570.1_genomic,13
GCA_008734075.1_PDT000098972.2_genomic,13
GCA_019886925.1_PDT001123126.1_genomic,13
GCA_002046655.1_ASM204665v1_genomic,13
GCA_010489415.1_PDT000652102.1_genomic,13
GCA_011194415.1_PDT000652017.1_genomic,13
GCA_019489605.1_PDT001103372.1_genomic,13
GCA_005794625.1_PDT000394540.1_genomic,13
GCA_007586735.1_PDT000458029.1_genomic,13
GCA_011612865.1_PDT000687235.1_genomic,13
GCA_010691445.1_PDT000058171.2_genomic,13
GCA_010784415.1_PDT000297562.2_genomic,13
GCA_005625935.1_PDT000395943.1_genomic,13
GCA_015597025.1_PDT000892856.1_genomic,13
GCA_017000555.1_PDT000966383.1_genomic,13
GCA_010529275.1_PDT000239990.2_genomic,13
GCA_014758685.1_PDT000062120.2_genomic,13
GCA_006570385.1_PDT000200305.2_genomic,13
GCA_014601395.1_PDT000836851.1_genomic,13
GCA_020523505.1_PDT001154344.1_genomic,13
GCA_007330155.1_PDT000390097.1_genomic,13
GCA_014916075.1_PDT000859463.1_genomic,13
GCA_007639095.1_PDT000303243.2_genomic,13
GCA_006193425.1_PDT000283002.2_genomic,13
GCA_011315045.1_PDT000702937.1_genomic,13
GCA_018505745.1_PDT001047259.1_genomic,13
GCA_008749355.1_PDT000099767.2_genomic,13
GCA_019384655.1_PDT001096836.1_genomic,13
GCA_006732905.1_PDT000363741.1_genomic,13
GCA_007279155.1_PDT000350045.1_genomic,13
GCA_019154545.1_PDT001083342.1_genomic,13
GCA_007138305.1_PDT000316607.1_genomic,13
GCA_013258775.1_ASM1325877v1_genomic,13
GCA_004247065.1_PDT000409381.1_genomic,13
GCA_008790565.1_PDT000102261.2_genomic,13
GCA_007560825.1_PDT000290296.2_genomic,13
GCA_014910985.1_PDT000860572.1_genomic,13
GCA_005484565.1_PDT000454163.1_genomic,13
GCA_010930895.1_PDT000631453.1_genomic,13
GCA_008531615.1_PDT000245664.2_genomic,13
GCA_006565865.1_PDT000365379.1_genomic,13
GCA_006739305.1_PDT000370805.1_genomic,13
GCA_014345425.1_PDT000826615.1_genomic,13
GCA_008902845.1_PDT000601988.1_genomic,13
GCA_007537695.1_PDT000533352.1_genomic,13
GCA_020125315.1_PDT001016062.1_genomic,13
GCA_006190685.1_PDT000280924.2_genomic,13
GCA_010705305.1_PDT000054284.2_genomic,13
GCA_007009385.1_PDT000336360.1_genomic,13
GCA_016348405.1_PDT000922665.1_genomic,13
GCA_006813585.1_PDT000095952.3_genomic,13
GCA_008439945.1_PDT000292677.2_genomic,13
GCA_007848895.1_PDT000549580.1_genomic,13
GCA_007104005.1_PDT000267278.2_genomic,13
GCA_015121045.1_PDT000871613.1_genomic,13
GCA_009344675.1_PDT000616462.1_genomic,13
GCA_008437965.1_PDT000265044.2_genomic,13
GCA_007249235.1_PDT000338135.1_genomic,13
GCA_009315975.1_PDT000177769.3_genomic,13
GCA_018027235.1_PDT000938592.1_genomic,13
GCA_013569695.1_PDT000781183.1_genomic,13
GCA_007224105.1_PDT000335030.1_genomic,13
GCA_018029785.1_PDT000931325.1_genomic,13
GCA_009280945.1_PDT000212147.2_genomic,16
GCA_020225695.1_PDT001142749.1_genomic,16
GCA_014613735.1_PDT000837826.1_genomic,16
GCA_011088425.1_PDT000043049.4_genomic,16
GCA_018114465.1_PDT001009760.1_genomic,16
GCF_050565005.1_ASM5056500v1_genomic,16
GCA_011168965.1_PDT000275176.2_genomic,16
GCA_020092745.1_ASM2009274v1_genomic,16
GCA_019550265.1_PDT001107349.1_genomic,16
GCF_048452205.1_ASM4845220v1_genomic,16
GCA_007041605.1_PDT000231793.2_genomic,16
GCA_010489195.1_PDT000646330.1_genomic,16
GCF_020176575.1_ASM2017657v1_genomic,16
GCA_019858765.1_PDT001121779.1_genomic,16
GCF_048452305.1_ASM4845230v1_genomic,16
GCA_013526375.1_PDT000787142.1_genomic,16
GCA_005438295.1_PDT000303585.2_genomic,16
GCA_006889125.1_PDT000098674.2_genomic,16
GCA_007599555.1_PDT000472674.1_genomic,16
GCA_013270495.1_ASM1327049v1_genomic,16
GCA_014291315.1_PDT000820018.1_genomic,16
GCA_017344795.1_PDT000982943.1_genomic,16
GCA_011691195.1_PDT000689077.1_genomic,16
GCA_010419205.1_PDT000641949.1_genomic,16
GCA_019168385.1_PDT001085344.1_genomic,16
GCA_011237235.1_PDT000678145.1_genomic,16
GCA_020963235.1_PDT001183178.1_genomic,16
GCA_020296665.1_ASM2029666v1_genomic,16
GCA_011669425.1_PDT000678157.1_genomic,16
GCA_013210185.1_ASM1321018v1_genomic,16
GCA_018114925.1_PDT001009741.1_genomic,16
GCA_006007985.1_PDT000000369.2_genomic,16
GCA_017022955.1_PDT000957056.1_genomic,16
GCA_006113565.1_PDT000215016.2_genomic,16
GCA_006878405.1_PDT000068745.2_genomic,16
GCA_007440755.1_PDT000475649.1_genomic,16
GCA_011342925.1_PDT000674033.1_genomic,16
GCA_011296555.1_PDT000674229.1_genomic,16
GCA_004218225.1_PDT000185672.2_genomic,16
GCA_007601925.1_PDT000473766.1_genomic,16
GCF_020296825.1_ASM2029682v1_genomic,16
GCA_006639445.1_PDT000310969.2_genomic,16
GCA_008038715.1_PDT000558418.1_genomic,16
GCA_011335385.1_PDT000668840.1_genomic,16
GCA_020030375.1_PDT001131635.1_genomic,16
GCA_007269445.1_PDT000344291.1_genomic,16
GCA_010841325.1_PDT000663648.1_genomic,16
GCA_006733965.1_PDT000365374.1_genomic,16
GCA_005839325.1_PDT000478518.1_genomic,16
GCA_020296785.1_ASM2029678v1_genomic,16
GCA_006972925.1_PDT000216207.2_genomic,16
GCA_010655645.1_PDT000004393.4_genomic,16
GCA_010707235.1_PDT000658782.1_genomic,16
GCA_006083875.1_PDT000036338.3_genomic,16
GCA_011124165.1_PDT000241235.2_genomic,16
GCA_006025455.1_PDT000108077.2_genomic,16
GCA_013269605.1_ASM1326960v1_genomic,16
GCA_020779015.1_PDT001169911.1_genomic,16
GCA_008354765.1_PDT000581196.1_genomic,16
GCA_007305395.1_PDT000382407.1_genomic,16
GCA_013270375.1_ASM1327037v1_genomic,16
GCA_011356305.1_PDT000668204.2_genomic,16
GCA_020176615.1_ASM2017661v1_genomic,16
GCA_011662005.1_PDT000688596.1_genomic,16
GCA_011115195.1_PDT000189004.2_genomic,16
GCA_006839445.1_PDT000003499.2_genomic,16
GCA_010368905.1_PDT000055263.2_genomic,16
GCA_013275185.1_ASM1327518v1_genomic,16
GCA_011403325.1_PDT000649545.1_genomic,16
GCA_005936185.1_PDT000039168.3_genomic,16
GCA_013270065.1_ASM1327006v1_genomic,16
GCF_041122445.1_ASM4112244v1_genomic,16
GCA_020359755.1_PDT001145907.1_genomic,16
GCA_006846645.1_PDT000036500.3_genomic,16
GCA_011592735.1_PDT000282616.2_genomic,16
GCA_018483365.1_PDT001024743.1_genomic,16
GCA_010547365.1_PDT000134536.2_genomic,16
GCF_020296325.1_ASM2029632v1_genomic,16
GCA_011728575.1_PDT000711328.1_genomic,16
GCA_009582685.1_PDT000623093.1_genomic,16
GCA_011794485.1_PDT000684953.1_genomic,16
GCA_013271715.1_ASM1327171v1_genomic,16
GCA_011496525.1_PDT000683003.1_genomic,16
GCF_020296345.1_ASM2029634v1_genomic,16
GCA_011707595.1_PDT000709036.1_genomic,16
GCA_005676915.1_PDT000112728.2_genomic,16
GCA_016627905.1_PDT000931567.1_genomic,16
GCA_010929375.1_PDT000632156.1_genomic,16
GCA_006830315.1_PDT000362610.1_genomic,16
GCA_019358115.1_PDT001096394.1_genomic,16
GCA_020734265.1_PDT001167553.1_genomic,16
GCA_006073315.1_PDT000303542.2_genomic,16
GCA_003890855.1_PDT000342750.1_genomic,16
GCA_007077685.1_PDT000249380.2_genomic,16
GCA_017492125.1_PDT000986292.1_genomic,16
GCA_010885515.1_PDT000307746.2_genomic,16
GCA_011221155.1_PDT000674258.1_genomic,16
GCA_010734155.1_PDT000143612.2_genomic,16
GCA_007271195.1_PDT000345132.1_genomic,16
GCA_006306645.1_PDT000267615.2_genomic,16
GCA_007609915.1_PDT000479277.1_genomic,16
GCA_020296565.1_ASM2029656v1_genomic,16
GCA_008955065.1_PDT000602688.1_genomic,16
GCA_006733625.1_PDT000365345.1_genomic,16
GCA_006319625.1_PDT000304734.2_genomic,16
GCA_013270255.1_ASM1327025v1_genomic,16
GCA_007142585.1_PDT000317865.1_genomic,16
GCA_006290095.1_PDT000313435.2_genomic,16
GCF_020296425.1_ASM2029642v1_genomic,16
GCA_010742175.1_PDT000654019.1_genomic,16
GCA_011357725.1_PDT000671347.1_genomic,16
GCA_010645025.1_PDT000055434.2_genomic,16
GCA_013269935.1_ASM1326993v1_genomic,16
GCA_013269515.1_ASM1326951v1_genomic,16
GCA_005585975.1_PDT000470061.1_genomic,16
GCA_007249065.1_PDT000159019.5_genomic,16
GCA_011431835.1_PDT000654111.1_genomic,16
GCA_010555865.1_PDT000173664.2_genomic,16
GCA_007146465.1_PDT000319994.1_genomic,16
GCA_006997705.1_PDT000341366.1_genomic,16
GCA_006113125.1_PDT000211388.2_genomic,16
GCA_006597065.1_PDT000347194.1_genomic,16
GCF_020296715.1_ASM2029671v1_genomic,16
GCA_004292225.1_ASM429222v1_genomic,16
GCA_010824785.1_PDT000646013.1_genomic,16
GCA_003064425.1_ASM306442v1_genomic,16
GCA_005846445.1_PDT000482359.1_genomic,16
GCA_006887965.1_PDT000096787.2_genomic,16
GCA_019291365.1_PDT001092579.1_genomic,16
GCF_028492505.1_ASM2849250v1_genomic,16
GCA_011339245.1_PDT000674233.1_genomic,16
GCA_007268575.1_PDT000344145.1_genomic,16
GCA_010957955.1_PDT000628306.1_genomic,16
GCA_010675445.1_PDT000032691.2_genomic,16
GCA_018115125.1_PDT001009730.1_genomic,16
GCA_007549715.1_PDT000069997.3_genomic,16
GCA_005746215.1_PDT000479392.1_genomic,16
GCA_009596235.1_PDT000622788.1_genomic,16
GCA_006959625.1_PDT000203760.2_genomic,16
GCA_007627355.1_PDT000086675.3_genomic,16
GCA_010637265.1_PDT000054820.2_genomic,16
GCA_010762235.1_PDT000205855.2_genomic,16
GCA_014597975.1_PDT000837010.1_genomic,16
GCA_001448665.2_ASM144866v2_genomic,16
GCA_013270725.1_ASM1327072v1_genomic,16
GCA_010368565.1_PDT000043294.5_genomic,16
GCA_013275255.1_ASM1327525v1_genomic,16
GCA_013270055.1_ASM1327005v1_genomic,16
GCA_006858105.1_PDT000041948.4_genomic,16
GCA_017796865.1_PDT000998970.1_genomic,16
GCA_006537845.1_PDT000532917.1_genomic,16
GCA_018105585.1_PDT001008867.1_genomic,16
GCA_004224565.1_PDT000393160.1_genomic,16
GCA_005510915.1_PDT000491280.1_genomic,16
GCA_017797005.1_PDT000998955.1_genomic,16
GCA_006019295.1_PDT000068417.2_genomic,16
GCA_010490095.1_PDT000650254.1_genomic,16
GCA_013536055.1_PDT000783381.1_genomic,16
GCA_011320665.1_PDT000640788.1_genomic,16
GCA_006134765.1_PDT000233940.2_genomic,16
GCA_020176455.1_ASM2017645v1_genomic,16
GCA_002049145.1_ASM204914v1_genomic,16
GCA_011074195.1_PDT000027674.2_genomic,16
GCA_011418555.1_PDT000212861.2_genomic,16
GCA_010776215.1_PDT000277093.2_genomic,16
GCA_006961055.1_PDT000205766.2_genomic,16
GCA_006177955.1_PDT000267602.2_genomic,16
GCA_011227175.1_PDT000674034.1_genomic,16
GCA_006026835.1_PDT000121106.2_genomic,16
GCA_013682815.1_PDT000768248.1_genomic,16
GCA_018933815.1_PDT001071837.1_genomic,16
GCA_005736095.1_PDT000478487.1_genomic,16
GCA_007021245.1_PDT000217187.2_genomic,16
GCA_005693615.1_PDT000391210.1_genomic,16
GCA_006878425.1_PDT000069490.2_genomic,16
GCA_007520665.1_PDT000472737.1_genomic,16
GCF_049944415.1_ASM4994441v1_genomic,16
GCA_005426615.1_PDT000454744.1_genomic,16
GCA_006954105.1_PDT000175445.2_genomic,16
GCA_009464445.1_PDT000232545.2_genomic,16
GCA_009598175.1_PDT000622985.1_genomic,16
GCA_007428005.1_PDT000466384.1_genomic,16
GCA_007612055.1_PDT000481605.1_genomic,16
GCA_011431055.1_PDT000650248.1_genomic,16
GCA_010462965.1_PDT000269243.2_genomic,16
GCA_007142065.1_PDT000317824.1_genomic,16
GCF_020296865.1_ASM2029686v1_genomic,16
GCA_005940805.1_PDT000043932.2_genomic,16
GCF_050473405.1_ASM5047340v1_genomic,16
GCA_020296505.1_ASM2029650v1_genomic,16
GCA_006758845.1_PDT000195467.2_genomic,16
GCA_005906285.1_PDT000500737.1_genomic,16
GCA_005985585.1_PDT000185690.2_genomic,16
GCA_018477965.1_PDT001023666.1_genomic,16
GCA_010647965.1_PDT000292520.2_genomic,16
GCA_005987905.1_PDT000187914.2_genomic,16
GCA_005509145.1_PDT000489422.1_genomic,16
GCA_010703565.1_PDT000054695.2_genomic,16
GCA_011394035.1_PDT000671679.1_genomic,16
GCA_010437595.1_PDT000057477.2_genomic,16
GCA_006730305.1_PDT000359110.1_genomic,16
GCA_013275215.1_ASM1327521v1_genomic,16
GCA_013274365.1_ASM1327436v1_genomic,16
GCA_008804435.1_PDT000597539.1_genomic,16
GCA_010565375.1_PDT000059334.2_genomic,16
GCA_013785945.1_PDT000750957.1_genomic,16
GCA_010924435.1_PDT000625045.1_genomic,16
GCA_005904205.1_PDT000484140.1_genomic,16
GCA_007774785.1_PDT000340208.1_genomic,16
GCA_011195075.1_PDT000660824.1_genomic,16
GCA_007048465.1_PDT000235466.2_genomic,16
GCA_013270555.1_ASM1327055v1_genomic,16
GCA_006468285.1_PDT000524347.1_genomic,16
GCA_019558855.1_PDT001101862.1_genomic,16
GCA_005980945.1_PDT000174085.2_genomic,16
GCA_010733075.1_PDT000132618.2_genomic,16
GCF_041370935.1_ASM4137093v1_genomic,16
GCA_014760725.1_PDT000057704.2_genomic,16
GCA_006456685.1_PDT000522698.1_genomic,16
GCA_005606435.2_ASM560643v2_genomic,16
GCA_010697785.1_PDT000032091.4_genomic,16
GCA_007182375.1_PDT000053130.3_genomic,16
GCA_011225495.1_PDT000674306.1_genomic,16
GCA_020136915.1_PDT001134578.1_genomic,16
GCA_019657245.1_PDT001110245.1_genomic,16
GCA_011376225.1_PDT000628827.1_genomic,16
GCA_013207305.1_ASM1320730v1_genomic,16
GCA_007318875.1_PDT000386398.1_genomic,16
GCA_020176525.1_ASM2017652v1_genomic,16
GCA_011553575.1_PDT000631020.1_genomic,16
GCA_014562705.1_PDT000730713.1_genomic,16
GCA_007760765.1_PDT000110769.3_genomic,16
GCA_015471605.1_PDT000889090.1_genomic,16
GCA_018482335.1_PDT001024553.1_genomic,16
GCA_005838065.1_PDT000476581.1_genomic,16
GCA_017265815.1_PDT000938731.1_genomic,16
GCA_005949645.1_PDT000067846.2_genomic,16
GCA_008740695.1_PDT000099528.2_genomic,16
GCA_010502295.1_PDT000230097.2_genomic,16
GCA_006840525.1_PDT000001151.2_genomic,16
GCA_008147885.1_PDT000571314.1_genomic,16
GCA_017520555.1_PDT000987302.1_genomic,16
GCA_007350755.1_PDT000406918.1_genomic,16
GCA_008810815.1_PDT000597908.1_genomic,16
GCA_011313695.1_PDT000702774.1_genomic,16
GCA_016132325.1_PDT000918757.1_genomic,16
GCA_013270585.1_ASM1327058v1_genomic,16
GCA_014516785.1_PDT000833402.1_genomic,16
GCA_017865905.1_PDT000998958.1_genomic,16
GCA_007036985.1_PDT000230160.2_genomic,16
GCA_007155985.1_PDT000325819.1_genomic,16
GCA_010670725.1_PDT000139162.2_genomic,16
GCA_013274615.1_ASM1327461v1_genomic,16
GCA_006706005.1_PDT000322409.1_genomic,16
GCA_004270585.1_PDT000344927.1_genomic,16
GCA_007674845.1_PDT000474007.1_genomic,16
GCA_013269565.1_ASM1326956v1_genomic,16
GCA_013680815.1_PDT000768562.1_genomic,16
GCA_020296985.1_ASM2029698v1_genomic,16
GCA_010787535.1_PDT000303938.2_genomic,16
GCA_006923575.1_PDT000175435.2_genomic,16
GCA_011687835.1_PDT000689041.1_genomic,16
GCA_013774825.1_PDT000753877.1_genomic,16
GCA_007522745.1_PDT000473749.1_genomic,16
GCA_005733795.1_PDT000464086.1_genomic,16
GCA_010938375.1_PDT000564941.1_genomic,16
GCA_011397975.1_PDT000143613.2_genomic,16
GCA_017797025.1_PDT000998965.1_genomic,16
GCA_020176495.1_ASM2017649v1_genomic,16
GCA_006658265.1_PDT000350875.1_genomic,16
GCA_011692675.1_PDT000691081.1_genomic,16
GCA_006972585.1_PDT000216395.2_genomic,16
GCA_011419675.1_PDT000275422.2_genomic,16
GCA_007751655.1_PDT000059218.2_genomic,16
GCA_010141155.1_PDT000275853.2_genomic,16
GCA_007736885.1_PDT000548850.1_genomic,16
GCA_006290695.1_PDT000315131.2_genomic,16
GCA_005757075.1_PDT000259304.2_genomic,16
GCA_013269885.1_ASM1326988v1_genomic,16
GCA_020863025.1_PDT001174191.1_genomic,16
GCA_006879785.1_PDT000093921.2_genomic,16
GCA_008354785.1_PDT000581204.1_genomic,16
GCA_015243035.1_PDT000877960.1_genomic,16
GCA_008730735.2_ASM873073v2_genomic,16
GCA_011612645.1_PDT000296449.2_genomic,16
GCA_005895825.1_PDT000096723.3_genomic,16
GCF_020176395.1_ASM2017639v1_genomic,16
GCA_006090495.1_PDT000064825.3_genomic,16
GCA_008695495.1_PDT000211241.2_genomic,16
GCA_011637535.1_PDT000562887.1_genomic,16
GCA_003068125.1_ASM306812v1_genomic,16
GCA_010883755.1_PDT000630188.1_genomic,16
GCA_010638085.1_PDT000002099.5_genomic,16
GCA_008136525.1_PDT000569848.1_genomic,16
GCA_010579965.1_PDT000300933.2_genomic,16
GCA_019859205.1_PDT001121785.1_genomic,16
GCA_005896345.1_PDT000129651.3_genomic,16
GCA_003869335.1_PDT000040330.4_genomic,16
GCA_010671105.1_PDT000149523.2_genomic,16
GCA_007055045.1_PDT000236341.2_genomic,16
GCA_017583525.1_PDT000990509.1_genomic,16
GCA_008857565.1_PDT000599493.1_genomic,16
GCA_011688755.1_PDT000691145.1_genomic,16
GCA_014582755.1_PDT000730528.1_genomic,16
GCA_013785025.1_PDT000750996.1_genomic,16
GCA_007690305.1_PDT000533207.1_genomic,16
GCF_020296985.1_ASM2029698v1_genomic,16
GCA_011000035.1_PDT000687712.1_genomic,16
GCA_017591195.1_PDT000991269.1_genomic,16
GCF_020296705.1_ASM2029670v1_genomic,16
GCA_004220225.1_PDT000069217.2_genomic,16
GCA_006126875.1_PDT000230298.2_genomic,16
GCA_011128495.1_PDT000275140.2_genomic,16
GCA_004220485.1_PDT000065427.2_genomic,16
GCA_014517725.1_PDT000833492.1_genomic,16
GCA_005424755.1_PDT000433977.1_genomic,16
GCA_009350355.1_PDT000616844.1_genomic,16
GCA_020454015.1_PDT001149409.1_genomic,16
GCA_008819965.1_PDT000598513.1_genomic,16
GCA_020290465.1_PDT001145049.1_genomic,16
GCA_011227475.1_PDT000677082.1_genomic,16
GCA_014593535.1_PDT000722764.1_genomic,16
GCA_019558535.1_PDT001101868.1_genomic,16
GCA_007414085.1_PDT000455537.1_genomic,16
GCA_019474805.1_PDT001104209.1_genomic,16
GCA_005531695.1_PDT000065933.2_genomic,16
GCA_010425965.1_PDT000052936.2_genomic,16
GCA_016969115.1_PDT000969335.1_genomic,16
GCA_006594485.1_PDT000340876.1_genomic,16
GCA_020296715.1_ASM2029671v1_genomic,16
GCA_010373065.1_PDT000133799.2_genomic,16
GCA_010492875.1_PDT000004420.3_genomic,16
GCA_011294635.1_PDT000705973.1_genomic,16
GCA_017865955.1_PDT000998962.1_genomic,16
GCA_011194475.1_PDT000663870.1_genomic,16
GCA_013207085.1_ASM1320708v1_genomic,16
GCA_008915445.1_PDT000140997.2_genomic,16
GCA_010507475.1_PDT000176747.2_genomic,16
GCA_015956125.1_PDT000894614.1_genomic,16
GCA_007207175.1_PDT000331604.1_genomic,16
GCA_007530065.1_PDT000477309.1_genomic,16
GCA_006944025.1_PDT000187386.2_genomic,16
GCA_017865445.1_PDT000998995.1_genomic,16
GCA_018392935.1_PDT001040506.1_genomic,16
GCA_015598475.1_PDT000892741.1_genomic,16
GCA_006858485.1_PDT000049385.3_genomic,16
GCA_019570615.1_PDT001107766.1_genomic,16
GCA_005955965.1_PDT000095210.2_genomic,16
GCA_005959985.1_PDT000112729.2_genomic,16
GCA_017191695.1_PDT000943276.1_genomic,16
GCA_017671325.1_PDT000995744.1_genomic,16
GCA_007473075.2_ASM747307v2_genomic,16
GCA_005677055.1_PDT000108080.3_genomic,16
GCA_016992195.1_PDT000967124.1_genomic,16
GCA_011340345.1_PDT000674553.1_genomic,16
GCA_006093135.1_PDT000096797.2_genomic,16
GCA_005613995.1_PDT000381760.1_genomic,16
GCA_010780035.1_PDT000286980.2_genomic,16
GCA_008251685.1_PDT000573974.1_genomic,16
GCA_017297475.1_PDT000978414.1_genomic,16
GCA_020450005.1_PDT001149626.1_genomic,16
GCA_006325405.1_PDT000308992.2_genomic,16
GCA_005855565.1_PDT000491759.1_genomic,16
GCA_011441435.1_PDT000655321.1_genomic,16
GCA_006411355.1_PDT000520093.1_genomic,16
GCA_011624225.1_PDT000307722.2_genomic,16
GCF_030292605.1_ASM3029260v1_genomic,16
GCA_007327045.1_PDT000388291.1_genomic,16
GCA_020919635.1_PDT001177496.1_genomic,16
GCA_010565885.1_PDT000052799.3_genomic,16
GCA_020296325.1_ASM2029632v1_genomic,16
GCA_007270975.1_PDT000345113.1_genomic,16
GCA_013270275.1_ASM1327027v1_genomic,16
GCA_019275935.1_PDT001090791.1_genomic,16
GCA_011418675.1_PDT000059611.2_genomic,16
GCA_013771365.1_PDT000755511.1_genomic,16
GCA_005948605.1_PDT000065078.2_genomic,16
GCA_011502965.1_PDT000702510.1_genomic,16
GCA_006171505.1_PDT000258066.2_genomic,16
GCA_019601955.1_PDT001109050.1_genomic,16
GCA_014758405.1_PDT000060430.2_genomic,16
GCA_020176375.1_ASM2017637v1_genomic,16
GCA_006798885.1_PDT000347341.1_genomic,16
GCA_011281085.1_PDT000705821.1_genomic,16
GCA_009650055.1_ASM965005v1_genomic,16
GCA_010704145.1_PDT000052849.3_genomic,16
GCA_016993155.1_PDT000967086.1_genomic,16
GCA_015525305.1_PDT000891009.1_genomic,16
GCA_011251965.1_PDT000702643.1_genomic,16
GCA_014604575.1_PDT000836622.1_genomic,16
GCA_006740165.1_PDT000368624.1_genomic,16
GCA_010456985.1_PDT000053873.2_genomic,16
GCA_019518885.1_ASM1951888v1_genomic,16
GCA_013269755.1_ASM1326975v1_genomic,16
GCA_011445655.1_PDT000053920.2_genomic,16
GCA_007107585.1_PDT000274139.2_genomic,16
GCA_006917215.1_PDT000214592.2_genomic,16
GCA_002283215.1_ASM228321v1_genomic,16
GCA_009345275.1_PDT000616194.1_genomic,16
GCA_007459375.1_PDT000540007.1_genomic,16
GCA_007025425.1_PDT000221576.2_genomic,16
GCA_010691725.1_PDT000059399.2_genomic,16
GCA_006930235.1_PDT000318956.1_genomic,16
GCA_011343245.1_PDT000674521.1_genomic,16
GCA_008427665.1_PDT000141060.2_genomic,16
GCA_011418215.1_PDT000057683.2_genomic,16
GCA_010681305.1_PDT000053037.3_genomic,16
GCA_006138055.1_PDT000234915.2_genomic,16
GCA_013270675.1_ASM1327067v1_genomic,16
GCA_019357095.1_PDT001096437.1_genomic,16
GCA_006778675.1_PDT000354041.1_genomic,16
GCA_007440265.1_PDT000475587.1_genomic,16
GCA_005977425.1_PDT000162141.2_genomic,16
GCA_007537325.1_PDT000534086.1_genomic,16
GCA_016132045.1_PDT000918740.1_genomic,16
GCA_020176475.1_ASM2017647v1_genomic,16
GCA_002741885.1_ASM274188v1_genomic,16
GCA_010973535.1_PDT000215886.2_genomic,16
GCA_013269555.1_ASM1326955v1_genomic,16
GCA_005932455.1_PDT000027683.3_genomic,16
GCA_010576205.1_PDT000281865.2_genomic,16
GCA_013275125.1_ASM1327512v1_genomic,16
GCA_013275085.1_ASM1327508v1_genomic,16
GCF_025594875.1_ASM2559487v1_genomic,16
GCA_008627995.1_PDT000588924.1_genomic,16
GCA_014592315.1_PDT000722771.1_genomic,16
GCA_011284005.1_PDT000674018.1_genomic,16
GCA_007778395.1_PDT000387529.1_genomic,16
GCA_014568415.1_PDT000728576.1_genomic,16
GCA_006820245.1_PDT000333705.1_genomic,16
GCA_006519395.1_PDT000295734.2_genomic,16
GCA_006762385.1_PDT000213612.2_genomic,16
GCA_007042445.1_PDT000232548.2_genomic,16
GCA_007576685.1_PDT000318789.1_genomic,16
GCA_014757905.1_PDT000051357.2_genomic,16
GCA_019068665.1_PDT001078744.1_genomic,16
GCA_006418435.1_PDT000520450.1_genomic,16
GCA_010425145.1_PDT000292574.2_genomic,16
GCA_019831065.1_PDT001120350.1_genomic,16
GCA_006208825.1_PDT000304718.2_genomic,16
GCA_017865755.1_PDT000998978.1_genomic,16
GCA_013270435.1_ASM1327043v1_genomic,16
GCA_007266565.1_PDT000342960.1_genomic,16
GCA_005478795.1_PDT000434126.1_genomic,16
GCA_013269695.1_ASM1326969v1_genomic,16
GCA_017809195.1_PDT000999854.1_genomic,16
GCA_005967005.1_PDT000129516.3_genomic,16
GCA_015226585.1_PDT000877967.1_genomic,16
GCA_016029855.1_PDT000909675.1_genomic,16
GCA_005895745.1_PDT000096722.3_genomic,16
GCA_007255095.1_PDT000340306.1_genomic,16
GCA_010242375.1_PDT000445757.1_genomic,16
GCA_016348925.1_PDT000922619.1_genomic,16
GCF_903931285.1_2214_18_genomic,16
GCA_019857785.1_PDT001121806.1_genomic,16
GCA_010936935.1_PDT000628828.1_genomic,16
GCA_020176575.1_ASM2017657v1_genomic,16
GCA_019184025.1_PDT001085644.1_genomic,16
GCA_006876865.1_PDT000069821.2_genomic,16
GCA_005435955.1_PDT000062626.2_genomic,16
GCA_018634875.1_PDT001057067.1_genomic,16
GCA_009115185.1_PDT000605147.1_genomic,16
GCA_016732625.1_PDT000938579.1_genomic,16
GCA_011226095.1_PDT000674025.1_genomic,16
GCA_016563585.1_PDT000120099.2_genomic,16
GCA_013270135.1_ASM1327013v1_genomic,16
GCA_007183095.1_PDT000064873.2_genomic,16
GCA_007400375.1_PDT000442806.1_genomic,16
GCA_011446175.1_PDT000054238.2_genomic,16
GCA_006423235.1_PDT000521230.1_genomic,16
GCA_003897375.1_PDT000342774.1_genomic,16
GCA_013210245.1_ASM1321024v1_genomic,16
GCA_003909255.1_PDT000335168.1_genomic,16
GCA_018200395.1_PDT001015758.1_genomic,16
GCA_009999565.1_PDT000110587.2_genomic,16
GCA_007693265.1_PDT000542008.1_genomic,16
GCA_013270355.1_ASM1327035v1_genomic,16
GCA_011443155.1_PDT000660756.1_genomic,16
GCA_017796365.1_PDT000998982.1_genomic,16
GCA_007168975.1_PDT000328975.1_genomic,16
GCA_013675155.1_PDT000769743.1_genomic,16
GCA_020729425.1_PDT001167392.1_genomic,16
GCA_016095255.1_PDT000913583.1_genomic,16
GCA_000487195.1_ASM48719v1_genomic,16
GCA_011249555.1_PDT000671937.1_genomic,16
GCA_011989625.1_PDT000718036.1_genomic,16
GCA_020176275.1_ASM2017627v1_genomic,16
GCA_011781345.1_PDT000684563.1_genomic,16
GCA_015949375.1_ASM1594937v1_genomic,16
GCA_013207325.1_ASM1320732v1_genomic,16
GCA_013754975.1_PDT000760433.1_genomic,16
GCA_010699265.1_PDT000042009.3_genomic,16
GCA_017796785.1_PDT000998976.1_genomic,16
GCA_014755665.1_PDT000058381.2_genomic,16
GCA_006569265.1_PDT000179303.2_genomic,16
GCA_006043075.1_PDT000184234.2_genomic,16
GCA_006183285.1_PDT000274661.2_genomic,16
GCA_010536375.1_PDT000042181.3_genomic,16
GCA_008268845.1_PDT000577496.1_genomic,16
GCA_006536385.1_PDT000532874.1_genomic,16
GCA_013207205.1_ASM1320720v1_genomic,16
GCA_010694165.1_PDT000042819.4_genomic,16
GCA_012923505.1_PDT000724428.1_genomic,16
GCA_007267785.1_PDT000344246.1_genomic,16
GCA_010478645.1_PDT000652116.1_genomic,16
GCA_013118435.1_PDT000739675.1_genomic,16
GCA_005768015.1_PDT000385296.1_genomic,16
GCA_006172305.1_PDT000258199.2_genomic,16
GCA_007610955.1_PDT000479273.1_genomic,16
GCA_004267005.1_PDT000349957.1_genomic,16
GCA_002048925.1_ASM204892v1_genomic,16
GCA_019045905.1_PDT001077901.1_genomic,16
GCA_011173515.1_PDT000295730.2_genomic,16
GCA_019858745.1_PDT001121801.1_genomic,16
GCA_009292525.1_PDT000214432.2_genomic,16
GCF_020296945.1_ASM2029694v1_genomic,16
GCA_013269875.1_ASM1326987v1_genomic,16
GCA_005950445.1_PDT000066368.2_genomic,16
GCA_005436755.1_PDT000172215.2_genomic,16
GCA_015623385.1_PDT000893274.1_genomic,16
GCA_020962775.1_PDT001183472.1_genomic,16
GCA_003071045.1_ASM307104v1_genomic,16
GCA_005756475.1_PDT000098608.2_genomic,16
GCA_002047725.1_ASM204772v1_genomic,16
GCA_013275115.1_ASM1327511v1_genomic,16
GCF_020176455.1_ASM2017645v1_genomic,16
GCA_007027165.1_PDT000223053.2_genomic,16
GCA_010698625.1_PDT000034046.3_genomic,16
GCA_006168325.1_PDT000254138.2_genomic,16
GCA_014587815.1_PDT000724519.1_genomic,16
GCA_007045785.1_PDT000233873.2_genomic,16
GCA_013270025.1_ASM1327002v1_genomic,16
GCA_011078965.1_PDT000031892.3_genomic,16
GCF_020296405.1_ASM2029640v1_genomic,16
GCA_017105845.1_PDT000973917.1_genomic,16
GCA_011107135.1_PDT000143611.2_genomic,16
GCA_005942685.1_PDT000046892.6_genomic,16
GCA_010469645.1_PDT000195065.2_genomic,16
GCA_006560725.1_PDT000347418.1_genomic,16
GCA_007471995.1_PDT000042318.4_genomic,16
GCA_013270115.1_ASM1327011v1_genomic,16
GCA_013269955.1_ASM1326995v1_genomic,16
GCA_006649145.1_PDT000332441.1_genomic,16
GCA_005613895.1_PDT000381736.1_genomic,16
GCA_006796365.1_PDT000373108.1_genomic,16
GCA_001570045.1_ASM157004v1_genomic,16
GCF_020296805.1_ASM2029680v1_genomic,16
GCA_008171085.1_PDT000570177.1_genomic,16
GCA_005660915.1_PDT000469230.1_genomic,16
GCA_010390755.1_PDT000058602.2_genomic,16
GCA_013275175.1_ASM1327517v1_genomic,16
GCA_010394865.1_PDT000053695.3_genomic,16
GCA_015180565.1_ASM1518056v1_genomic,16
GCA_010164095.1_PDT000278821.2_genomic,16
GCA_005770205.1_PDT000386829.1_genomic,16
GCA_006984805.1_PDT000345080.1_genomic,16
GCA_007752545.1_PDT000057408.2_genomic,16
GCA_019210885.1_PDT001089623.1_genomic,16
GCA_010906365.1_PDT000566671.1_genomic,16
GCA_006717305.1_PDT000350186.1_genomic,16
GCA_017051435.1_PDT000953473.1_genomic,16
GCA_020296685.1_ASM2029668v1_genomic,16
GCA_020176435.1_ASM2017643v1_genomic,16
GCA_010972195.1_PDT000114950.2_genomic,16
GCA_007145515.1_PDT000319388.1_genomic,16
GCA_007602275.1_PDT000474338.1_genomic,16
GCA_005998985.1_PDT000387528.2_genomic,16
GCA_013269395.1_ASM1326939v1_genomic,16
GCA_006427895.1_PDT000521626.1_genomic,16
GCA_007098805.1_PDT000265868.2_genomic,16
GCA_019858665.1_PDT001121796.1_genomic,16
GCA_013799965.1_PDT000748890.1_genomic,16
GCA_006410975.1_PDT000520033.1_genomic,16
GCA_007053105.1_PDT000236314.2_genomic,16
GCA_006845975.1_PDT000036463.3_genomic,16
GCA_011277625.1_PDT000692177.1_genomic,16
GCA_007664505.1_PDT000472570.1_genomic,16
GCA_005826665.1_PDT000442850.1_genomic,16
GCA_014756195.1_PDT000050220.2_genomic,16
GCA_013644555.1_PDT000773074.1_genomic,16
GCA_010457045.1_PDT000055625.2_genomic,16
GCA_019294355.1_PDT001093261.1_genomic,16
GCA_006273835.1_PDT000303811.2_genomic,16
GCA_013634455.1_PDT000773582.1_genomic,16
GCA_007961365.1_PDT000556634.1_genomic,16
GCA_010656025.1_PDT000003490.4_genomic,16
GCA_008876845.1_PDT000122345.2_genomic,16
GCA_006875765.1_PDT000069984.2_genomic,16
GCA_013270575.1_ASM1327057v1_genomic,16
GCA_005529215.1_PDT000457283.1_genomic,16
GCA_007602765.1_PDT000473942.1_genomic,16
GCA_014301935.1_PDT000820649.1_genomic,16
GCA_006771305.1_PDT000340914.1_genomic,16
GCA_015009575.1_PDT000859222.2_genomic,16
GCA_005936085.2_ASM593608v2_genomic,16
GCA_005604075.1_PDT000497616.1_genomic,16
GCA_013207365.1_ASM1320736v1_genomic,16
GCA_010696325.1_PDT000044807.3_genomic,16
GCA_017221915.1_PDT000940942.1_genomic,16
GCA_014565455.1_PDT000729715.1_genomic,16
GCA_009643455.1_PDT000607347.1_genomic,16
GCA_013556915.1_PDT000794673.1_genomic,16
GCA_010556265.1_PDT000156683.2_genomic,16
GCA_011790025.1_PDT000684706.1_genomic,16
GCA_011758185.1_PDT000705976.1_genomic,16
GCF_020092745.1_ASM2009274v1_genomic,16
GCA_007588755.1_PDT000458318.1_genomic,16
GCA_006153965.1_PDT000244486.2_genomic,16
GCA_006190525.1_PDT000279391.2_genomic,16
GCA_014563055.1_PDT000730495.1_genomic,16
GCA_011781125.1_PDT000684512.1_genomic,16
GCA_005531835.1_PDT000062639.2_genomic,16
GCA_006537755.1_PDT000532913.1_genomic,16
GCA_016412545.1_ASM1641254v1_genomic,16
GCA_010972295.1_PDT000127756.2_genomic,16
GCA_007749375.1_PDT000053613.2_genomic,16
GCA_017923515.1_PDT001004699.1_genomic,16
GCA_013270225.1_ASM1327022v1_genomic,16
GCA_010411815.1_PDT000303661.2_genomic,16
GCA_007593905.1_PDT000464856.1_genomic,16
GCA_005668335.1_PDT000482352.1_genomic,16
GCA_002108105.1_ASM210810v1_genomic,16
GCA_010746275.1_PDT000654130.1_genomic,16
GCA_011434455.1_PDT000055777.3_genomic,16
GCA_011432095.1_PDT000659094.1_genomic,16
GCA_005894905.1_PDT000508998.1_genomic,16
GCA_015847085.1_PDT000905158.1_genomic,16
GCA_013269495.1_ASM1326949v1_genomic,16
GCA_006948725.1_PDT000193056.2_genomic,16
GCA_003875225.1_PDT000135890.2_genomic,16
GCA_014886795.1_PDT000851183.1_genomic,16
GCA_014279025.1_PDT000817433.1_genomic,16
GCA_005665535.1_PDT000479398.1_genomic,16
GCA_007020985.1_PDT000216521.2_genomic,16
GCA_015180485.1_ASM1518048v1_genomic,16
GCA_008597605.1_PDT000587783.1_genomic,16
GCA_007749275.1_PDT000043020.4_genomic,16
GCA_006669305.1_PDT000362857.1_genomic,16
GCA_007144625.1_PDT000318917.1_genomic,16
GCA_010653625.1_PDT000056252.2_genomic,16
GCA_007628915.1_PDT000278398.2_genomic,16
GCA_019357055.1_PDT001096438.1_genomic,16
GCA_005769285.1_PDT000386020.1_genomic,16
GCA_006887415.1_PDT000096794.2_genomic,16
GCA_011308935.1_PDT000669327.1_genomic,16
GCA_017361665.1_PDT000984544.1_genomic,16
GCA_007009005.1_PDT000336260.1_genomic,16
GCA_015849795.1_PDT000904761.1_genomic,16
GCA_014631655.1_PDT000838461.1_genomic,16
GCA_004280835.1_PDT000406761.1_genomic,16
GCA_019858035.1_PDT001121775.1_genomic,16
GCA_018179595.1_PDT001014461.1_genomic,16
GCA_005607855.1_PDT000216226.2_genomic,16
GCA_017865935.1_PDT000998959.1_genomic,16
GCA_009406925.1_PDT000618631.1_genomic,16
GCA_007749475.1_PDT000057542.2_genomic,16
GCA_011798145.1_PDT000684726.1_genomic,16
GCA_010163135.1_PDT000278550.2_genomic,16
GCA_011674595.1_PDT000691005.1_genomic,16
GCA_006272335.1_PDT000300637.2_genomic,16
GCA_013780225.1_PDT000797413.1_genomic,16
GCA_019859185.1_PDT001121804.1_genomic,16
GCA_003430215.1_ASM343021v1_genomic,16
GCF_020296665.1_ASM2029666v1_genomic,16
GCA_020176505.1_ASM2017650v1_genomic,16
GCA_005547035.1_PDT000388646.1_genomic,16
GCA_010681705.1_PDT000034044.3_genomic,16
GCA_002265995.1_ASM226599v1_genomic,16
GCA_013270505.1_ASM1327050v1_genomic,16
GCA_019504405.1_PDT001105935.1_genomic,16
GCA_007403925.1_PDT000452753.1_genomic,16
GCA_005678445.1_PDT000235339.2_genomic,16
GCA_006184105.1_PDT000275120.2_genomic,16
GCA_019858585.1_PDT001121780.1_genomic,16
GCA_003912915.1_PDT000341406.1_genomic,16
GCA_006724085.1_PDT000355971.1_genomic,16
GCA_011285345.1_PDT000674010.1_genomic,16
GCA_002047625.1_ASM204762v1_genomic,16
GCA_019858065.1_PDT001121802.1_genomic,16
GCA_010750715.1_PDT000176746.2_genomic,16
GCA_014614525.1_PDT000837756.1_genomic,16
GCA_010676785.1_PDT000003715.4_genomic,16
GCA_007178755.1_PDT000001509.2_genomic,16
GCA_007848395.1_PDT000549528.1_genomic,16
GCA_006870005.2_ASM687000v2_genomic,16
GCA_006600915.1_PDT000351478.1_genomic,16
GCA_010453195.1_PDT000131717.2_genomic,16
GCA_019221945.1_PDT001089970.1_genomic,16
GCA_013207345.1_ASM1320734v1_genomic,16
GCA_018979605.1_PDT001029112.1_genomic,16
GCA_010699765.1_PDT000031517.3_genomic,16
GCA_019511805.1_PDT001105606.1_genomic,16
GCA_002034855.1_ASM203485v1_genomic,16
GCA_006571265.1_PDT000221838.2_genomic,16
GCA_007577415.1_PDT000332274.1_genomic,16
GCA_006475655.1_PDT000525388.1_genomic,16
GCA_019858325.1_PDT001121795.1_genomic,16
GCA_010737555.1_PDT000127300.2_genomic,16
GCA_017796885.1_PDT000998972.1_genomic,16
GCA_005682875.1_PDT000363919.1_genomic,16
GCF_020176275.1_ASM2017627v1_genomic,16
GCA_005739415.1_PDT000487674.1_genomic,16
GCA_013518555.1_PDT000784383.1_genomic,16
GCA_006083315.1_PDT000001093.2_genomic,16
GCA_010484395.1_PDT000263787.2_genomic,16
GCA_011247015.1_PDT000679424.1_genomic,16
GCA_013734845.1_PDT000791900.1_genomic,16
GCA_006059755.1_PDT000217263.2_genomic,16
GCA_010368185.1_PDT000002513.3_genomic,16
GCA_005599855.1_PDT000492290.1_genomic,16
GCA_011222155.1_PDT000674332.1_genomic,16
GCA_020414905.1_PDT001147644.1_genomic,16
GCA_017805295.1_PDT000998966.1_genomic,16
GCA_018120865.1_PDT001010732.1_genomic,16
GCA_008863145.1_PDT000601832.1_genomic,16
GCA_011247375.1_PDT000660285.4_genomic,16
GCA_005600525.1_PDT000494787.1_genomic,16
GCA_017796925.1_PDT000998968.1_genomic,16
GCA_010935325.1_PDT000564692.1_genomic,16
GCA_005954285.1_PDT000093109.2_genomic,16
GCA_014568455.1_PDT000728578.1_genomic,16
GCA_006945105.1_PDT000187387.2_genomic,16
GCA_006549975.1_PDT000347884.1_genomic,16
GCA_007344315.1_PDT000399737.1_genomic,16
GCA_006297015.1_PDT000236435.2_genomic,16
GCA_019302105.1_PDT001093340.1_genomic,16
GCA_019357035.1_PDT001096436.1_genomic,16
GCA_007268845.1_PDT000344221.1_genomic,16
GCA_019518865.1_ASM1951886v1_genomic,16
GCA_002049005.1_ASM204900v1_genomic,16
GCA_005866025.1_PDT000500796.1_genomic,16
GCA_007474985.1_PDT000275830.2_genomic,16
GCA_011285465.1_PDT000674097.1_genomic,16
GCA_010389015.1_PDT000658781.1_genomic,16
GCA_011535825.1_PDT000289732.2_genomic,16
GCA_008341905.1_PDT000579514.1_genomic,16
GCA_018181455.1_PDT001014598.1_genomic,16
GCF_003324975.1_ASM332497v1_genomic,16
GCA_007752365.1_PDT000069225.3_genomic,16
GCA_010439015.1_PDT000058326.2_genomic,16
GCA_008170145.1_PDT000569948.1_genomic,16
GCA_006533395.1_PDT000532340.1_genomic,16
GCF_005606435.1_ASM560643v2_genomic,16
GCA_005950505.1_PDT000068387.2_genomic,16
GCA_011220695.1_PDT000674231.1_genomic,16
GCA_018908585.1_PDT001070352.1_genomic,16
GCF_020296605.1_ASM2029660v1_genomic,16
GCA_011191895.1_PDT000627572.1_genomic,16
GCA_005989605.1_PDT000190847.2_genomic,16
GCA_005589435.1_PDT000479011.1_genomic,16
GCA_017865485.1_PDT000998994.1_genomic,16
GCA_014432085.1_PDT000196540.2_genomic,16
GCA_004263985.1_PDT000267405.3_genomic,16
GCA_008739555.1_PDT000099415.2_genomic,16
GCA_011105435.1_PDT000143609.2_genomic,16
GCA_011410315.1_PDT000095519.2_genomic,16
GCA_007788955.1_PDT000473617.1_genomic,16
GCA_019133895.1_PDT001082068.1_genomic,16
GCA_011324555.1_PDT000630193.1_genomic,16
GCA_017865855.1_PDT000998963.1_genomic,16
GCA_020296865.1_ASM2029686v1_genomic,16
GCA_013637415.1_PDT000773439.1_genomic,16
GCA_019858625.1_PDT001121809.1_genomic,16
GCA_019507165.1_PDT001106330.1_genomic,16
GCA_006875665.1_PDT000069994.2_genomic,16
GCA_013269405.1_ASM1326940v1_genomic,16
GCA_006466125.1_PDT000523884.1_genomic,16
GCA_007490605.1_PDT000304735.2_genomic,16
GCA_007748375.1_PDT000003154.3_genomic,16
GCA_006500835.1_PDT000245932.2_genomic,16
GCA_014755385.1_PDT000257306.2_genomic,16
GCA_007260765.1_PDT000342434.1_genomic,16
GCA_019499765.1_PDT001106146.1_genomic,16
GCA_013269915.1_ASM1326991v1_genomic,16
GCA_007034345.1_PDT000228393.2_genomic,16
GCA_011226895.1_PDT000674195.1_genomic,16
GCA_011404995.1_PDT000654131.1_genomic,16
GCA_020296745.1_ASM2029674v1_genomic,16
GCA_006843485.1_PDT000321482.1_genomic,16
GCA_011099785.1_PDT000056955.2_genomic,16
GCA_007182355.1_PDT000053158.3_genomic,16
GCA_008586625.1_PDT000586527.1_genomic,16
GCA_014910505.1_PDT000860594.1_genomic,16
GCA_006889605.1_PDT000101376.2_genomic,16
GCA_005956325.1_PDT000096788.2_genomic,16
GCA_013207445.1_ASM1320744v1_genomic,16
GCA_019960515.1_PDT001126384.1_genomic,16
GCA_020176255.1_ASM2017625v1_genomic,16
GCA_007341975.1_PDT000387560.2_genomic,16
GCF_041367775.1_ASM4136777v1_genomic,16
GCA_006887925.1_PDT000096800.2_genomic,16
GCA_011314315.1_PDT000624722.1_genomic,16
GCF_020176585.1_ASM2017658v1_genomic,16
GCA_005936325.1_PDT000039177.3_genomic,16
GCA_014757525.1_PDT000055235.2_genomic,16
GCA_009245865.1_PDT000211696.2_genomic,16
GCA_010975375.1_PDT000628793.1_genomic,16
GCA_007547335.1_PDT000050243.2_genomic,16
GCA_007236095.1_PDT000336550.1_genomic,16
GCF_903931375.1_4586_10_genomic,16
GCA_018622795.1_PDT001057072.1_genomic,16
GCA_006115165.1_PDT000216317.2_genomic,16
GCA_020969095.1_PDT001183988.1_genomic,16
GCA_013269705.1_ASM1326970v1_genomic,16
GCA_019087565.1_PDT001080007.1_genomic,16
GCA_019525165.1_PDT001103171.1_genomic,16
GCA_011783265.1_PDT000684539.1_genomic,16
GCA_010787395.1_PDT000303438.2_genomic,16
GCA_019683315.1_PDT001111099.1_genomic,16
GCA_015180315.1_ASM1518031v1_genomic,16
GCA_007744935.1_PDT000002506.3_genomic,16
GCA_010471625.1_PDT000288087.2_genomic,16
GCA_006120145.1_PDT000222695.2_genomic,16
GCA_010667445.2_PDT000059780.3_genomic,16
GCA_010678265.1_PDT000143614.2_genomic,16
GCA_006817845.1_PDT000316408.1_genomic,16
GCA_014780755.1_PDT000849667.1_genomic,16
GCA_011709655.1_PDT000708914.1_genomic,16
GCF_002048925.1_ASM204892v1_genomic,16
GCF_005936085.1_ASM593608v2_genomic,16
GCA_006425755.1_PDT000521491.1_genomic,16
GCA_016019655.1_ASM1601965v1_genomic,16
GCA_007271255.1_PDT000345122.1_genomic,16
GCA_013645755.1_PDT000773027.1_genomic,16
GCA_006825245.1_PDT000350168.1_genomic,16
GCA_020296945.1_ASM2029694v1_genomic,16
GCA_005943625.1_PDT000049195.2_genomic,16
GCA_007319315.1_PDT000380581.1_genomic,16
GCF_020296105.1_ASM2029610v1_genomic,16
GCA_011529625.1_PDT000282649.2_genomic,16
GCA_010863465.1_PDT000653566.1_genomic,16
GCA_019283955.1_PDT001092945.1_genomic,16
GCA_020296345.1_ASM2029634v1_genomic,16
GCA_012152575.1_PDT000720363.1_genomic,16
GCA_007781325.1_PDT000453946.1_genomic,16
GCA_002050675.1_ASM205067v1_genomic,16
GCA_014261965.1_PDT000817043.1_genomic,16
GCA_013275225.1_ASM1327522v1_genomic,16
GCA_011740775.1_PDT000712374.1_genomic,16
GCF_006870005.1_ASM687000v2_genomic,16
GCA_006051395.1_PDT000211048.2_genomic,16
GCA_007010105.1_PDT000337457.1_genomic,16
GCF_020176615.1_ASM2017661v1_genomic,16
GCA_006617305.1_PDT000365911.1_genomic,16
GCA_011285375.1_PDT000674194.1_genomic,16
GCF_020296785.1_ASM2029678v1_genomic,16
GCA_013269455.1_ASM1326945v1_genomic,16
GCA_005412995.1_PDT000081569.4_genomic,16
GCA_006729725.1_PDT000359037.1_genomic,16
GCF_020296965.1_ASM2029696v1_genomic,16
GCA_010400625.1_PDT000226385.2_genomic,16
GCA_005940865.1_PDT000043943.2_genomic,16
GCA_005491405.1_PDT000469101.1_genomic,16
GCA_010693205.1_PDT000034029.3_genomic,16
GCA_007627615.1_PDT000054508.2_genomic,16
GCA_006985765.1_PDT000345040.1_genomic,16
GCF_049944395.1_ASM4994439v1_genomic,16
GCA_007158905.1_PDT000326361.1_genomic,16
GCA_017779545.1_PDT000997991.1_genomic,16
GCA_009053745.1_PDT000180508.2_genomic,16
GCA_007581805.1_PDT000387561.1_genomic,16
GCF_020296745.1_ASM2029674v1_genomic,16
GCA_016437885.1_PDT000925538.1_genomic,16
GCA_010843185.1_PDT000647049.1_genomic,16
GCA_005965305.1_PDT000129517.2_genomic,16
GCA_009643415.1_PDT000607349.1_genomic,16
GCA_020811495.1_PDT001172126.1_genomic,16
GCA_013269985.1_ASM1326998v1_genomic,16
GCA_010164555.1_PDT000278867.2_genomic,16
GCA_010937155.1_PDT000630207.1_genomic,16
GCA_010581805.1_PDT000275356.2_genomic,16
GCA_019858105.1_PDT001121805.1_genomic,16
GCA_011511025.1_PDT000708008.1_genomic,16
GCA_008149705.1_PDT000571421.1_genomic,16
GCA_013269815.1_ASM1326981v1_genomic,16
GCA_006934035.1_PDT000323351.1_genomic,16
GCA_017108045.1_PDT000973669.1_genomic,16
GCA_008808575.1_PDT000110760.2_genomic,16
GCA_017796985.1_PDT000998961.1_genomic,16
GCF_028492525.1_ASM2849252v1_genomic,16
GCA_014604755.1_PDT000836645.1_genomic,16
GCA_003781925.1_PDT000396099.1_genomic,16
GCA_013654295.1_PDT000771912.1_genomic,16
GCA_010547745.1_PDT000095526.2_genomic,16
GCA_017032355.1_PDT000954734.1_genomic,16
GCA_005866105.1_PDT000500810.1_genomic,16
GCA_006140895.1_PDT000236367.2_genomic,16
GCA_014310055.1_PDT000821737.1_genomic,16
GCA_006786205.1_PDT000364025.1_genomic,16
GCA_010829445.1_PDT000641533.1_genomic,16
GCA_010411535.1_PDT000282467.2_genomic,16
GCA_015080735.1_PDT000856809.1_genomic,16
GCA_007271855.1_PDT000345281.1_genomic,16
GCA_005826805.1_PDT000443483.1_genomic,16
GCA_017796205.1_PDT000998990.1_genomic,16
GCA_010921765.1_PDT000060682.2_genomic,16
GCA_005430165.1_PDT000482350.1_genomic,16
GCA_010520255.1_PDT000178860.2_genomic,16
GCA_011407875.1_PDT000043432.5_genomic,16
GCF_020296685.1_ASM2029668v1_genomic,16
GCA_004157095.1_PDT000316702.1_genomic,16
GCA_005524685.1_PDT000336133.1_genomic,16
GCA_005912385.1_PDT000502775.1_genomic,16
GCA_010676005.1_PDT000056376.2_genomic,16
GCF_020296885.1_ASM2029688v1_genomic,16
GCA_013269745.1_ASM1326974v1_genomic,16
GCA_011204635.1_PDT000671430.1_genomic,16
GCF_041866875.1_ASM4186687v1_genomic,16
GCA_011280115.1_PDT000702749.1_genomic,16
GCA_010521975.1_PDT000648921.1_genomic,16
GCA_013270715.1_ASM1327071v1_genomic,16
GCA_006572505.1_PDT000244170.2_genomic,16
GCA_010673685.1_PDT000098114.6_genomic,16
GCA_005830865.1_PDT000459021.1_genomic,16
GCA_005595685.1_PDT000487237.1_genomic,16
GCA_007530085.1_PDT000477441.1_genomic,16
GCA_006996825.1_PDT000340226.1_genomic,16
GCA_005551695.1_PDT000403285.1_genomic,16
GCF_900456525.1_46983_B01_genomic,16
GCA_014759405.1_PDT000192850.2_genomic,16
GCA_005411355.1_PDT000070013.2_genomic,16
GCA_013270605.1_ASM1327060v1_genomic,16
GCA_011176975.1_PDT000563005.1_genomic,16
GCA_007668745.1_PDT000472896.1_genomic,16
GCA_008700865.1_PDT000249347.2_genomic,16
GCA_005678655.1_PDT000068737.2_genomic,16
GCA_006019315.1_PDT000068418.2_genomic,16
GCA_006343145.1_PDT000518530.1_genomic,16
GCA_007562965.1_PDT000291233.2_genomic,16
GCA_007751895.1_PDT000067811.2_genomic,16
GCA_007318895.1_PDT000386389.1_genomic,16
GCA_006609425.1_PDT000360152.1_genomic,16
GCA_010412815.1_PDT000207544.2_genomic,16
GCA_007282375.1_PDT000350336.1_genomic,16
GCA_003880635.1_PDT000319770.1_genomic,16
GCA_013270775.1_ASM1327077v1_genomic,16
GCA_020296965.1_ASM2029696v1_genomic,16
GCA_003869415.1_PDT000046063.3_genomic,16
GCA_011155855.1_PDT000302868.2_genomic,16
GCA_013207355.1_ASM1320735v1_genomic,16
GCA_007021845.1_PDT000216377.2_genomic,16
GCA_004237645.1_PDT000382710.1_genomic,16
GCA_007085565.1_PDT000257891.2_genomic,16
GCF_049944575.1_ASM4994457v1_genomic,16
GCA_018254475.1_PDT001018109.1_genomic,16
GCA_007593025.1_PDT000464732.1_genomic,16
GCA_010925255.1_PDT000303582.2_genomic,16
GCA_005957245.1_PDT000098662.2_genomic,16
GCA_019060915.1_PDT001078698.1_genomic,16
GCA_007603215.1_PDT000474429.1_genomic,16
GCA_006315285.1_PDT000288965.2_genomic,16
GCA_017493605.1_PDT000986584.1_genomic,16
GCA_016434525.1_PDT000925784.1_genomic,16
GCA_017202775.1_PDT000942374.1_genomic,16
GCA_007218115.1_PDT000122267.2_genomic,16
GCA_005519385.1_ASM551938v1_genomic,16
GCA_003077495.1_ASM307749v1_genomic,16
GCA_006886885.1_PDT000096761.5_genomic,16
GCA_005972825.1_PDT000149869.2_genomic,16
GCA_020697195.1_PDT001164682.1_genomic,16
GCA_006095695.1_PDT000108081.2_genomic,16
GCA_006323805.1_PDT000307403.2_genomic,16
GCA_010694905.1_PDT000001877.3_genomic,16
GCA_013207095.1_ASM1320709v1_genomic,16
GCA_005471135.1_PDT000416547.1_genomic,16
GCA_014758825.1_PDT000243664.2_genomic,16
GCA_013744555.1_PDT000762122.1_genomic,16
GCA_006024115.1_PDT000096792.2_genomic,16
GCA_017292595.1_PDT000977902.1_genomic,16
GCA_011439095.1_PDT000059282.2_genomic,16
GCF_048452565.1_ASM4845256v1_genomic,16
GCA_003875095.1_PDT000098615.2_genomic,16
GCA_010621845.1_PDT000233534.2_genomic,16
GCF_020296445.1_ASM2029644v1_genomic,16
GCA_006999845.1_PDT000342016.1_genomic,16
GCA_013210125.1_ASM1321012v1_genomic,16
GCA_019948115.1_PDT001128904.1_genomic,16
GCA_007661835.1_PDT000307385.2_genomic,16
GCA_007542435.1_PDT000539222.1_genomic,16
GCA_006394935.1_PDT000505194.1_genomic,16
GCA_002049445.1_ASM204944v1_genomic,16
GCA_010555125.1_PDT000125185.2_genomic,16
GCA_013270175.1_ASM1327017v1_genomic,16
GCF_001570045.1_ASM157004v1_genomic,16
GCA_015243495.1_PDT000877937.1_genomic,16
GCA_010788595.1_PDT000312621.2_genomic,16
GCF_050516495.1_ASM5051649v1_genomic,16
GCA_001742445.1_ASM174244v1_genomic,16
GCA_005608385.1_PDT000300641.2_genomic,16
GCF_903931295.1_1076_01_genomic,16
GCA_007838715.1_PDT000129518.3_genomic,16
GCA_010972175.1_PDT000115333.2_genomic,16
GCA_013770265.1_PDT000755743.1_genomic,16
GCA_020176395.1_ASM2017639v1_genomic,16
GCA_011435295.1_PDT000003246.6_genomic,16
GCA_007103125.1_PDT000268992.2_genomic,16
GCA_006394055.1_PDT000003508.6_genomic,16
GCA_007364525.1_PDT000413186.1_genomic,16
GCA_013481805.1_PDT000793983.1_genomic,16
GCA_007329035.1_PDT000390048.1_genomic,16
GCA_007631575.1_PDT000284114.2_genomic,18
GCA_010157755.1_PDT000278408.2_genomic,18
GCA_003121195.1_ASM312119v1_genomic,18
GCA_006909865.1_PDT000150000.2_genomic,18
GCA_010443315.1_PDT000144738.2_genomic,18
GCA_011596845.1_PDT000045699.3_genomic,18
GCA_014355455.1_PDT000824037.1_genomic,18
GCA_014470415.1_PDT000829030.1_genomic,18
GCA_005595075.1_PDT000486458.1_genomic,18
GCA_005448305.1_PDT000386265.1_genomic,18
GCA_008683025.1_ASM868302v1_genomic,18
GCA_005621035.1_PDT000390682.1_genomic,18
GCA_000505225.1_CFSAN001673_01.0_genomic,18
GCA_014703565.1_PDT000842005.1_genomic,18
GCA_003870235.1_PDT000043995.3_genomic,18
GCA_005942265.1_PDT000046359.2_genomic,18
GCA_006640345.1_PDT000319565.1_genomic,18
GCA_006912315.1_PDT000152093.2_genomic,18
GCA_010695245.1_PDT000042993.4_genomic,18
GCA_010755715.1_PDT000167804.2_genomic,18
GCA_010454775.1_PDT000177723.2_genomic,18
GCA_020132345.1_PDT001134648.1_genomic,18
GCA_006914935.1_PDT000153133.2_genomic,18
GCA_010529955.1_PDT000221488.2_genomic,18
GCA_002106035.1_ASM210603v1_genomic,18
GCA_005826765.1_PDT000447381.1_genomic,18
GCA_006214285.1_PDT000510900.1_genomic,18
GCA_013639855.1_PDT000773352.1_genomic,18
GCA_007242035.1_PDT000338110.1_genomic,18
GCA_010383185.1_PDT000645895.1_genomic,18
GCA_015908425.1_PDT000908108.1_genomic,18
GCA_014050875.1_PDT000801480.1_genomic,18
GCA_010539615.1_PDT000101884.2_genomic,18
GCA_005591995.1_PDT000481157.1_genomic,18
GCA_006782405.1_PDT000359353.1_genomic,18
GCA_008428125.1_PDT000141542.2_genomic,18
GCA_010755315.1_PDT000197565.2_genomic,18
GCA_019842865.1_PDT001120831.1_genomic,18
GCA_002105795.1_ASM210579v1_genomic,18
GCA_020913045.1_PDT001179258.1_genomic,18
GCA_004223525.1_PDT000409459.1_genomic,18
GCA_019858465.1_PDT001121771.1_genomic,18
GCA_011243195.1_PDT000679019.1_genomic,18
GCA_006524635.1_PDT000440399.1_genomic,18
GCA_011713935.1_PDT000709608.1_genomic,18
GCA_009483565.1_PDT000621081.1_genomic,18
GCA_005482455.1_PDT000448297.1_genomic,18
GCA_008687275.1_ASM868727v1_genomic,18
GCA_001043095.1_ASM104309v1_genomic,18
GCA_005559175.1_PDT000409565.1_genomic,18
GCA_014368685.1_PDT000801355.1_genomic,18
GCA_008813375.1_PDT000598024.1_genomic,18
GCA_010580345.1_PDT000277007.2_genomic,18
GCA_010717455.1_PDT000224699.2_genomic,18
GCA_006523875.1_PDT000433921.1_genomic,18
GCA_006950285.1_PDT000201888.2_genomic,18
GCA_011109515.1_PDT000162059.2_genomic,18
GCA_007157585.1_PDT000326371.1_genomic,18
GCA_007241535.1_PDT000338065.1_genomic,18
GCA_008667235.1_PDT000590176.1_genomic,18
GCA_019066985.1_PDT001078812.1_genomic,18
GCA_006100215.1_PDT000150015.2_genomic,18
GCA_014372645.1_PDT000785148.1_genomic,18
GCA_005904365.1_PDT000486395.1_genomic,18
GCA_008413425.1_PDT000125889.2_genomic,18
GCA_010573845.1_PDT000205239.2_genomic,18
GCA_017249895.1_PDT000938980.1_genomic,18
GCA_017847375.1_PDT000999924.1_genomic,18
GCA_010789195.1_PDT000146445.2_genomic,18
GCA_010775075.1_PDT000265096.2_genomic,18
GCA_010702275.1_PDT000003255.5_genomic,18
GCA_011434435.1_PDT000002695.3_genomic,18
GCA_010530195.1_PDT000236953.2_genomic,18
GCA_006524295.1_PDT000433943.1_genomic,18
GCA_003871255.1_PDT000046372.2_genomic,18
GCA_016976375.1_PDT000968601.1_genomic,18
GCA_006526695.1_PDT000464002.1_genomic,18
GCA_018111305.1_PDT001009526.1_genomic,18
GCA_005583155.1_PDT000465547.1_genomic,18
GCA_005976565.1_PDT000162678.2_genomic,18
GCA_005942385.1_PDT000046416.2_genomic,18
GCA_011241915.1_PDT000678280.1_genomic,18
GCA_019858865.1_PDT001121730.1_genomic,18
GCA_009579205.1_PDT000268258.2_genomic,18
GCA_014372525.1_PDT000785152.1_genomic,18
GCA_007108725.1_PDT000273592.2_genomic,18
GCA_019286315.1_PDT001092868.1_genomic,18
GCA_010719915.1_PDT000222728.2_genomic,18
GCA_006642865.1_PDT000322421.1_genomic,18
GCA_006524515.1_PDT000433985.1_genomic,18
GCA_010751295.1_PDT000178763.2_genomic,18
GCA_010474125.1_PDT000272551.2_genomic,18
GCA_007860505.1_PDT000550405.1_genomic,18
GCA_010397725.1_PDT000211283.2_genomic,18
GCA_007340645.1_PDT000398428.1_genomic,18
GCA_005435855.1_PDT000048193.2_genomic,18
GCA_005537875.1_PDT000356631.1_genomic,18
GCA_002033645.1_ASM203364v1_genomic,18
GCA_010758975.1_PDT000200262.2_genomic,18
GCA_010653845.1_PDT000258255.2_genomic,18
GCA_020978805.1_PDT001184606.1_genomic,18
GCA_006143975.1_PDT000390681.2_genomic,18
GCA_010786735.1_PDT000307983.2_genomic,18
GCA_008524665.1_PDT000152138.2_genomic,18
GCA_005902245.1_PDT000448336.1_genomic,18
GCA_010897895.1_PDT000629291.1_genomic,18
GCA_010755815.1_PDT000167492.2_genomic,18
GCA_006937605.1_PDT000156450.2_genomic,18
GCA_016734085.1_PDT000935895.1_genomic,18
GCA_006522955.1_PDT000416398.1_genomic,18
GCA_016334855.1_PDT000922419.1_genomic,18
GCA_008482465.1_PDT000176254.2_genomic,18
GCA_010415165.1_PDT000268060.2_genomic,18
GCA_000505365.2_ASM50536v2_genomic,18
GCA_018797805.1_PDT001064435.1_genomic,18
GCA_005633535.1_PDT000488859.1_genomic,18
GCA_010394485.1_PDT000149811.2_genomic,18
GCA_005602815.1_PDT000496601.1_genomic,18
GCA_010627145.1_PDT000235530.2_genomic,18
GCA_011414055.1_PDT000032093.3_genomic,18
GCA_007353175.1_PDT000408701.1_genomic,18
GCA_005572975.1_PDT000430851.1_genomic,18
GCA_007291435.1_PDT000376613.1_genomic,18
GCA_005610035.1_PDT000139437.5_genomic,18
GCF_041132825.1_ASM4113282v1_genomic,18
GCA_020225415.1_PDT001142770.1_genomic,18
GCA_007219255.1_PDT000334045.1_genomic,18
GCA_005987705.1_PDT000187774.2_genomic,18
GCA_010465985.1_PDT000641773.1_genomic,18
GCA_010379085.1_PDT000213307.2_genomic,18
GCA_008490285.1_PDT000267539.2_genomic,18
GCA_020528875.1_PDT001150592.1_genomic,18
GCA_010456265.1_PDT000263333.2_genomic,18
GCA_008533095.1_PDT000287458.2_genomic,18
GCA_007744475.1_PDT000043427.5_genomic,18
GCA_017071735.1_PDT000951268.1_genomic,18
GCA_011564195.1_PDT000626929.1_genomic,18
GCA_010716435.1_PDT000095938.2_genomic,18
GCA_011348245.1_PDT000678630.1_genomic,18
GCA_010629805.1_PDT000262760.2_genomic,18
GCA_011084185.1_PDT000003573.3_genomic,18
GCA_010001165.1_PDT000205754.2_genomic,18
GCA_020527655.1_PDT001150596.1_genomic,18
GCA_007200355.1_PDT000222732.2_genomic,18
GCA_010472925.1_PDT000225265.2_genomic,18
GCA_010511015.1_PDT000272572.2_genomic,18
GCA_013643055.1_PDT000773149.1_genomic,18
GCA_005435555.1_PDT000001732.2_genomic,18
GCA_011239335.1_PDT000678382.1_genomic,18
GCA_008915425.1_PDT000140723.2_genomic,18
GCA_016978255.1_PDT000968507.1_genomic,18
GCA_008488685.1_PDT000235394.2_genomic,18
GCA_005741295.1_PDT000482324.1_genomic,18
GCA_005758115.1_PDT000270885.2_genomic,18
GCA_007035195.1_PDT000227153.2_genomic,18
GCA_010734955.1_PDT000105831.2_genomic,18
GCA_009227685.1_PDT000610489.1_genomic,18
GCA_008443745.1_PDT000320748.1_genomic,18
GCA_008527575.1_PDT000193475.2_genomic,18
GCA_004281615.1_PDT000403793.1_genomic,18
GCA_011250995.1_PDT000679590.1_genomic,18
GCA_005969165.1_PDT000139438.3_genomic,18
GCA_008480025.1_PDT000136432.2_genomic,18
GCA_008491965.1_PDT000303084.2_genomic,18
GCA_007652055.1_PDT000454022.1_genomic,18
GCA_007637835.1_PDT000299825.2_genomic,18
GCA_007925925.1_PDT000547281.1_genomic,18
GCA_014599235.1_PDT000836938.1_genomic,18
GCA_011106675.1_PDT000141562.2_genomic,18
GCA_005574815.1_PDT000435442.1_genomic,18
GCA_003917625.1_PDT000387852.1_genomic,18
GCA_017223915.1_PDT000940848.1_genomic,18
GCA_006952925.1_PDT000176280.2_genomic,18
GCA_000505125.1_CFSAN001338_01.0_genomic,18
GCA_005512415.1_PDT000494379.1_genomic,18
GCA_010712035.1_PDT000059713.2_genomic,18
GCA_011787205.1_PDT000684724.1_genomic,18
GCA_014814965.1_PDT000850300.1_genomic,18
GCA_009853255.1_CRJJGF_00041_v1.0_genomic,18
GCA_010412315.1_PDT000200600.2_genomic,18
GCA_006123535.1_PDT000225262.2_genomic,18
GCA_006086215.1_PDT000044920.2_genomic,18
GCA_006191905.1_PDT000280550.2_genomic,18
GCA_020527955.1_PDT001150566.1_genomic,18
GCA_007318415.1_PDT000386347.1_genomic,18
GCA_008521645.1_PDT000134392.2_genomic,18
GCA_008682225.1_ASM868222v1_genomic,18
GCA_006638465.1_PDT000304083.2_genomic,18
GCA_005626295.1_PDT000403180.1_genomic,18
GCA_011241095.1_PDT000678625.1_genomic,18
GCA_016736575.1_PDT000931335.1_genomic,18
GCA_011745395.1_PDT000713142.1_genomic,18
GCA_006345335.1_PDT000167583.2_genomic,18
GCA_010411625.1_PDT000309863.2_genomic,18
GCA_011424985.1_PDT000649273.1_genomic,18
GCA_011397895.1_PDT000144745.2_genomic,18
GCA_005578635.1_PDT000451364.1_genomic,18
GCA_008684705.1_ASM868470v1_genomic,18
GCA_009546995.1_PDT000623107.1_genomic,18
GCA_018276925.1_PDT001018714.1_genomic,18
GCA_007064245.1_PDT000241845.2_genomic,18
GCA_014589295.1_PDT000724331.1_genomic,18
GCA_006394195.1_PDT000517628.1_genomic,18
GCA_008406555.1_PDT000095495.3_genomic,18
GCA_006590145.1_PDT000336752.1_genomic,18
GCA_010591925.1_PDT000218604.2_genomic,18
GCA_011100325.1_PDT000068455.2_genomic,18
GCA_011422145.1_PDT000250522.2_genomic,18
GCA_006526365.1_PDT000463936.1_genomic,18
GCA_005584915.1_PDT000469081.1_genomic,18
GCA_003894375.1_PDT000379394.1_genomic,18
GCA_005533515.1_PDT000139580.3_genomic,18
GCA_014052745.1_PDT000801421.1_genomic,18
GCA_008692705.1_ASM869270v1_genomic,18
GCA_015223745.1_PDT000877404.1_genomic,18
GCA_018496535.1_PDT001045902.1_genomic,18
GCA_014246195.1_PDT000814941.1_genomic,18
GCA_011787605.1_PDT000684716.1_genomic,18
GCA_020461965.1_PDT001149008.1_genomic,18
GCA_014522885.1_PDT000727440.1_genomic,18
GCA_008481465.1_PDT000151915.2_genomic,18
GCA_020758235.1_PDT001168379.1_genomic,18
GCA_007049745.1_PDT000235607.2_genomic,18
GCA_008683095.1_ASM868309v1_genomic,18
GCA_020013735.1_PDT001131116.1_genomic,18
GCA_008682915.1_ASM868291v1_genomic,18
GCA_005730015.1_PDT000455362.1_genomic,18
GCA_010470295.1_PDT000280692.2_genomic,18
GCA_005721695.1_PDT000432315.1_genomic,18
GCA_017175375.1_PDT000946016.1_genomic,18
GCA_020236055.1_PDT001142161.1_genomic,18
GCA_010397145.1_PDT000173490.2_genomic,18
GCA_008864205.1_PDT000601997.1_genomic,18
GCA_010654585.1_PDT000058058.2_genomic,18
GCA_006527135.1_PDT000480877.1_genomic,18
GCA_008440085.1_PDT000293395.2_genomic,18
GCA_019931615.1_ASM1993161v1_genomic,18
GCA_008404945.1_PDT000086819.2_genomic,18
GCA_010531195.1_PDT000260948.2_genomic,18
GCA_020968615.1_PDT001184029.1_genomic,18
GCA_007498925.1_PDT000085032.8_genomic,18
GCA_007020805.1_PDT000217262.2_genomic,18
GCA_010508535.1_PDT000193455.2_genomic,18
GCA_020527875.1_PDT001150586.1_genomic,18
GCA_008682815.1_ASM868281v1_genomic,18
GCA_008466685.1_PDT000047137.3_genomic,18
GCA_000505285.1_CFSAN001681_01.0_genomic,18
GCA_006969925.1_PDT000212492.2_genomic,18
GCA_013595525.1_PDT000789556.1_genomic,18
GCA_020527005.1_PDT001150577.1_genomic,18
GCA_010473505.1_PDT000293358.2_genomic,18
GCA_019961315.1_PDT001128964.1_genomic,18
GCA_008476405.1_PDT000134394.2_genomic,18
GCA_011239515.1_PDT000678404.1_genomic,18
GCA_006526355.1_PDT000463939.1_genomic,18
GCA_006700205.1_PDT000297654.2_genomic,18
GCA_014581015.1_PDT000724949.1_genomic,18
GCA_000505405.1_CFSAN001670_01.0_genomic,18
GCA_006911575.1_PDT000149763.2_genomic,18
GCA_005537235.1_PDT000139436.5_genomic,18
GCA_010926895.1_PDT000566462.1_genomic,18
GCA_013636655.1_PDT000773484.1_genomic,18
GCA_002105875.1_ASM210587v1_genomic,18
GCA_010769755.1_PDT000218556.2_genomic,18
GCA_011645055.1_PDT000688200.1_genomic,18
GCA_014052365.1_PDT000801443.1_genomic,18
GCA_010124945.1_PDT000218597.2_genomic,18
GCA_008682615.1_ASM868261v1_genomic,18
GCA_010911315.1_PDT000635658.1_genomic,18
GCA_011409835.1_PDT000110872.2_genomic,18
GCA_011079625.1_PDT000034221.3_genomic,18
GCA_011600685.1_PDT000688206.1_genomic,18
GCA_006958845.1_PDT000192236.2_genomic,18
GCA_010763995.1_PDT000207530.2_genomic,18
GCA_006529175.1_PDT000532189.1_genomic,18
GCA_018312515.1_PDT001022355.1_genomic,18
GCA_005659855.1_PDT000465370.1_genomic,18
GCA_019326125.1_PDT001095332.1_genomic,18
GCA_011412155.1_PDT000235391.2_genomic,18
GCA_005760235.1_PDT000139426.5_genomic,18
GCA_015376205.1_PDT000885208.1_genomic,18
GCA_015936965.1_PDT000897090.1_genomic,18
GCA_010546375.1_PDT000095441.2_genomic,18
GCA_008684855.1_ASM868485v1_genomic,18
GCA_015201005.1_PDT000851409.1_genomic,18
GCA_011106335.1_PDT000188446.2_genomic,18
GCA_008471385.1_PDT000115232.2_genomic,18
GCA_010572765.1_PDT000085717.2_genomic,18
GCA_010630875.1_PDT000268251.2_genomic,18
GCA_011105635.1_PDT000152135.2_genomic,18
GCA_010717075.1_PDT000095850.2_genomic,18
GCA_013598665.1_PDT000789580.1_genomic,18
GCA_020866265.1_PDT001174010.1_genomic,18
GCA_010670845.1_PDT000144747.2_genomic,18
GCA_014760605.1_PDT000057810.2_genomic,18
GCA_013106335.1_PDT000734149.1_genomic,18
GCA_004174875.1_PDT000327463.1_genomic,18
GCA_006199525.1_PDT000290347.2_genomic,18
GCA_007015705.1_PDT000351074.1_genomic,18
GCA_011735235.1_PDT000710466.1_genomic,18
GCA_006524255.1_PDT000433945.1_genomic,18
GCA_014044335.1_PDT000800185.1_genomic,18
GCA_010670365.1_PDT000129667.2_genomic,18
GCA_008476385.1_PDT000133416.2_genomic,18
GCA_008211505.1_PDT000559142.1_genomic,18
GCA_010933495.1_PDT000629276.1_genomic,18
GCA_007442465.1_PDT000477097.1_genomic,18
GCA_008714715.1_PDT000592012.1_genomic,18
GCA_011300535.1_PDT000678393.1_genomic,18
GCA_004271265.1_PDT000054996.2_genomic,18
GCA_005678575.1_PDT000284907.2_genomic,18
GCA_019727335.1_PDT001115157.1_genomic,18
GCA_008957405.1_PDT000602752.1_genomic,18
GCA_010857105.1_PDT000639371.1_genomic,18
GCA_020808345.1_PDT001171745.1_genomic,18
GCA_010639935.1_PDT000056905.2_genomic,18
GCA_011238815.1_PDT000678529.1_genomic,18
GCA_019267775.1_PDT001091579.1_genomic,18
GCA_008428525.1_PDT000145874.2_genomic,18
GCA_006914415.1_PDT000150013.2_genomic,18
GCA_005802525.1_PDT000405305.1_genomic,18
GCA_011716575.1_PDT000710463.1_genomic,18
GCA_019544595.1_PDT001102161.1_genomic,18
GCA_006138855.1_PDT000235569.2_genomic,18
GCA_006523475.1_PDT000433840.1_genomic,18
GCA_013639215.1_PDT000773283.1_genomic,18
GCA_011628945.1_PDT000688259.1_genomic,18
GCA_010612825.1_PDT000269718.2_genomic,18
GCA_010543825.1_PDT000152134.2_genomic,18
GCA_010850015.1_PDT000662163.1_genomic,18
GCA_020126695.1_PDT001023074.1_genomic,18
GCA_004226765.1_PDT000343466.1_genomic,18
GCA_019274415.1_PDT001090889.1_genomic,18
GCA_003894765.1_PDT000381248.1_genomic,18
GCA_006525575.1_PDT000448332.1_genomic,18
GCA_006801685.1_PDT000337811.1_genomic,18
GCA_010510775.1_PDT000047582.3_genomic,18
GCA_005497065.1_PDT000479095.1_genomic,18
GCA_008619715.1_PDT000092502.2_genomic,18
GCA_005504655.1_PDT000483441.1_genomic,18
GCA_010408065.1_PDT000144726.2_genomic,18
GCA_014310215.1_PDT000821759.1_genomic,18
GCA_006214705.1_PDT000517274.1_genomic,18
GCA_000505145.1_CFSAN001587_01.0_genomic,18
GCA_010414525.1_PDT000215781.2_genomic,18
GCA_010573405.1_PDT000303291.2_genomic,18
GCA_017569645.1_PDT000989224.1_genomic,18
GCA_010776195.1_PDT000275956.2_genomic,18
GCA_005667515.1_PDT000482078.1_genomic,18
GCA_011399655.1_PDT000201659.2_genomic,18
GCA_005442105.1_PDT000364393.1_genomic,18
GCA_006047715.1_PDT000197910.2_genomic,18
GCA_007685625.1_PDT000477392.1_genomic,18
GCA_011300915.1_PDT000678438.1_genomic,18
GCA_011381045.1_PDT000682388.1_genomic,18
GCA_010749915.1_PDT000162058.2_genomic,18
GCA_011414915.1_PDT000195812.2_genomic,18
GCA_014500455.1_PDT000831809.1_genomic,18
GCA_020659775.1_PDT001163331.1_genomic,18
GCA_006519035.1_PDT000265419.2_genomic,18
GCA_006170385.1_PDT000256968.2_genomic,18
GCA_002047115.1_ASM204711v1_genomic,18
GCA_014742455.1_PDT000844808.1_genomic,18
GCA_007327795.1_PDT000389944.1_genomic,18
GCA_006455425.1_PDT000522523.1_genomic,18
GCA_010762195.1_PDT000206084.2_genomic,18
GCA_000505325.1_CFSAN001692_01.0_genomic,18
GCA_011630925.1_PDT000688196.1_genomic,18
GCA_012106615.1_PDT000719932.1_genomic,18
GCA_013718325.1_PDT000764715.1_genomic,18
GCA_017576545.1_PDT000989854.1_genomic,18
GCA_006004725.1_PDT000509402.1_genomic,18
GCA_006696205.1_PDT000177775.2_genomic,18
GCA_006527335.1_PDT000481176.1_genomic,18
GCA_007199235.1_PDT000219344.2_genomic,18
GCA_007636615.1_PDT000293197.2_genomic,18
GCA_008540635.1_PDT000395595.1_genomic,18
GCA_006523855.1_PDT000433887.1_genomic,18
GCA_008481085.1_PDT000141097.2_genomic,18
GCA_016627265.1_PDT000931598.1_genomic,18
GCA_008682655.1_ASM868265v1_genomic,18
GCA_019725995.1_PDT001115238.1_genomic,18
GCA_007735915.1_PDT000548822.1_genomic,18
GCA_006676685.1_PDT000371964.1_genomic,18
GCA_016437195.1_PDT000925586.1_genomic,18
GCA_000658985.1_ASM65898v1_genomic,18
GCA_005529075.1_PDT000448322.1_genomic,18
GCA_006932695.1_PDT000320289.1_genomic,18
GCA_010944035.1_PDT000313527.2_genomic,18
GCA_011793325.1_PDT000685289.1_genomic,18
GCA_010379765.1_PDT000195745.2_genomic,18
GCA_005759315.1_PDT000139439.5_genomic,18
GCA_005545675.1_PDT000387479.1_genomic,18
GCA_005733535.1_PDT000463998.1_genomic,18
GCA_007016045.1_PDT000351180.1_genomic,18
GCA_007443245.1_PDT000483432.1_genomic,18
GCA_008960185.1_PDT000602937.1_genomic,18
GCA_007619975.1_PDT000539325.1_genomic,18
GCA_011243115.1_PDT000679097.1_genomic,18
GCA_010431895.1_PDT000218585.2_genomic,18
GCA_010430365.1_PDT000295966.2_genomic,18
GCA_007747355.1_PDT000033842.3_genomic,18
GCA_010442375.1_PDT000176300.2_genomic,18
GCA_002063315.1_ASM206331v1_genomic,18
GCA_010853305.1_PDT000639437.1_genomic,18
GCA_019859325.1_PDT001121732.1_genomic,18
GCA_008412565.1_PDT000129244.2_genomic,18
GCA_005960165.1_PDT000112987.2_genomic,18
GCA_013634935.1_PDT000773561.1_genomic,18
GCA_011106995.1_PDT000146155.2_genomic,18
GCA_006524675.1_PDT000440428.1_genomic,18
GCA_008408805.1_PDT000115245.2_genomic,18
GCA_007313875.1_PDT000384742.1_genomic,18
GCA_000505165.1_CFSAN001590_01.0_genomic,18
GCA_006103075.1_PDT000172230.2_genomic,18
GCA_013259655.1_ASM1325965v1_genomic,18
GCA_010769895.1_PDT000218579.2_genomic,18
GCA_015374205.1_PDT000888254.1_genomic,18
GCA_006772305.1_PDT000344623.1_genomic,18
GCA_008682845.1_ASM868284v1_genomic,18
GCA_005987665.1_PDT000187665.2_genomic,18
GCA_010797095.1_PDT000094716.2_genomic,18
GCA_018450845.1_PDT001044961.1_genomic,18
GCA_017042815.1_PDT000953960.1_genomic,18
GCA_011710115.1_PDT000709822.1_genomic,18
GCA_007683285.1_PDT000476344.1_genomic,18
GCA_009009355.1_PDT000604492.1_genomic,18
GCA_006522935.1_PDT000416392.1_genomic,18
GCA_006599465.1_PDT000353257.1_genomic,18
GCA_010756115.1_PDT000171867.2_genomic,18
GCA_016565245.1_PDT000052287.2_genomic,18
GCA_008542595.1_PDT000337162.1_genomic,18
GCA_021075645.1_PDT001197470.1_genomic,18
GCA_020527055.1_PDT001150569.1_genomic,18
GCF_041122255.1_ASM4112225v1_genomic,18
GCA_005997725.1_PDT000312273.2_genomic,18
GCA_008358365.1_PDT000582459.1_genomic,18
GCA_010815185.1_PDT000643477.1_genomic,18
GCA_011244235.1_PDT000679190.1_genomic,18
GCA_007015505.1_PDT000351043.1_genomic,18
GCA_010980495.1_PDT000626780.1_genomic,18
GCA_006284635.1_PDT000309364.2_genomic,18
GCA_006884865.1_PDT000085392.2_genomic,18
GCA_018314015.1_PDT001022111.1_genomic,18
GCA_008682935.1_ASM868293v1_genomic,18
GCA_006297985.1_PDT000236945.2_genomic,18
GCA_005969745.1_PDT000139582.3_genomic,18
GCA_008517325.1_PDT000115182.2_genomic,18
GCA_013636195.1_PDT000773508.1_genomic,18
GCA_013596845.1_PDT000789548.1_genomic,18
GCA_007840435.1_PDT000270859.2_genomic,18
GCA_010582605.1_PDT000286277.2_genomic,18
GCA_006875225.1_PDT000077838.2_genomic,18
GCA_005978885.1_PDT000167510.2_genomic,18
GCA_006264155.1_PDT000281209.2_genomic,18
GCA_019195255.1_PDT001086526.1_genomic,18
GCA_008406545.1_PDT000045975.4_genomic,18
GCA_005637535.1_PDT000412439.1_genomic,18
GCA_015224005.1_PDT000877403.1_genomic,18
GCA_020213265.1_PDT001141800.1_genomic,18
GCA_011665675.1_PDT000689952.1_genomic,18
GCA_008683035.1_ASM868303v1_genomic,18
GCA_006080495.1_PDT000510144.1_genomic,18
GCA_010618285.1_PDT000206554.2_genomic,18
GCA_016058335.1_PDT000913444.1_genomic,18
GCA_006527965.1_PDT000485271.1_genomic,18
GCA_000487275.2_ASM48727v2_genomic,18
GCA_008447605.1_PDT000337159.1_genomic,18
GCA_016089455.1_PDT000913499.1_genomic,18
GCA_010702865.1_PDT000002073.3_genomic,18
GCA_006526575.1_PDT000463997.1_genomic,18
GCA_006745765.1_PDT000376962.1_genomic,18
GCA_007245375.1_PDT000339007.1_genomic,18
GCA_006491255.1_PDT000270912.2_genomic,18
GCA_014600535.1_PDT000836892.1_genomic,18
GCA_006298905.1_PDT000240682.2_genomic,18
GCA_005667315.1_PDT000481149.1_genomic,18
GCA_019858885.1_PDT001121731.1_genomic,18
GCA_005713295.1_PDT000465538.1_genomic,18
GCA_020825095.1_PDT001172887.1_genomic,18
GCA_014213815.1_PDT000810216.1_genomic,18
GCA_014214215.1_PDT000810212.1_genomic,18
GCA_005485705.1_PDT000457856.1_genomic,18
GCA_004222605.1_PDT000409463.1_genomic,18
GCA_007754355.1_PDT000086652.3_genomic,18
GCA_006187505.1_PDT000277749.2_genomic,18
GCA_019060355.1_PDT001078695.1_genomic,18
GCA_006066555.1_PDT000224506.2_genomic,18
GCA_007083325.1_PDT000257687.2_genomic,18
GCA_007308915.1_PDT000382979.1_genomic,18
GCA_005897005.1_PDT000400861.3_genomic,18
GCA_010754635.1_PDT000193470.2_genomic,18
GCA_017346195.1_PDT000983596.1_genomic,18
GCA_006161845.1_PDT000240236.2_genomic,18
GCA_002107175.1_ASM210717v1_genomic,18
GCA_011642295.1_PDT000688265.1_genomic,18
GCA_008813555.1_PDT000598034.1_genomic,18
GCA_015940005.1_PDT000897098.1_genomic,18
GCA_006522355.1_PDT000409439.1_genomic,18
GCA_007442425.1_PDT000477116.1_genomic,18
GCA_008686765.1_ASM868676v1_genomic,18
GCA_006522495.1_PDT000409443.1_genomic,18
GCA_014633135.1_PDT000838404.1_genomic,18
GCA_011674155.1_PDT000690993.1_genomic,18
GCA_005975685.1_PDT000156417.2_genomic,18
GCA_010613845.1_PDT000262027.2_genomic,18
GCA_006927435.1_PDT000193568.2_genomic,18
GCA_006483985.1_PDT000526180.1_genomic,18
GCA_019095145.1_PDT001080438.1_genomic,18
GCA_007207035.1_PDT000331655.1_genomic,18
GCA_014581375.1_PDT000725515.1_genomic,18
GCA_008515215.1_PDT000095942.2_genomic,18
GCA_008686965.1_ASM868696v1_genomic,18
GCA_008518985.1_PDT000121737.2_genomic,18
GCA_020602915.1_PDT001160680.1_genomic,18
GCA_011196095.1_PDT000650290.1_genomic,18
GCA_006527875.1_PDT000482321.1_genomic,18
GCA_008687215.1_ASM868721v1_genomic,18
GCA_005681835.1_PDT000356921.1_genomic,18
GCA_010561245.1_PDT000185757.2_genomic,18
GCA_010398605.1_PDT000203297.2_genomic,18
GCA_006528095.1_PDT000486152.1_genomic,18
GCA_016562345.1_PDT000270922.2_genomic,18
GCA_019899485.1_PDT001125202.1_genomic,18
GCA_007737315.1_PDT000548886.1_genomic,18
GCA_010430165.1_PDT000201662.2_genomic,18
GCA_010975315.1_PDT000624421.1_genomic,18
GCA_019709475.1_PDT001113716.1_genomic,18
GCA_007198995.1_PDT000222719.2_genomic,18
GCA_014125705.1_PDT000804469.1_genomic,18
GCA_020008805.1_PDT001130747.1_genomic,18
GCA_019485745.1_PDT001103576.1_genomic,18
GCA_007698805.1_PDT000545317.1_genomic,18
GCA_006885865.1_PDT000085381.2_genomic,18
GCA_005971585.1_PDT000145868.2_genomic,18
GCA_002047325.1_ASM204732v1_genomic,18
GCA_013637035.1_PDT000773462.1_genomic,18
GCA_020527455.1_PDT001150531.1_genomic,18
GCA_016953955.1_PDT000971308.1_genomic,18
GCA_007839115.1_PDT000167548.2_genomic,18
GCA_019036125.1_PDT001076731.1_genomic,18
GCA_013635335.1_PDT000773540.1_genomic,18
GCA_013480375.1_PDT000794056.1_genomic,18
GCA_011407655.1_PDT000035276.3_genomic,18
GCA_010447115.1_PDT000204974.2_genomic,18
GCF_041127845.1_ASM4112784v1_genomic,18
GCA_006103115.1_PDT000172226.2_genomic,18
GCA_008532695.1_PDT000265637.3_genomic,18
GCA_008682535.1_ASM868253v1_genomic,18
GCA_021057725.1_PDT001195756.1_genomic,18
GCA_011137535.1_PDT000280994.2_genomic,18
GCA_005980205.1_PDT000172241.2_genomic,18
GCA_006526615.1_PDT000464000.1_genomic,18
GCA_007006585.1_PDT000333395.1_genomic,18
GCA_008683045.1_ASM868304v1_genomic,18
GCA_008491195.1_PDT000286193.2_genomic,18
GCA_005985365.1_PDT000184880.2_genomic,18
GCA_016565725.1_PDT000049374.2_genomic,18
GCA_008687245.1_ASM868724v1_genomic,18
GCA_006926545.1_PDT000190432.2_genomic,18
GCA_006695145.1_PDT000146396.2_genomic,18
GCA_004222265.1_PDT000069727.2_genomic,18
GCA_013616515.1_PDT000774336.1_genomic,18
GCA_011247795.1_PDT000672120.1_genomic,18
GCA_010125145.1_PDT000224611.2_genomic,18
GCA_008432645.1_PDT000207505.2_genomic,18
GCA_011119575.1_PDT000225315.2_genomic,18
GCA_019038155.1_PDT001077588.1_genomic,18
GCA_010438035.1_PDT000026771.3_genomic,18
GCA_008687235.1_ASM868723v1_genomic,18
GCA_006522435.1_PDT000409446.1_genomic,18
GCA_008682885.1_ASM868288v1_genomic,18
GCF_002033645.1_ASM203364v1_genomic,18
GCA_010734665.1_PDT000149804.2_genomic,18
GCA_006038455.1_PDT000158994.2_genomic,18
GCA_013561515.1_PDT000789799.1_genomic,18
GCF_002043945.1_ASM204394v1_genomic,18
GCA_010514215.1_PDT000307819.2_genomic,18
GCA_010674485.1_PDT000181092.2_genomic,18
GCA_010624205.1_PDT000222622.2_genomic,18
GCA_005410485.1_PDT000448305.1_genomic,18
GCA_006526235.1_PDT000463932.1_genomic,18
GCA_007576025.1_PDT000315222.2_genomic,18
GCA_005979485.1_PDT000172256.2_genomic,18
GCA_017372015.1_PDT000985423.1_genomic,18
GCA_008682725.1_ASM868272v1_genomic,18
GCA_011111155.1_PDT000095848.2_genomic,18
GCA_010769255.1_PDT000213176.2_genomic,18
GCA_018300825.1_PDT001021605.1_genomic,18
GCA_006876125.1_PDT000077297.2_genomic,18
GCA_010699845.1_PDT000032140.3_genomic,18
GCA_020866245.1_PDT001174011.1_genomic,18
GCA_018988765.1_PDT001074813.1_genomic,18
GCA_002047405.1_ASM204740v1_genomic,18
GCA_012656705.1_PDT000722019.1_genomic,18
GCA_005809765.1_PDT000412345.1_genomic,18
GCA_013529535.1_PDT000791817.1_genomic,18
GCA_008542435.1_PDT000337161.1_genomic,18
GCA_008521425.1_PDT000131710.2_genomic,18
GCA_005527605.1_PDT000417394.1_genomic,18
GCA_006527255.1_PDT000481141.1_genomic,18
GCA_006981545.1_PDT000379193.1_genomic,18
GCA_010640045.1_PDT000055998.2_genomic,18
GCA_017586765.1_PDT000990797.1_genomic,18
GCA_014246415.1_PDT000814945.1_genomic,18
GCA_007091965.1_PDT000265437.2_genomic,18
GCA_006943565.1_PDT000185539.2_genomic,18
GCA_018620035.1_PDT001057260.1_genomic,18
GCA_010972595.1_PDT000150966.2_genomic,18
GCA_010540735.1_PDT000085719.2_genomic,18
GCA_007687465.1_PDT000488369.1_genomic,18
GCA_005583735.1_PDT000466154.1_genomic,18
GCA_014520785.1_PDT000833530.1_genomic,18
GCA_006875245.1_PDT000077832.2_genomic,18
GCA_013829465.1_PDT000734301.1_genomic,18
GCA_006856355.1_PDT000044923.2_genomic,18
GCA_010646365.1_PDT000068556.2_genomic,18
GCA_008495345.1_PDT000324244.1_genomic,18
GCA_006525135.1_PDT000434135.1_genomic,18
GCA_011189455.1_PDT000629264.1_genomic,18
GCA_007421185.1_PDT000458718.1_genomic,18
GCA_005676475.1_PDT000086442.2_genomic,18
GCA_017637205.1_PDT000993417.1_genomic,18
GCA_011120765.1_PDT000268253.2_genomic,18
GCA_010058605.1_PDT000222689.2_genomic,18
GCA_018357905.1_PDT001025575.1_genomic,18
GCA_020807755.1_PDT001171789.1_genomic,18
GCA_014372505.1_PDT000785153.1_genomic,18
GCA_019272595.1_PDT001090980.1_genomic,18
GCA_010572885.1_PDT000190644.2_genomic,18
GCA_010132115.1_PDT000271275.2_genomic,18
GCA_019815305.1_PDT001119533.1_genomic,18
GCA_000505305.1_CFSAN001690_01.0_genomic,18
GCA_007267965.1_PDT000344060.1_genomic,18
GCF_002033515.1_ASM203351v1_genomic,18
GCF_002047185.1_ASM204718v1_genomic,18
GCA_011792385.1_PDT000684947.1_genomic,18
GCA_007754975.1_PDT000077456.2_genomic,18
GCA_010424625.1_PDT000042292.4_genomic,18
GCA_020545945.1_PDT001157890.3_genomic,18
GCA_006907725.1_PDT000145191.2_genomic,18
GCA_007657435.1_PDT000458985.1_genomic,18
GCA_002507655.1_ASM250765v1_genomic,18
GCA_010789215.1_PDT000145259.2_genomic,18
GCA_008687045.1_ASM868704v1_genomic,18
GCA_008687265.1_ASM868726v1_genomic,18
GCA_007366445.1_PDT000414325.1_genomic,18
GCA_008474845.1_PDT000134886.2_genomic,18
GCA_008682665.1_ASM868266v1_genomic,18
GCA_007278295.1_PDT000349678.1_genomic,18
GCA_016564825.1_PDT000065052.2_genomic,18
GCA_008323385.1_PDT000579005.1_genomic,18
GCA_002043945.1_ASM204394v1_genomic,18
GCA_013637355.1_PDT000773444.1_genomic,18
GCA_006696065.1_PDT000136396.2_genomic,18
GCA_005440775.1_PDT000356706.1_genomic,18
GCA_005757785.1_PDT000172246.2_genomic,18
GCA_014307515.1_PDT000821908.1_genomic,18
GCA_005532295.1_PDT000183007.2_genomic,18
GCA_011466955.1_PDT000707564.1_genomic,18
GCA_006876625.1_PDT000081695.2_genomic,18
GCA_005865485.1_PDT000494812.2_genomic,18
GCA_010496315.1_PDT000207504.2_genomic,18
GCA_008430205.1_PDT000185740.2_genomic,18
GCA_005610115.1_PDT000139515.5_genomic,18
GCA_008494705.1_PDT000320759.1_genomic,18
GCA_008287255.1_PDT000576082.1_genomic,18
GCA_005437175.1_PDT000139435.3_genomic,18
GCA_015142255.1_PDT000872757.1_genomic,18
GCA_006523495.1_PDT000433842.1_genomic,18
GCA_008687145.1_ASM868714v1_genomic,18
GCA_008519745.1_PDT000125871.2_genomic,18
GCA_008686795.1_ASM868679v1_genomic,18
GCA_008521445.1_PDT000134395.2_genomic,18
GCA_006524535.1_PDT000434036.1_genomic,18
GCA_007056405.1_PDT000238383.2_genomic,18
GCA_006004785.1_PDT000509406.1_genomic,18
GCA_011079905.1_PDT000035181.3_genomic,18
GCA_015379505.1_PDT000888220.1_genomic,18
GCA_008490565.1_PDT000271717.2_genomic,18
GCA_015091195.1_PDT000856124.1_genomic,18
GCA_005544975.1_PDT000386857.1_genomic,18
GCA_008768225.1_PDT000100023.2_genomic,18
GCA_005710655.1_PDT000429628.1_genomic,18
GCA_007661665.1_PDT000305419.2_genomic,18
GCA_020392245.1_PDT001146463.1_genomic,18
GCA_006490855.1_PDT000270839.2_genomic,18
GCA_010802145.1_PDT000654601.1_genomic,18
GCA_000505245.1_CFSAN001679_01.0_genomic,18
GCA_006523195.1_PDT000429482.1_genomic,18
GCA_008676555.1_PDT000098553.2_genomic,18
GCA_008483265.1_PDT000173668.2_genomic,18
GCA_006177285.1_PDT000265726.2_genomic,18
GCA_010660485.1_PDT000025148.3_genomic,18
GCA_005759535.1_PDT000139579.5_genomic,18
GCA_005435395.1_PDT000044924.2_genomic,18
GCA_010058555.1_PDT000150967.2_genomic,18
GCA_006642845.1_PDT000323871.1_genomic,18
GCA_011421705.1_PDT000147416.2_genomic,18
GCA_005483315.1_PDT000449035.1_genomic,18
GCA_006526415.1_PDT000463957.1_genomic,18
GCA_010567005.1_PDT000085714.2_genomic,18
GCA_009006455.1_PDT000604328.1_genomic,18
GCA_008685025.1_ASM868502v1_genomic,18
GCA_010510155.1_PDT000033883.3_genomic,18
GCA_006183965.1_PDT000275309.2_genomic,18
GCA_005979905.1_PDT000172227.2_genomic,18
GCA_010511275.1_PDT000025233.3_genomic,18
GCA_005656805.1_PDT000457271.1_genomic,18
GCA_014094555.1_PDT000803615.1_genomic,18
GCA_005757535.1_PDT000139513.3_genomic,18
GCA_006526215.1_PDT000460025.1_genomic,18
GCA_019464275.1_PDT001104814.1_genomic,18
GCA_006220525.1_PDT000491852.1_genomic,18
GCA_006094535.1_PDT000104999.2_genomic,18
GCA_008151285.1_PDT000571545.1_genomic,18
GCA_011589425.1_PDT000307324.2_genomic,18
GCA_005847475.1_PDT000481191.1_genomic,18
GCA_018467285.1_PDT001043733.1_genomic,18
GCA_013637275.1_PDT000773447.1_genomic,18
GCA_005722235.1_PDT000434704.1_genomic,18
GCA_014949765.1_PDT000863479.1_genomic,18
GCA_008682875.1_ASM868287v1_genomic,18
GCA_010593905.1_PDT000231747.2_genomic,18
GCA_005744795.1_PDT000486453.1_genomic,18
GCA_005626955.1_PDT000403806.1_genomic,18
GCA_005610815.1_PDT000344953.1_genomic,18
GCA_017288415.1_PDT000977201.1_genomic,18
GCA_008687375.1_ASM868737v1_genomic,18
GCA_018182885.1_PDT001014528.1_genomic,18
GCA_011349085.1_PDT000678935.1_genomic,18
GCA_015130475.1_PDT000872916.1_genomic,18
GCA_014372545.1_PDT000785150.1_genomic,18
GCA_008475425.1_PDT000125838.2_genomic,18
GCA_002106325.1_ASM210632v1_genomic,18
GCA_006966625.1_PDT000209159.2_genomic,18
GCA_014738855.1_PDT000845009.1_genomic,18
GCA_009098345.1_PDT000607893.1_genomic,18
GCA_011549135.1_PDT000562604.1_genomic,18
GCA_005829585.1_PDT000454043.1_genomic,18
GCA_017576625.1_PDT000989852.1_genomic,18
GCA_007735105.1_PDT000548969.1_genomic,18
GCA_008164345.1_PDT000569477.1_genomic,18
GCA_010921365.1_PDT000056818.2_genomic,18
GCA_019274555.1_PDT001090883.1_genomic,18
GCA_005610095.1_PDT000139443.5_genomic,18
GCA_005712175.1_PDT000430717.1_genomic,18
GCA_008683115.1_ASM868311v1_genomic,18
GCA_004219045.1_PDT000129673.3_genomic,18
GCA_010973495.1_PDT000198215.2_genomic,18
GCA_005898645.1_PDT000026281.3_genomic,18
GCA_005838985.1_PDT000478475.1_genomic,18
GCA_008430825.1_PDT000162055.2_genomic,18
GCA_008777235.1_PDT000594491.1_genomic,18
GCA_011463975.1_PDT000707893.1_genomic,18
GCA_009222945.1_PDT000610078.1_genomic,18
GCA_019224325.1_PDT001089796.1_genomic,18
GCA_005632895.1_PDT000487709.1_genomic,18
GCA_005668195.1_PDT000482341.1_genomic,18
GCA_008682825.1_ASM868282v1_genomic,18
GCA_005659955.1_PDT000465559.1_genomic,18
GCA_005915625.1_PDT000504787.1_genomic,18
GCA_012310885.1_PDT000722228.1_genomic,18
GCA_007737275.1_PDT000548971.1_genomic,18
GCA_014274865.1_PDT000817684.1_genomic,18
GCA_011428875.1_PDT000153175.2_genomic,18
GCA_005650875.1_PDT000430855.1_genomic,18
GCA_007429245.1_PDT000467225.1_genomic,18
GCA_017036975.1_PDT000954272.1_genomic,18
GCA_014550495.1_PDT000834671.1_genomic,18
GCA_011733555.1_PDT000710460.1_genomic,18
GCA_003891935.1_PDT000350767.1_genomic,18
GCA_016349305.1_PDT000922610.1_genomic,18
GCA_010409745.1_PDT000003070.3_genomic,18
GCA_014768315.1_PDT000847621.1_genomic,18
GCA_005755975.1_PDT000046367.2_genomic,18
GCA_007151725.1_PDT000324854.1_genomic,18
GCA_018484985.1_PDT001024900.1_genomic,18
GCA_010684545.1_PDT000185771.2_genomic,18
GCA_010407835.1_PDT000085700.2_genomic,18
GCA_005575535.1_PDT000439556.1_genomic,18
GCA_010805245.1_PDT000659045.1_genomic,18
GCA_008534155.1_PDT000300772.2_genomic,18
GCA_015939985.1_PDT000897099.1_genomic,18
GCA_007029245.1_PDT000225149.2_genomic,18
GCA_006919275.1_PDT000175467.2_genomic,18
GCA_005989365.1_PDT000190415.2_genomic,18
GCA_019268455.1_PDT001091583.1_genomic,18
GCA_002034285.1_ASM203428v1_genomic,18
GCA_005832805.1_PDT000464430.1_genomic,18
GCA_011145035.1_PDT000262764.2_genomic,18
GCA_008177715.1_PDT000570417.1_genomic,18
GCA_019953235.1_PDT001128844.1_genomic,18
GCF_041121645.1_ASM4112164v1_genomic,18
GCA_005899785.1_PDT000077319.5_genomic,18
GCA_008408825.1_PDT000115240.2_genomic,18
GCA_008221015.1_PDT000559815.1_genomic,18
GCA_006975645.1_PDT000328431.1_genomic,18
GCA_002106765.1_ASM210676v1_genomic,18
GCA_017173895.1_PDT000946138.1_genomic,18
GCA_014957045.1_PDT000863408.1_genomic,18
GCA_006527675.1_PDT000482319.1_genomic,18
GCA_015939965.1_PDT000897092.1_genomic,18
GCA_008682925.1_ASM868292v1_genomic,18
GCA_005975545.1_PDT000156344.2_genomic,18
GCA_008460705.1_PDT000365602.1_genomic,18
GCA_019863265.1_PDT001121749.1_genomic,18
GCA_005989345.1_PDT000190315.2_genomic,18
GCA_006522395.1_PDT000409441.1_genomic,18
GCA_010971875.1_PDT000127693.2_genomic,18
GCA_008478045.1_PDT000136402.2_genomic,18
GCA_018874815.1_PDT001067136.1_genomic,18
GCA_008475085.1_PDT000125825.2_genomic,18
GCA_006526135.1_PDT000460017.1_genomic,18
GCA_006157145.1_PDT000260008.2_genomic,18
GCA_020008325.1_PDT001130807.1_genomic,18
GCA_007908185.1_PDT000222725.3_genomic,18
GCA_018750115.1_PDT001059039.1_genomic,18
GCA_010720645.1_PDT000098326.2_genomic,18
GCA_010734635.1_PDT000152046.2_genomic,18
GCA_015243935.1_PDT000877903.1_genomic,18
GCA_020970485.1_PDT001183582.1_genomic,18
GCF_002507655.1_ASM250765v1_genomic,18
GCA_016096015.1_PDT000913529.1_genomic,18
GCA_007669565.1_PDT000473801.1_genomic,18
GCA_011418195.1_PDT000205246.2_genomic,18
GCA_000505205.1_CFSAN001671_01.0_genomic,18
GCA_008552515.1_PDT000125883.2_genomic,18
GCA_011240755.1_PDT000678525.1_genomic,18
GCA_013635355.1_PDT000773535.1_genomic,18
GCA_010739535.1_PDT000095914.2_genomic,18
GCA_011397775.1_PDT000095179.2_genomic,18
GCA_011110795.1_PDT000098067.3_genomic,18
GCA_008442845.1_PDT000313070.2_genomic,18
GCA_011607445.1_PDT000688179.1_genomic,18
GCA_001941405.1_ASM194140v1_genomic,18
GCA_011079285.1_PDT000043151.4_genomic,18
GCA_019874125.1_PDT001122798.1_genomic,18
GCA_005988725.1_PDT000190434.2_genomic,18
GCA_006523745.1_PDT000433882.1_genomic,18
GCA_011646315.1_PDT000688204.1_genomic,18
GCA_010674185.1_PDT000098072.3_genomic,18
GCA_011118535.1_PDT000224382.2_genomic,18
GCA_019773735.1_PDT001116872.1_genomic,18
GCA_005749975.1_PDT000492544.1_genomic,18
GCA_006524495.1_PDT000433983.1_genomic,18
GCA_020528395.1_PDT001150590.1_genomic,18
GCA_006938635.1_PDT000157431.2_genomic,18
GCA_010698565.1_PDT000033841.3_genomic,18
GCA_006945505.1_PDT000190431.2_genomic,18
GCA_015740985.1_PDT000903101.1_genomic,18
GCA_016095925.1_PDT000913509.1_genomic,18
GCA_006858865.1_PDT000048178.2_genomic,18
GCA_005635235.1_PDT000491190.1_genomic,18
GCA_006014755.1_PDT000046479.2_genomic,18
GCA_008682955.1_ASM868295v1_genomic,18
GCA_010380985.1_PDT000268317.2_genomic,18
GCA_010567865.1_PDT000151828.2_genomic,18
GCA_007691705.1_PDT000538771.1_genomic,18
GCA_011643375.1_PDT000688149.1_genomic,18
GCA_006527395.1_PDT000481163.1_genomic,18
GCA_010625855.1_PDT000215909.2_genomic,18
GCA_005972855.1_PDT000150014.2_genomic,18
GCA_011080065.1_PDT000035336.3_genomic,18
GCA_008684595.1_ASM868459v1_genomic,18
GCA_004220465.1_PDT000409482.1_genomic,18
GCA_010648125.1_PDT000294606.2_genomic,18
GCA_006522515.1_PDT000409456.1_genomic,18
GCA_011643175.1_PDT000688207.1_genomic,18
GCA_006522455.1_PDT000409438.1_genomic,18
GCA_011160135.1_PDT000269015.3_genomic,18
GCA_014115385.1_PDT000804143.1_genomic,18
GCA_002106295.1_ASM210629v1_genomic,18
GCF_001642525.1_ASM164252v1_genomic,18
GCA_000505265.1_CFSAN001680_01.0_genomic,18
GCA_008684995.1_ASM868499v1_genomic,18
GCA_019507205.1_PDT001106327.1_genomic,18
GCA_006146415.1_PDT000509405.1_genomic,18
GCA_015854725.1_PDT000903351.1_genomic,18
GCA_005535235.1_PDT000312274.2_genomic,18
GCA_007353715.1_PDT000408719.1_genomic,18
GCA_016437545.1_PDT000925559.1_genomic,18
GCA_018133785.1_PDT001011710.1_genomic,18
GCA_010447695.1_PDT000211325.2_genomic,18
GCA_006110655.1_PDT000198922.2_genomic,18
GCA_005900845.1_PDT000105280.4_genomic,18
GCA_005942545.1_PDT000046540.2_genomic,18
GCA_010541465.1_PDT000068690.2_genomic,18
GCA_006524455.1_PDT000433982.1_genomic,18
GCA_008715635.1_PDT000591921.1_genomic,18
GCA_008428365.1_PDT000142874.2_genomic,18
GCA_005700055.1_PDT000405053.1_genomic,18
GCA_020066965.1_PDT001133880.1_genomic,18
GCA_006175525.1_PDT000264195.2_genomic,18
GCA_009282125.1_PDT000212220.2_genomic,18
GCA_010596235.1_PDT000311354.2_genomic,18
GCA_008666115.1_PDT000590177.1_genomic,18
GCA_004257785.1_PDT000381561.1_genomic,18
GCA_008189945.1_PDT000574113.1_genomic,18
GCA_005609975.1_PDT000139427.5_genomic,18
GCA_008682745.1_ASM868274v1_genomic,18
GCA_005969905.1_PDT000139498.3_genomic,18
GCA_011266425.1_PDT000671547.1_genomic,18
GCA_019724995.1_PDT001115124.1_genomic,18
GCA_013634735.1_PDT000773572.1_genomic,18
GCA_020523445.1_PDT001154345.1_genomic,18
GCA_011106295.1_PDT000162057.2_genomic,18
GCA_006520675.1_PDT000433832.1_genomic,18
GCA_010623505.1_PDT000222721.2_genomic,18
GCA_008685575.1_ASM868557v1_genomic,18
GCA_000505345.1_CFSAN001697_01.0_genomic,18
GCA_006484605.1_PDT000526166.1_genomic,18
GCA_019150845.1_PDT001083531.1_genomic,18
GCA_013639015.1_PDT000773378.1_genomic,18
GCA_005499405.1_PDT000481194.1_genomic,18
GCA_006087275.1_PDT000046377.2_genomic,18
GCA_003871215.1_PDT000046541.2_genomic,18
GCA_006522995.1_PDT000414110.1_genomic,18
GCA_006482165.1_PDT000525800.1_genomic,18
GCA_010511455.1_PDT000272552.2_genomic,18
GCA_018276825.1_PDT001018720.1_genomic,18
GCA_018193115.1_PDT001015203.1_genomic,18
GCA_006100275.1_PDT000150011.2_genomic,18
GCA_006099755.1_PDT000146081.2_genomic,18
GCA_007469655.1_PDT000044487.4_genomic,18
GCA_006136015.1_PDT000234089.2_genomic,18
GCA_006523075.1_PDT000416406.1_genomic,18
GCA_014095755.1_PDT000803723.1_genomic,18
GCA_011642575.1_PDT000688193.1_genomic,18
GCA_010428205.1_PDT000095853.2_genomic,18
GCA_006427725.1_PDT000001568.3_genomic,18
GCA_005610755.1_PDT000344481.1_genomic,18
GCA_014949585.1_PDT000863486.1_genomic,18
GCA_006922565.1_PDT000162657.2_genomic,18
GCA_008487185.1_PDT000224351.2_genomic,18
GCA_007589555.1_PDT000458612.1_genomic,18
GCA_008687175.1_ASM868717v1_genomic,18
GCA_006966205.1_PDT000208275.2_genomic,18
GCA_008475105.1_PDT000123181.2_genomic,18
GCA_006901585.1_PDT000133361.2_genomic,18
GCA_006086175.1_PDT000044919.2_genomic,18
GCA_005971785.1_PDT000146128.2_genomic,18
GCA_011079485.1_PDT000035183.3_genomic,18
GCA_006916355.1_PDT000167514.2_genomic,18
GCA_014372605.1_PDT000785147.1_genomic,18
GCA_010475125.1_PDT000268114.2_genomic,18
GCA_006201265.1_PDT000294237.2_genomic,18
GCA_005426255.1_PDT000400450.2_genomic,18
GCA_007839535.1_PDT000222729.2_genomic,18
GCA_005759215.1_PDT000139428.5_genomic,18
GCA_005400685.1_PDT000391552.1_genomic,18
GCA_006651045.1_PDT000026039.6_genomic,18
GCA_010569025.1_PDT000152133.2_genomic,18
GCA_016434385.1_PDT000925761.1_genomic,18
GCA_019879025.1_PDT001121760.1_genomic,18
GCA_006288715.1_PDT000313363.2_genomic,18
GCA_006101475.1_PDT000153131.2_genomic,18
GCA_010142235.1_PDT000276348.2_genomic,18
GCA_010532715.1_PDT000001735.3_genomic,18
GCA_002035765.1_ASM203576v1_genomic,18
GCA_010596565.1_PDT000225225.2_genomic,18
GCA_011079785.1_PDT000034208.3_genomic,18
GCA_005598635.1_PDT000490505.1_genomic,18
GCA_010000985.1_PDT000181369.2_genomic,18
GCA_015165335.1_PDT000872753.1_genomic,18
GCA_000505385.1_CFSAN001589_01.0_genomic,18
GCA_006522475.1_PDT000409445.1_genomic,18
GCA_008687415.1_ASM868741v1_genomic,18
GCA_020021535.1_PDT001131433.1_genomic,18
GCA_002106055.1_ASM210605v1_genomic,18
GCA_008476025.1_PDT000128769.2_genomic,18
GCA_008431405.1_PDT000176288.2_genomic,18
GCA_017223315.1_PDT000940879.1_genomic,18
GCA_005904385.1_PDT000486437.1_genomic,18
GCA_008784785.1_PDT000594587.1_genomic,18
GCA_005613015.1_PDT000380800.1_genomic,18
GCA_010429165.1_PDT000173514.2_genomic,18
GCA_006952605.1_PDT000208355.2_genomic,18
GCA_005829375.1_PDT000400880.3_genomic,18
GCA_003121235.1_ASM312123v1_genomic,18
GCA_007169015.1_PDT000328988.1_genomic,18
GCA_006155545.1_PDT000259332.2_genomic,18
GCF_900455985.1_47297_B02_genomic,18
GCA_016563245.1_PDT000150964.2_genomic,18
GCA_010740235.1_PDT000106235.2_genomic,18
GCA_013639535.1_PDT000773271.1_genomic,18
GCA_010699885.1_PDT000031748.3_genomic,18
GCA_009356135.1_PDT000617112.1_genomic,18
GCA_006983445.1_PDT000380080.1_genomic,18
GCA_005565395.1_PDT000416238.1_genomic,18
GCA_015077655.1_PDT000870886.1_genomic,18
GCA_009855045.1_CRJJGF_00136_v1.0_genomic,18
GCA_014051145.1_PDT000801464.1_genomic,18
GCA_009139625.1_PDT000193542.2_genomic,18
GCA_011117615.1_PDT000207509.2_genomic,18
GCA_019328805.1_PDT001095124.1_genomic,18
GCA_010655805.1_PDT000040964.2_genomic,18
GCA_014738615.1_PDT000845021.1_genomic,18
GCA_007840655.1_PDT000266930.2_genomic,18
GCA_000505425.1_CFSAN001674_01.0_genomic,18
GCA_006711965.1_PDT000334472.1_genomic,2
GCA_009007895.1_PDT000604412.1_genomic,2
GCA_011731005.1_PDT000710308.1_genomic,2
GCA_000984175.1_PA069_genomic,2
GCA_011701515.1_PDT000689010.1_genomic,2
GCA_017946365.1_PDT001005187.1_genomic,2
GCA_007784165.1_PDT000466258.1_genomic,2
GCA_014563355.1_PDT000730473.1_genomic,2
GCA_009246105.1_PDT000211722.2_genomic,2
GCA_017495725.1_PDT000986655.1_genomic,2
GCA_014621035.1_PDT000837414.1_genomic,2
GCA_002808775.1_HZ129_genomic,2
GCA_019937635.1_PDT001127321.1_genomic,2
GCA_016967615.1_PDT000970068.1_genomic,2
GCA_010506315.1_PDT000042845.4_genomic,2
GCA_014761525.1_PDT000267321.5_genomic,2
GCA_007780025.1_PDT000414324.1_genomic,2
GCA_006327625.1_PDT000310948.2_genomic,2
GCA_018275925.1_PDT001018763.1_genomic,2
GCA_010798075.1_PDT000646724.1_genomic,2
GCA_010371345.1_PDT000099890.2_genomic,2
GCA_011297395.1_PDT000676962.1_genomic,2
GCA_011244375.1_PDT000676954.1_genomic,2
GCF_002809105.1_HZ123_genomic,2
GCA_011351585.1_PDT000676936.1_genomic,2
GCA_007517845.1_PDT000469624.1_genomic,2
GCA_016364225.1_PDT000225047.2_genomic,2
GCA_007779165.1_PDT000395777.1_genomic,2
GCA_002809085.1_HZ126_genomic,2
GCA_011207055.1_PDT000668555.2_genomic,2
GCA_007591425.1_PDT000464383.1_genomic,2
GCA_006114725.1_PDT000213616.2_genomic,2
GCA_010765035.1_PDT000211795.2_genomic,2
GCA_017137195.1_PDT000948404.1_genomic,2
GCA_002809565.1_HZ073_genomic,2
GCA_008863965.1_PDT000601886.1_genomic,2
GCA_007781565.1_PDT000464301.1_genomic,2
GCF_050411635.1_ASM5041163v1_genomic,2
GCA_011294515.1_PDT000705783.1_genomic,2
GCA_000984795.1_PA087_genomic,2
GCA_017080995.1_PDT000950378.1_genomic,2
GCA_007649695.1_PDT000351191.1_genomic,2
GCA_007788735.1_PDT000472823.1_genomic,2
GCA_010627005.1_PDT000237378.2_genomic,2
GCA_007586855.1_PDT000458059.1_genomic,2
GCA_007580645.1_PDT000342730.1_genomic,2
GCA_010703465.1_PDT000053063.2_genomic,2
GCA_010751895.1_PDT000180242.2_genomic,2
GCA_011297375.1_PDT000676946.1_genomic,2
GCA_007788395.1_PDT000471206.1_genomic,2
GCA_020801295.1_PDT001170420.1_genomic,2
GCA_009577225.1_PDT000267510.2_genomic,2
GCA_011623985.1_PDT000283668.2_genomic,2
GCA_011595425.1_PDT000288061.2_genomic,2
GCA_005915205.1_PDT000504817.1_genomic,2
GCA_010422185.1_PDT000659252.1_genomic,2
GCA_009127005.1_PDT000605026.1_genomic,2
GCA_011254175.1_PDT000676853.1_genomic,2
GCA_000985475.1_PA125_genomic,2
GCA_010727065.1_PDT000237373.2_genomic,2
GCA_007486065.1_PDT000290216.2_genomic,2
GCA_002808865.1_HZ331_genomic,2
GCA_010833465.1_PDT000663665.1_genomic,2
GCA_005919365.1_PDT000505039.1_genomic,2
GCA_009056605.1_PDT000171953.2_genomic,2
GCA_007600075.1_PDT000472778.1_genomic,2
GCA_006486465.1_PDT000526329.1_genomic,2
GCA_007576605.1_PDT000316619.1_genomic,2
GCA_010742225.1_PDT000654004.1_genomic,2
GCA_003884755.1_PDT000325960.1_genomic,2
GCA_007749235.1_PDT000056274.3_genomic,2
GCA_010691345.1_PDT000058654.2_genomic,2
GCA_007812595.1_PDT000542777.1_genomic,2
GCA_017190115.1_PDT000943354.1_genomic,2
GCA_000984815.1_PA130_genomic,2
GCA_011547955.1_PDT000634741.1_genomic,2
GCA_005636835.1_PDT000410306.1_genomic,2
GCA_002809005.1_HZ316_genomic,2
GCA_008597005.1_PDT000587747.1_genomic,2
GCA_013656755.1_PDT000771582.1_genomic,2
GCA_009582545.1_PDT000623098.1_genomic,2
GCA_000985015.1_PA053_genomic,2
GCA_007765175.1_PDT000237370.2_genomic,2
GCA_010664615.1_PDT000053913.2_genomic,2
GCA_018773665.1_PDT001063025.1_genomic,2
GCA_006419575.1_PDT000520566.1_genomic,2
GCA_010746055.1_PDT000654039.1_genomic,2
GCF_039650755.1_ASM3965075v1_genomic,2
GCA_000984295.1_PA135_genomic,2
GCA_011425095.1_PDT000660499.1_genomic,2
GCA_005598935.1_PDT000491200.1_genomic,2
GCA_020136715.1_PDT001134632.1_genomic,2
GCA_015822625.1_PDT000902951.1_genomic,2
GCA_007780345.1_PDT000415326.1_genomic,2
GCA_014620895.1_PDT000837415.1_genomic,2
GCA_007771405.1_PDT000330497.1_genomic,2
GCA_006940215.1_PDT000163700.2_genomic,2
GCA_010887915.1_PDT000293059.2_genomic,2
GCA_006711485.1_PDT000334361.1_genomic,2
GCA_007908625.1_PDT000342442.1_genomic,2
GCF_039650685.1_ASM3965068v1_genomic,2
GCA_010627245.1_PDT000237361.2_genomic,2
GCA_011703815.1_PDT000676556.1_genomic,2
GCA_011752165.1_PDT000708834.1_genomic,2
GCA_007534475.1_PDT000485772.1_genomic,2
GCA_016846765.1_PDT000057375.2_genomic,2
GCA_010424525.1_PDT000055402.2_genomic,2
GCA_018034625.1_PDT000900745.1_genomic,2
GCA_011396695.1_PDT000676855.1_genomic,2
GCA_007057045.1_PDT000239650.2_genomic,2
GCA_008176045.1_PDT000570300.1_genomic,2
GCA_007766985.1_PDT000325867.1_genomic,2
GCA_008962555.1_PDT000603141.1_genomic,2
GCA_005674635.1_PDT000497473.1_genomic,2
GCA_010416345.1_PDT000235631.2_genomic,2
GCA_014569375.1_PDT000728036.1_genomic,2
GCA_008100465.1_PDT000057534.2_genomic,2
GCA_011351725.1_PDT000676911.1_genomic,2
GCA_008353495.1_PDT000581082.1_genomic,2
GCA_010619145.1_PDT000214219.2_genomic,2
GCA_005463115.1_PDT000409100.1_genomic,2
GCA_010001585.1_PDT000263541.2_genomic,2
GCA_009043725.1_PDT000187188.2_genomic,2
GCA_005813305.1_PDT000415609.1_genomic,2
GCA_011123945.1_PDT000235630.2_genomic,2
GCA_017137155.1_PDT000948398.1_genomic,2
GCA_007652815.1_PDT000403541.1_genomic,2
GCA_007106845.1_PDT000273599.2_genomic,2
GCA_011425385.1_PDT000640619.1_genomic,2
GCA_011748585.1_PDT000711251.1_genomic,2
GCA_014988665.1_PDT000866468.1_genomic,2
GCA_010435695.1_PDT000660277.1_genomic,2
GCA_007657355.1_PDT000458622.1_genomic,2
GCA_013102005.1_PDT000734475.1_genomic,2
GCA_007822285.1_PDT000434251.1_genomic,2
GCA_002809545.1_HZ066_genomic,2
GCA_016963575.1_PDT000970384.1_genomic,2
GCA_011242015.1_PDT000676840.1_genomic,2
GCA_017370995.1_PDT000985483.1_genomic,2
GCA_010865925.1_PDT000641764.1_genomic,2
GCA_010380905.1_PDT000237607.2_genomic,2
GCA_012162065.1_PDT000720345.1_genomic,2
GCA_011287295.1_PDT000644204.1_genomic,2
GCA_007583205.1_PDT000428321.1_genomic,2
GCA_006645885.1_PDT000330027.1_genomic,2
GCA_007613895.1_PDT000488362.1_genomic,2
GCA_002809415.1_HZ004_genomic,2
GCA_007579065.1_PDT000334073.1_genomic,2
GCA_010649835.1_PDT000043052.4_genomic,2
GCA_012692965.1_PDT000724993.1_genomic,2
GCA_011346225.1_PDT000676845.1_genomic,2
GCA_017499415.1_PDT000988069.1_genomic,2
GCF_002809545.1_HZ066_genomic,2
GCA_010826985.1_PDT000646718.1_genomic,2
GCA_006949265.1_PDT000200336.2_genomic,2
GCA_007501925.1_PDT000351202.1_genomic,2
GCA_008901365.1_PDT000601973.1_genomic,2
GCA_010836705.1_PDT000640277.1_genomic,2
GCA_011121105.1_PDT000237364.2_genomic,2
GCA_010568105.1_PDT000099684.2_genomic,2
GCA_007820195.1_PDT000342569.1_genomic,2
GCA_010972355.1_PDT000625910.1_genomic,2
GCA_010380625.1_PDT000236535.2_genomic,2
GCA_009161365.1_PDT000187950.2_genomic,2
GCA_010410005.1_PDT000214703.2_genomic,2
GCA_000985075.1_PA022_genomic,2
GCA_007777945.1_PDT000384745.1_genomic,2
GCA_014588015.1_PDT000724450.1_genomic,2
GCA_018311335.1_PDT001022424.1_genomic,2
GCA_017490385.1_PDT000985771.1_genomic,2
GCA_018034605.1_PDT000900749.1_genomic,2
GCA_010249675.1_PDT000446871.1_genomic,2
GCA_017980625.1_PDT000900728.1_genomic,2
GCA_017490305.1_PDT000985778.1_genomic,2
GCA_006406115.1_PDT000519640.1_genomic,2
GCA_011242345.1_PDT000676948.1_genomic,2
GCA_006275055.1_PDT000304964.2_genomic,2
GCA_007504325.1_PDT000441302.1_genomic,2
GCA_007732145.1_PDT000548037.1_genomic,2
GCA_012969285.1_PDT000728909.1_genomic,2
GCA_011239855.1_PDT000676863.1_genomic,2
GCA_000985555.1_PA075_genomic,2
GCA_020679845.1_PDT001164215.1_genomic,2
GCA_010844075.1_PDT000644501.1_genomic,2
GCA_007769185.1_PDT000317894.1_genomic,2
GCA_009546255.1_PDT000623074.1_genomic,2
GCA_004272565.1_PDT000376697.1_genomic,2
GCA_007524785.1_PDT000474310.1_genomic,2
GCA_013342045.1_ASM1334204v1_genomic,2
GCA_011515065.1_PDT000688564.1_genomic,2
GCA_011351225.1_PDT000676869.1_genomic,2
GCA_011351085.1_PDT000676830.1_genomic,2
GCA_000984415.1_PA011_genomic,2
GCA_002809265.1_HZ081_genomic,2
GCA_010626185.1_PDT000236552.2_genomic,2
GCA_016738315.1_PDT000931249.1_genomic,2
GCA_010742055.1_PDT000654009.1_genomic,2
GCF_002809705.1_HZ049_genomic,2
GCA_010653685.1_PDT000235991.2_genomic,2
GCA_003874895.1_PDT000098863.7_genomic,2
GCA_000984335.1_PA056_genomic,2
GCA_016968295.1_PDT000970031.1_genomic,2
GCA_007015445.1_PDT000351176.1_genomic,2
GCA_010914135.1_PDT000059916.2_genomic,2
GCA_004275495.1_PDT000382974.1_genomic,2
GCA_020770755.1_PDT001169081.1_genomic,2
GCA_017978045.1_PDT000900739.1_genomic,2
GCA_007687765.1_PDT000491147.1_genomic,2
GCA_007580405.1_PDT000341192.1_genomic,2
GCA_006792925.1_PDT000334260.1_genomic,2
GCA_008793165.1_PDT000596966.1_genomic,2
GCA_011351445.1_PDT000676922.1_genomic,2
GCA_010794405.1_PDT000053594.2_genomic,2
GCA_011351465.1_PDT000676935.1_genomic,2
GCA_015133175.1_PDT000854946.1_genomic,2
GCA_007911065.1_PDT000503193.1_genomic,2
GCA_014491485.1_ASM1449148v1_genomic,2
GCA_000984275.1_PA017_genomic,2
GCA_008902965.1_PDT000602004.1_genomic,2
GCF_002809405.1_HZ080_genomic,2
GCA_010765195.1_PDT000211935.2_genomic,2
GCA_011296935.1_PDT000676831.1_genomic,2
GCA_000984435.1_PA134_genomic,2
GCA_007498285.1_PDT000323420.1_genomic,2
GCA_007789355.1_PDT000486276.1_genomic,2
GCA_017514255.1_PDT000987394.1_genomic,2
GCA_010829485.1_PDT000644377.1_genomic,2
GCA_010819625.1_PDT000643010.1_genomic,2
GCA_009169105.1_PDT000198019.2_genomic,2
GCA_017525325.1_PDT000987364.1_genomic,2
GCA_013342005.1_ASM1334200v1_genomic,2
GCA_004162195.1_PDT000322877.1_genomic,2
GCF_039650725.1_ASM3965072v1_genomic,2
GCA_000984715.1_PA118_genomic,2
GCA_007783205.1_PDT000458679.1_genomic,2
GCA_010531535.1_PDT000310799.2_genomic,2
GCA_017371455.1_PDT000985450.1_genomic,2
GCA_005914625.1_PDT000503087.1_genomic,2
GCA_006306285.1_PDT000264136.2_genomic,2
GCA_018034645.1_PDT000900743.1_genomic,2
GCA_004163715.1_PDT000323416.1_genomic,2
GCA_010808365.1_PDT000650771.1_genomic,2
GCA_011258415.1_PDT000676918.1_genomic,2
GCA_020812175.1_PDT001172030.1_genomic,2
GCA_000983975.1_PA059_genomic,2
GCA_000985095.1_PA114_genomic,2
GCA_006449955.1_PDT000522226.1_genomic,2
GCA_018255355.1_PDT001017939.1_genomic,2
GCA_006946425.1_PDT000195518.2_genomic,2
GCA_008551315.1_PDT000137034.2_genomic,2
GCA_010588765.1_PDT000237326.2_genomic,2
GCA_006449815.1_PDT000522242.1_genomic,2
GCA_017495885.1_PDT000986652.1_genomic,2
GCA_006400635.1_PDT000519458.1_genomic,2
GCA_007788515.1_PDT000470704.1_genomic,2
GCA_010703775.1_PDT000054781.2_genomic,2
GCA_006110295.1_PDT000206830.2_genomic,2
GCA_002808845.1_HZ333_genomic,2
GCA_011242135.1_PDT000676917.1_genomic,2
GCA_008523005.1_PDT000137035.2_genomic,2
GCA_011703915.1_PDT000689179.1_genomic,2
GCA_007781445.1_PDT000411184.1_genomic,2
GCA_018034345.1_PDT000900763.1_genomic,2
GCA_007770525.1_PDT000329453.1_genomic,2
GCA_006793585.1_PDT000371817.1_genomic,2
GCA_002809335.1_HZ087_genomic,2
GCA_016968485.1_PDT000970025.1_genomic,2
GCA_005599315.1_PDT000491299.1_genomic,2
GCA_008445785.1_PDT000324367.1_genomic,2
GCA_010641465.1_PDT000057143.2_genomic,2
GCF_021461065.1_ASM2146106v1_genomic,2
GCA_011383945.1_PDT000705762.1_genomic,2
GCA_008832275.1_PDT000119900.2_genomic,2
GCA_011412015.1_PDT000237629.2_genomic,2
GCA_010573015.1_PDT000211838.2_genomic,2
GCA_011647475.1_PDT000687211.1_genomic,2
GCA_016966135.1_PDT000970254.1_genomic,2
GCA_010767975.1_PDT000256669.2_genomic,2
GCA_007502225.1_PDT000379910.1_genomic,2
GCA_011350775.1_PDT000676848.1_genomic,2
GCA_017499335.1_PDT000988070.1_genomic,2
GCA_015128365.1_PDT000855151.1_genomic,2
GCA_010742855.1_PDT000655427.1_genomic,2
GCA_002386165.1_ASM238616v1_genomic,2
GCA_005815355.1_PDT000416140.1_genomic,2
GCA_018035305.1_PDT000900729.1_genomic,2
GCA_010805535.1_PDT000659212.1_genomic,2
GCA_011351345.1_PDT000676927.1_genomic,2
GCA_007782505.1_PDT000398443.1_genomic,2
GCA_010633325.1_PDT000043053.4_genomic,2
GCA_007778265.1_PDT000376536.1_genomic,2
GCA_007517225.1_PDT000469645.1_genomic,2
GCA_011259635.1_PDT000676897.1_genomic,2
GCA_013342185.1_ASM1334218v1_genomic,2
GCA_005811705.1_PDT000413089.1_genomic,2
GCA_007515845.1_PDT000465472.1_genomic,2
GCA_011350925.1_PDT000676878.1_genomic,2
GCA_000985835.1_PA055_genomic,2
GCA_010999315.1_PDT000687610.1_genomic,2
GCA_005840275.1_PDT000478904.1_genomic,2
GCA_008731995.1_PDT000098328.2_genomic,2
GCA_006106975.1_PDT000195132.2_genomic,2
GCA_006463865.1_PDT000523505.1_genomic,2
GCA_010848305.1_PDT000640622.1_genomic,2
GCA_011296995.1_PDT000676834.1_genomic,2
GCA_000984495.1_PA137_genomic,2
GCA_012042285.1_PDT000718569.1_genomic,2
GCA_006400395.1_PDT000519463.1_genomic,2
GCA_011634125.1_PDT000687133.1_genomic,2
GCA_011704195.1_PDT000691497.1_genomic,2
GCA_018011335.1_PDT001006689.1_genomic,2
GCF_002808775.1_HZ129_genomic,2
GCA_011258355.1_PDT000676944.1_genomic,2
GCA_006928395.1_PDT000199253.2_genomic,2
GCA_007778825.1_PDT000427858.1_genomic,2
GCA_007799335.1_PDT000534042.1_genomic,2
GCA_007577225.1_PDT000329405.1_genomic,2
GCA_011434755.1_PDT000053816.2_genomic,2
GCA_013781065.1_PDT000797393.1_genomic,2
GCA_007805735.1_PDT000540283.1_genomic,2
GCA_011433255.1_PDT000646723.1_genomic,2
GCA_006420075.1_PDT000520553.1_genomic,2
GCA_017574025.1_PDT000990091.1_genomic,2
GCA_003296145.1_ASM329614v1_genomic,2
GCA_011748485.1_PDT000713077.1_genomic,2
GCA_017495805.1_PDT000986659.1_genomic,2
GCA_007612915.1_PDT000484237.1_genomic,2
GCA_012169335.1_PDT000720737.1_genomic,2
GCA_007583545.1_PDT000453029.1_genomic,2
GCA_000984475.1_PA013_genomic,2
GCA_018311175.1_PDT001022881.1_genomic,2
GCA_012158565.1_PDT000720335.1_genomic,2
GCA_006406075.1_PDT000519642.1_genomic,2
GCA_007503365.1_PDT000395794.1_genomic,2
GCA_007578005.1_PDT000333351.1_genomic,2
GCA_017371115.1_PDT000985472.1_genomic,2
GCA_007710885.1_PDT000547052.1_genomic,2
GCA_007661145.1_PDT000469589.1_genomic,2
GCA_002808955.1_HZ319_genomic,2
GCA_007790355.1_PDT000475691.1_genomic,2
GCA_002809285.1_HZ010_genomic,2
GCA_011403215.1_PDT000644334.1_genomic,2
GCA_010658265.1_PDT000266873.2_genomic,2
GCA_010654685.1_PDT000237609.2_genomic,2
GCA_010650505.1_PDT000238023.2_genomic,2
GCA_010449755.1_PDT000236561.2_genomic,2
GCA_006418155.1_PDT000520432.1_genomic,2
GCA_002809165.1_HZ118_genomic,2
GCF_050412135.1_ASM5041213v1_genomic,2
GCA_011296455.1_PDT000676877.1_genomic,2
GCA_011436535.1_PDT000642967.1_genomic,2
GCA_010670545.1_PDT000100036.2_genomic,2
GCA_016963975.1_PDT000970365.1_genomic,2
GCA_000411795.1_ASM41179v1_genomic,2
GCA_010601485.1_PDT000236556.2_genomic,2
GCA_007774545.1_PDT000340112.1_genomic,2
GCA_000985655.1_PA073_genomic,2
GCA_011439075.1_PDT000059046.2_genomic,2
GCA_012158405.1_PDT000720361.1_genomic,2
GCA_010446415.1_PDT000214653.2_genomic,2
GCA_006458025.1_PDT000522742.1_genomic,2
GCA_010666865.1_PDT000053372.2_genomic,2
GCA_000984045.1_PA012_genomic,2
GCA_010564765.1_PDT000237381.2_genomic,2
GCA_011102475.1_PDT000099289.2_genomic,2
GCA_011476195.1_PDT000637524.1_genomic,2
GCA_008883325.1_PDT000126328.2_genomic,2
GCA_005587395.1_PDT000477548.1_genomic,2
GCA_018351815.1_PDT001024270.1_genomic,2
GCA_019501525.1_PDT001106322.1_genomic,2
GCA_006077435.1_PDT000504106.1_genomic,2
GCA_014961495.1_PDT000862430.1_genomic,2
GCA_006403775.1_PDT000519620.1_genomic,2
GCA_011725955.1_PDT000711504.1_genomic,2
GCA_000984675.1_PA110_genomic,2
GCA_008732075.1_PDT000098329.2_genomic,2
GCA_010690945.1_PDT000099169.2_genomic,2
GCA_007781465.1_PDT000454649.1_genomic,2
GCA_009044145.1_PDT000607610.1_genomic,2
GCA_015917135.1_PDT000898255.1_genomic,2
GCA_010768175.1_PDT000263182.2_genomic,2
GCA_010821745.1_PDT000643001.1_genomic,2
GCA_010405885.1_PDT000058558.2_genomic,2
GCA_010464005.1_PDT000654005.1_genomic,2
GCA_007512145.1_PDT000458940.1_genomic,2
GCA_014724735.1_PDT000843291.1_genomic,2
GCF_002809795.1_HZ041_genomic,2
GCA_007652955.1_PDT000413965.1_genomic,2
GCA_009240265.1_PDT000612137.1_genomic,2
GCA_018034705.1_PDT000900744.1_genomic,2
GCA_011259705.1_PDT000676930.1_genomic,2
GCA_010126665.1_PDT000263610.2_genomic,2
GCA_007498335.1_PDT000329443.1_genomic,2
GCA_010432715.1_PDT000237330.2_genomic,2
GCA_016847145.1_PDT000054829.2_genomic,2
GCA_010976375.1_PDT000625899.1_genomic,2
GCA_010713375.1_PDT000058683.2_genomic,2
GCA_010509175.1_PDT000057923.2_genomic,2
GCA_010913475.1_PDT000640610.1_genomic,2
GCA_003689595.1_ASM368959v1_genomic,2
GCA_005740115.1_PDT000488809.1_genomic,2
GCA_010563905.1_PDT000238025.2_genomic,2
GCA_016738555.1_PDT000931233.1_genomic,2
GCA_010685905.1_PDT000053103.2_genomic,2
GCA_010374125.1_PDT000098939.2_genomic,2
GCA_016846585.1_PDT000057974.2_genomic,2
GCA_011240915.1_PDT000676934.1_genomic,2
GCA_010703925.1_PDT000054342.2_genomic,2
GCA_007819325.1_PDT000321678.1_genomic,2
GCF_002808985.1_HZ032_genomic,2
GCA_012973005.1_PDT000730521.1_genomic,2
GCA_000983275.1_PA010_genomic,2
GCA_010540175.1_PDT000055223.2_genomic,2
GCA_005701875.1_PDT000407440.1_genomic,2
GCF_002809505.1_HZ070_genomic,2
GCA_005510185.1_PDT000490559.1_genomic,2
GCA_019993885.1_PDT001130229.1_genomic,2
GCA_011404075.1_PDT000639906.1_genomic,2
GCA_007607895.1_PDT000476822.1_genomic,2
GCA_007488025.1_PDT000297705.2_genomic,2
GCA_011258055.1_PDT000676660.1_genomic,2
GCA_000984115.1_PA067_genomic,2
GCF_002809745.1_HZ043_genomic,2
GCF_039650765.1_ASM3965076v1_genomic,2
GCA_007498185.1_PDT000328815.1_genomic,2
GCA_016846775.1_PDT000057346.2_genomic,2
GCA_011241535.1_PDT000676862.1_genomic,2
GCA_010389185.1_PDT000056309.2_genomic,2
GCA_011698615.1_PDT000691275.1_genomic,2
GCA_007771625.1_PDT000334454.1_genomic,2
GCA_017499195.1_PDT000988735.1_genomic,2
GCA_008064215.1_PDT000056006.2_genomic,2
GCA_005412695.1_PDT000333114.1_genomic,2
GCA_007644605.1_PDT000333526.1_genomic,2
GCA_007781715.1_PDT000457607.1_genomic,2
GCA_010728985.1_PDT000238013.2_genomic,2
GCA_011351565.1_PDT000676943.1_genomic,2
GCA_007498405.1_PDT000327481.1_genomic,2
GCA_006424815.1_PDT000521456.1_genomic,2
GCA_018035185.1_PDT000900732.1_genomic,2
GCA_011350725.1_PDT000676823.1_genomic,2
GCA_000983155.1_PA094_genomic,2
GCA_010704385.1_PDT000053249.2_genomic,2
GCA_009325335.1_PDT000219488.2_genomic,2
GCA_011124325.1_PDT000235635.2_genomic,2
GCA_010659145.1_PDT000263519.2_genomic,2
GCF_002808925.1_HZ322_genomic,2
GCA_000411835.1_ASM41183v1_genomic,2
GCA_000984755.1_PA008_genomic,2
GCA_007821235.1_PDT000380594.1_genomic,2
GCA_010418165.1_PDT000642984.1_genomic,2
GCA_010655925.1_PDT000054042.2_genomic,2
GCA_000983855.1_PA051_genomic,2
GCA_018034405.1_PDT000900760.1_genomic,2
GCA_007789475.1_PDT000495455.1_genomic,2
GCA_007768365.1_PDT000318919.1_genomic,2
GCA_011507365.1_PDT000706379.1_genomic,2
GCA_007498065.1_PDT000321739.1_genomic,2
GCA_010735435.1_PDT000120748.2_genomic,2
GCA_010728535.1_PDT000237599.2_genomic,2
GCA_007502145.1_PDT000388269.1_genomic,2
GCA_017499865.1_PDT000988052.1_genomic,2
GCA_016996075.1_PDT000966650.1_genomic,2
GCA_009444035.1_PDT000620646.1_genomic,2
GCA_006563725.1_PDT000356069.1_genomic,2
GCA_006456965.1_PDT000522723.1_genomic,2
GCA_000985675.1_PA123_genomic,2
GCA_007586815.1_PDT000458153.1_genomic,2
GCA_011229675.1_PDT000677048.1_genomic,2
GCA_011210485.1_PDT000664067.1_genomic,2
GCA_007768385.1_PDT000324776.1_genomic,2
GCA_000983625.1_PA039_genomic,2
GCA_010822185.1_PDT000642951.1_genomic,2
GCF_002809015.1_HZ005_genomic,2
GCA_010666705.1_PDT000053451.2_genomic,2
GCA_010675905.1_PDT000056293.2_genomic,2
GCA_011192375.1_PDT000642981.1_genomic,2
GCA_007498995.1_PDT000335969.1_genomic,2
GCA_018937695.1_PDT001069872.1_genomic,2
GCF_050412315.1_ASM5041231v1_genomic,2
GCA_008992725.1_PDT000157617.2_genomic,2
GCA_010676305.1_PDT000058992.2_genomic,2
GCF_002809165.1_HZ118_genomic,2
GCA_000983645.1_PA122_genomic,2
GCA_011124345.1_PDT000237375.2_genomic,2
GCA_014297515.1_PDT000820421.1_genomic,2
GCA_016121035.1_PDT000917239.1_genomic,2
GCA_010728845.1_PDT000237395.2_genomic,2
GCA_010836455.1_PDT000640620.1_genomic,2
GCA_018034665.1_PDT000900748.1_genomic,2
GCA_010459185.1_PDT000052874.2_genomic,2
GCA_005431675.1_PDT000487376.1_genomic,2
GCA_005732015.1_PDT000457324.1_genomic,2
GCA_011259305.1_PDT000676906.1_genomic,2
GCA_011113635.1_PDT000182623.2_genomic,2
GCA_016251675.1_PDT000575307.1_genomic,2
GCA_012693245.1_PDT000724989.1_genomic,2
GCA_007089725.1_PDT000260402.2_genomic,2
GCA_005805805.1_PDT000409724.1_genomic,2
GCA_011003655.1_PDT000687591.1_genomic,2
GCA_009469265.1_PDT000234246.2_genomic,2
GCA_020462345.1_PDT001148984.1_genomic,2
GCA_005662995.1_PDT000478295.1_genomic,2
GCA_011120925.1_PDT000238000.2_genomic,2
GCA_013774105.1_PDT000754279.1_genomic,2
GCA_010630345.1_PDT000263219.2_genomic,2
GCA_010736375.1_PDT000238021.2_genomic,2
GCA_010442935.1_PDT000311833.2_genomic,2
GCA_012655075.1_PDT000722249.1_genomic,2
GCA_011255595.1_PDT000702788.1_genomic,2
GCA_005839065.1_PDT000478276.1_genomic,2
GCA_015850595.1_PDT000904817.1_genomic,2
GCA_019583335.1_PDT001108489.1_genomic,2
GCA_011429775.1_PDT000652737.1_genomic,2
GCA_011241055.1_PDT000676880.1_genomic,2
GCA_016316285.1_PDT000361201.1_genomic,2
GCA_008902425.1_PDT000601967.1_genomic,2
GCA_007649855.1_PDT000415252.1_genomic,2
GCA_004181605.1_PDT000332366.1_genomic,2
GCA_010746095.1_PDT000654160.1_genomic,2
GCA_013441595.1_PDT000793156.1_genomic,2
GCA_010920455.1_PDT000634717.1_genomic,2
GCA_014578575.1_PDT000725348.1_genomic,2
GCA_017346575.1_PDT000983555.1_genomic,2
GCA_011242155.1_PDT000676920.1_genomic,2
GCA_008657055.1_PDT000083024.2_genomic,2
GCA_010651225.1_PDT000238005.2_genomic,2
GCA_010871905.1_PDT000624041.1_genomic,2
GCA_011297115.1_PDT000676883.1_genomic,2
GCA_019315625.1_PDT001094507.1_genomic,2
GCA_004269585.1_PDT000350122.1_genomic,2
GCA_009124085.1_PDT000187962.2_genomic,2
GCA_011293655.1_PDT000702752.1_genomic,2
GCF_002809415.1_HZ004_genomic,2
GCA_011646735.1_PDT000687135.1_genomic,2
GCA_011429735.1_PDT000099186.2_genomic,2
GCA_006833285.1_PDT000367855.1_genomic,2
GCA_007577205.1_PDT000329379.1_genomic,2
GCA_011259565.1_PDT000676856.1_genomic,2
GCA_007510225.1_PDT000458848.1_genomic,2
GCA_007578185.1_PDT000334735.1_genomic,2
GCA_010838155.1_PDT000642910.1_genomic,2
GCA_000026565.1_ASM2656v1_genomic,2
GCA_010494375.1_PDT000654016.1_genomic,2
GCA_010576995.1_PDT000212765.2_genomic,2
GCA_013147455.1_PDT000743727.1_genomic,2
GCF_002809125.1_HZ006_genomic,2
GCA_010422845.1_PDT000055389.2_genomic,2
GCA_007580235.1_PDT000386381.1_genomic,2
GCA_007790935.1_PDT000484726.1_genomic,2
GCA_017520285.1_PDT000987369.1_genomic,2
GCA_007776225.1_PDT000383089.1_genomic,2
GCA_000983795.1_PA128_genomic,2
GCA_008354105.1_PDT000581117.1_genomic,2
GCA_007497845.1_PDT000323399.1_genomic,2
GCA_008547295.1_PDT000312838.2_genomic,2
GCA_002808675.1_HZ354_genomic,2
GCA_007499245.1_PDT000333049.1_genomic,2
GCA_011259625.1_PDT000676825.1_genomic,2
GCA_011121485.1_PDT000238002.2_genomic,2
GCA_000984095.1_PA009_genomic,2
GCA_006513175.1_PDT000271115.2_genomic,2
GCA_006449735.1_PDT000522216.1_genomic,2
GCA_000983215.1_04_9176_genomic,2
GCA_000983355.1_PA027_genomic,2
GCA_007518105.1_PDT000470681.1_genomic,2
GCA_011309895.1_PDT000563081.1_genomic,2
GCA_000985695.1_PA082_genomic,2
GCA_014568735.1_PDT000728044.1_genomic,2
GCA_017789105.1_PDT000998156.1_genomic,2
GCA_006968445.1_PDT000209717.2_genomic,2
GCA_000983735.1_PA126_genomic,2
GCA_007649955.1_PDT000380485.1_genomic,2
GCA_007705485.1_PDT000546243.1_genomic,2
GCA_011124285.1_PDT000238008.2_genomic,2
GCA_010959975.1_PDT000630534.1_genomic,2
GCA_005517975.1_PDT000499588.1_genomic,2
GCA_000985435.1_PA072_genomic,2
GCA_007595065.1_PDT000466318.1_genomic,2
GCA_015026735.1_PDT000869181.1_genomic,2
GCA_002809325.1_HZ086_genomic,2
GCA_011241595.1_PDT000676844.1_genomic,2
GCA_010515575.1_PDT000256685.2_genomic,2
GCA_007769125.1_PDT000318747.1_genomic,2
GCA_019944615.1_PDT001128891.1_genomic,2
GCF_002809305.1_HZ116_genomic,2
GCA_011211865.1_PDT000665009.1_genomic,2
GCA_007499215.1_PDT000330983.1_genomic,2
GCA_010383625.1_PDT000237379.2_genomic,2
GCA_008150105.1_PDT000571516.1_genomic,2
GCA_005670415.1_PDT000483827.1_genomic,2
GCA_018034725.1_PDT000900742.1_genomic,2
GCA_007798015.1_PDT000534705.1_genomic,2
GCA_006554285.1_PDT000200328.2_genomic,2
GCA_011296775.1_PDT000676858.1_genomic,2
GCA_000983565.1_PA063_genomic,2
GCA_018624915.1_PDT001057027.1_genomic,2
GCA_008554295.1_PDT000584222.1_genomic,2
GCA_007582445.1_PDT000432291.1_genomic,2
GCA_011258675.1_PDT000676902.1_genomic,2
GCA_000985055.1_PA074_genomic,2
GCA_007580485.1_PDT000340249.1_genomic,2
GCA_011438195.1_PDT000058641.2_genomic,2
GCA_007767845.1_PDT000317020.1_genomic,2
GCA_018311295.1_PDT001022426.1_genomic,2
GCA_010639105.1_PDT000056138.2_genomic,2
GCA_000983375.1_PA060_genomic,2
GCA_016967595.1_PDT000970067.1_genomic,2
GCA_016994795.1_PDT000966954.1_genomic,2
GCA_007511755.1_PDT000464293.1_genomic,2
GCA_011099305.1_PDT000058292.2_genomic,2
GCA_007591785.1_PDT000459995.1_genomic,2
GCA_010601905.1_PDT000237362.2_genomic,2
GCA_007908745.1_PDT000422659.1_genomic,2
GCA_007524515.1_PDT000475593.1_genomic,2
GCA_011296875.1_PDT000676846.1_genomic,2
GCA_007687325.1_PDT000486915.1_genomic,2
GCA_010601985.1_PDT000237374.2_genomic,2
GCA_011351145.1_PDT000676871.1_genomic,2
GCA_008968255.2_PDT000603522.2_genomic,2
GCA_018114485.1_PDT001009761.1_genomic,2
GCA_015133575.1_PDT000854921.1_genomic,2
GCA_011314055.1_PDT000702795.1_genomic,2
GCA_007773825.1_PDT000349657.1_genomic,2
GCA_000983685.1_PA116_genomic,2
GCA_007515305.1_PDT000464961.1_genomic,2
GCA_017572645.1_ASM1757264v1_genomic,2
GCA_007500405.1_PDT000339551.1_genomic,2
GCA_007644705.1_PDT000334944.1_genomic,2
GCA_011121185.1_PDT000237369.2_genomic,2
GCA_010421325.1_PDT000651792.1_genomic,2
GCA_007771875.1_PDT000330771.1_genomic,2
GCA_017587035.1_PDT000991251.1_genomic,2
GCA_007715565.1_PDT000544754.1_genomic,2
GCA_010789475.1_PDT000214123.2_genomic,2
GCA_007781865.1_PDT000456912.1_genomic,2
GCA_010640865.1_PDT000056486.2_genomic,2
GCA_006488725.1_PDT000527258.1_genomic,2
GCA_009112225.1_PDT000605164.1_genomic,2
GCA_008354045.1_PDT000581115.1_genomic,2
GCA_010527775.1_PDT000654003.1_genomic,2
GCA_000983705.1_PA142_genomic,2
GCA_011297035.1_PDT000676835.1_genomic,2
GCA_006826065.1_PDT000353759.1_genomic,2
GCA_007502125.1_PDT000382475.1_genomic,2
GCA_007781665.1_PDT000410369.1_genomic,2
GCA_010154855.1_PDT000277214.2_genomic,2
GCA_002809705.1_HZ049_genomic,2
GCA_007660505.1_PDT000464990.1_genomic,2
GCF_002044655.1_ASM204465v1_genomic,2
GCA_000983485.1_PA023_genomic,2
GCA_011259905.1_PDT000676827.1_genomic,2
GCA_008319365.1_PDT000580398.1_genomic,2
GCA_016243555.1_PDT000589060.1_genomic,2
GCA_006550215.1_PDT000344517.1_genomic,2
GCA_010012145.1_PDT000654010.1_genomic,2
GCA_007591125.1_PDT000459925.1_genomic,2
GCA_010848045.1_PDT000662518.1_genomic,2
GCA_006574465.1_PDT000306574.2_genomic,2
GCA_006216405.1_PDT000517446.1_genomic,2
GCA_004191755.1_PDT000340200.1_genomic,2
GCA_011350405.1_PDT000676907.1_genomic,2
GCA_015375565.1_PDT000885232.1_genomic,2
GCA_007577765.1_PDT000329367.1_genomic,2
GCA_000984215.1_PA101_genomic,2
GCA_010775755.1_PDT000263835.2_genomic,2
GCA_006600505.1_PDT000351420.1_genomic,2
GCA_007706585.1_PDT000546482.1_genomic,2
GCA_006276725.1_PDT000305649.2_genomic,2
GCA_010747975.1_PDT000652734.1_genomic,2
GCA_015133375.1_PDT000854939.1_genomic,2
GCA_010745615.1_PDT000655145.1_genomic,2
GCA_007565865.1_PDT000299949.2_genomic,2
GCA_010676725.1_PDT000056345.2_genomic,2
GCA_007686865.1_PDT000486275.1_genomic,2
GCA_010815135.1_PDT000643008.1_genomic,2
GCA_018968245.1_PDT001074018.1_genomic,2
GCA_003919515.1_PDT000390084.1_genomic,2
GCA_007770345.1_PDT000330713.1_genomic,2
GCA_011258225.1_PDT000676870.1_genomic,2
GCA_007611535.1_PDT000481481.1_genomic,2
GCA_008986145.1_PDT000153190.2_genomic,2
GCA_007579925.1_PDT000335858.1_genomic,2
GCA_012158385.1_PDT000720350.1_genomic,2
GCA_020263585.1_PDT000828495.1_genomic,2
GCA_007780545.1_PDT000394123.1_genomic,2
GCA_005591055.1_PDT000480299.1_genomic,2
GCA_005480455.1_PDT000440412.1_genomic,2
GCA_010712795.1_PDT000059850.2_genomic,2
GCA_006470265.1_PDT000524550.1_genomic,2
GCA_005604015.1_PDT000497607.1_genomic,2
GCA_000984455.1_PA136_genomic,2
GCA_016846465.1_PDT000059038.3_genomic,2
GCA_003787125.1_PDT000400647.1_genomic,2
GCA_016963895.1_PDT000970373.1_genomic,2
GCA_006584125.1_PDT000330088.1_genomic,2
GCA_000984355.1_PA096_genomic,2
GCA_011691435.1_PDT000676569.1_genomic,2
GCA_010867005.1_PDT000645869.1_genomic,2
GCA_007791695.1_PDT000473613.1_genomic,2
GCA_009231745.1_PDT000611556.1_genomic,2
GCA_005851945.1_PDT000489432.1_genomic,2
GCA_000983915.1_PA048_genomic,2
GCA_011124465.1_PDT000237623.2_genomic,2
GCA_006399175.1_PDT000519444.1_genomic,2
GCA_015131155.1_PDT000855108.1_genomic,2
GCA_002809575.1_HZ059_genomic,2
GCA_011747925.1_PDT000712385.1_genomic,2
GCA_011241555.1_PDT000676818.1_genomic,2
GCA_008191825.1_PDT000574279.1_genomic,2
GCA_007612255.1_PDT000484731.1_genomic,2
GCA_010526135.1_PDT000214136.2_genomic,2
GCA_009163415.1_PDT000195075.2_genomic,2
GCA_007582305.1_PDT000421905.1_genomic,2
GCA_003889815.1_PDT000351099.1_genomic,2
GCF_002808825.1_HZ351_genomic,2
GCA_008623755.1_PDT000588727.1_genomic,2
GCA_011239915.1_PDT000676822.1_genomic,2
GCA_018297565.1_PDT001021850.1_genomic,2
GCA_016994255.1_PDT000967005.1_genomic,2
GCA_000983335.1_PA049_genomic,2
GCA_000985155.1_PA111_genomic,2
GCA_007499205.1_PDT000334736.1_genomic,2
GCA_010423945.1_PDT000057199.2_genomic,2
GCA_011232635.1_PDT000672851.1_genomic,2
GCA_010651785.1_PDT000237376.2_genomic,2
GCA_005709375.1_PDT000426847.1_genomic,2
GCA_007783745.1_PDT000457083.1_genomic,2
GCA_018034385.1_PDT000900761.1_genomic,2
GCA_009179105.1_PDT000198329.2_genomic,2
GCA_007502345.1_PDT000390036.1_genomic,2
GCA_010423925.1_PDT000057883.2_genomic,2
GCA_007775665.1_PDT000376572.1_genomic,2
GCA_011241485.1_PDT000676821.1_genomic,2
GCA_007782125.1_PDT000406825.1_genomic,2
GCA_000983875.1_PA105_genomic,2
GCA_010415805.1_PDT000237380.2_genomic,2
GCA_017346615.1_PDT000983552.1_genomic,2
GCA_011259385.1_PDT000676950.1_genomic,2
GCA_010913385.1_PDT000644568.1_genomic,2
GCA_007580225.1_PDT000339087.1_genomic,2
GCA_018255275.1_PDT001017950.1_genomic,2
GCF_002809385.1_HZ083_genomic,2
GCA_009044185.1_PDT000607607.1_genomic,2
GCA_006639805.1_PDT000315218.2_genomic,2
GCA_012042235.1_PDT000718577.1_genomic,2
GCA_002808885.1_HZ325_genomic,2
GCA_007784385.1_PDT000469504.1_genomic,2
GCA_007687705.1_PDT000490177.1_genomic,2
GCA_010794655.1_PDT000059676.2_genomic,2
GCA_002809015.1_HZ005_genomic,2
GCA_010627325.1_PDT000237363.2_genomic,2
GCA_011543415.1_PDT000625049.1_genomic,2
GCA_020772195.1_PDT001169095.1_genomic,2
GCA_011258655.1_PDT000676923.1_genomic,2
GCA_007771065.1_PDT000332268.1_genomic,2
GCA_010914335.1_PDT000059517.2_genomic,2
GCA_011397195.1_PDT000122827.2_genomic,2
GCA_010382865.1_PDT000237359.2_genomic,2
GCA_010728945.1_PDT000237984.2_genomic,2
GCA_016983115.1_PDT000968139.1_genomic,2
GCA_007500865.1_PDT000376644.1_genomic,2
GCA_007820595.1_PDT000328129.1_genomic,2
GCA_003907025.1_PDT000333476.1_genomic,2
GCF_039650815.1_ASM3965081v1_genomic,2
GCA_016967835.1_PDT000970045.1_genomic,2
GCA_017519835.1_PDT000987381.1_genomic,2
GCA_010528475.1_PDT000238030.2_genomic,2
GCA_010462505.1_PDT000057229.2_genomic,2
GCA_011425145.1_PDT000640621.1_genomic,2
GCA_009404465.1_PDT000618372.1_genomic,2
GCA_011690335.1_PDT000688893.1_genomic,2
GCA_007582165.1_PDT000347734.1_genomic,2
GCA_007773645.1_PDT000342962.1_genomic,2
GCA_010666525.1_PDT000053532.2_genomic,2
GCA_020904135.1_PDT001179056.1_genomic,2
GCA_007767965.1_PDT000323092.1_genomic,2
GCA_010780975.1_PDT000214188.2_genomic,2
GCA_010627725.1_PDT000237383.2_genomic,2
GCA_011350905.1_PDT000676873.1_genomic,2
GCA_011298195.1_PDT000676955.1_genomic,2
GCA_007620335.1_PDT000542160.1_genomic,2
GCA_007780825.1_PDT000465427.1_genomic,2
GCA_010730555.1_PDT000657126.1_genomic,2
GCA_011258535.1_PDT000676933.1_genomic,2
GCA_007776525.1_PDT000378332.1_genomic,2
GCA_009214225.1_PDT000206786.2_genomic,2
GCA_010738315.1_PDT000238009.2_genomic,2
GCA_010437495.1_PDT000055306.2_genomic,2
GCA_007490525.1_PDT000303231.2_genomic,2
GCA_005867705.1_PDT000501040.1_genomic,2
GCA_004272845.1_PDT000379125.1_genomic,2
GCA_017248235.1_PDT000939102.1_genomic,2
GCA_007650135.1_PDT000380599.1_genomic,2
GCA_010639985.1_PDT000053338.2_genomic,2
GCA_011611305.1_PDT000624322.1_genomic,2
GCA_019949995.1_PDT001128674.1_genomic,2
GCA_011686695.1_PDT000689959.1_genomic,2
GCA_007778045.1_PDT000383233.1_genomic,2
GCA_003736385.1_PDT000397328.1_genomic,2
GCA_018392795.1_PDT001040509.1_genomic,2
GCA_010705545.1_PDT000054985.2_genomic,2
GCA_011242075.1_PDT000676964.1_genomic,2
GCA_006824205.1_PDT000342285.1_genomic,2
GCA_002033985.1_ASM203398v1_genomic,2
GCA_003690035.1_ASM369003v1_genomic,2
GCA_007779705.1_PDT000452385.1_genomic,2
GCA_007781545.1_PDT000454675.1_genomic,2
GCA_000983435.1_PA146_genomic,2
GCA_000411875.1_ASM41187v1_genomic,2
GCA_010382245.1_PDT000237368.2_genomic,2
GCA_003689875.1_ASM368987v1_genomic,2
GCA_007613995.1_PDT000489914.1_genomic,2
GCA_010473845.1_PDT000236567.2_genomic,2
GCA_010545525.1_PDT000153182.2_genomic,2
GCA_018115145.1_PDT001009729.1_genomic,2
GCA_006387415.1_PDT000041890.4_genomic,2
GCA_010499055.1_PDT000099715.2_genomic,2
GCA_011289825.1_PDT000664042.1_genomic,2
GCA_005453885.1_PDT000392230.1_genomic,2
GCA_004185195.1_PDT000336434.1_genomic,2
GCA_008860205.1_PDT000600214.1_genomic,2
GCA_006732105.1_PDT000364026.1_genomic,2
GCA_014723715.1_PDT000843303.1_genomic,2
GCA_007767545.1_PDT000320330.1_genomic,2
GCA_000984635.1_PA141_genomic,2
GCA_000984025.1_PA112_genomic,2
GCA_016738815.1_PDT000931218.1_genomic,2
GCA_010014045.1_PDT000669274.1_genomic,2
GCA_016131265.1_PDT000918778.1_genomic,2
GCA_010552905.1_PDT000099949.2_genomic,2
GCA_014272205.1_PDT000817752.2_genomic,2
GCA_009066545.1_PDT000183233.2_genomic,2
GCA_010629865.1_PDT000263239.2_genomic,2
GCA_007778955.1_PDT000398952.1_genomic,2
GCF_002809335.1_HZ087_genomic,2
GCA_016995055.1_PDT000966941.1_genomic,2
GCA_018035205.1_PDT000900730.1_genomic,2
GCA_010655865.1_PDT000058016.2_genomic,2
GCA_007772905.1_PDT000336534.1_genomic,2
GCA_008855785.1_PDT000126359.2_genomic,2
GCA_010528675.1_PDT000237377.2_genomic,2
GCA_000984255.1_PA036_genomic,2
GCA_009112445.1_PDT000605153.1_genomic,2
GCA_010737635.1_PDT000237367.2_genomic,2
GCA_016993535.1_PDT000967027.1_genomic,2
GCA_011297175.1_PDT000676940.1_genomic,2
GCA_010736735.1_PDT000238015.2_genomic,2
GCA_011496565.1_PDT000682972.1_genomic,2
GCA_010793055.1_PDT000058620.2_genomic,2
GCA_006661965.1_PDT000330267.2_genomic,2
GCA_006401875.1_PDT000519461.1_genomic,2
GCA_018259615.1_PDT001018225.1_genomic,2
GCA_008626575.1_PDT000588913.1_genomic,2
GCA_011657575.1_PDT000690674.1_genomic,2
GCA_006105795.1_PDT000187778.2_genomic,2
GCA_014554215.1_PDT000834526.1_genomic,2
GCA_011986145.1_PDT000718254.1_genomic,2
GCA_009325415.1_PDT000219500.2_genomic,2
GCA_005764815.1_PDT000381975.1_genomic,2
GCA_011241615.1_PDT000676817.1_genomic,2
GCA_004162995.1_PDT000322875.1_genomic,2
GCA_011385755.1_PDT000702811.1_genomic,2
GCA_012040755.1_PDT000718717.1_genomic,2
GCA_011242275.1_PDT000676820.1_genomic,2
GCF_002809725.1_HZ046_genomic,2
GCA_000984695.1_PA131_genomic,2
GCA_013723705.1_PDT000763631.1_genomic,2
GCA_009163665.1_PDT000195178.2_genomic,2
GCA_000983895.1_PA062_genomic,2
GCA_013342035.1_ASM1334203v1_genomic,2
GCA_008827105.1_PDT000598956.1_genomic,2
GCA_011445285.1_PDT000058610.2_genomic,2
GCA_011650755.1_PDT000628714.1_genomic,2
GCA_015947505.1_PDT000896389.1_genomic,2
GCA_011122405.1_PDT000267954.2_genomic,2
GCA_010414885.1_PDT000237992.2_genomic,2
GCA_014723635.1_PDT000843300.1_genomic,2
GCA_004189475.1_PDT000338610.1_genomic,2
GCA_010618225.1_PDT000211777.2_genomic,2
GCA_018189455.1_PDT001015408.1_genomic,2
GCA_007823245.1_PDT000479569.1_genomic,2
GCA_016995735.1_PDT000966668.1_genomic,2
GCA_011297255.1_PDT000676924.1_genomic,2
GCA_002809225.1_HZ102_genomic,2
GCA_018190175.1_PDT001015369.1_genomic,2
GCA_003882155.1_PDT000321689.1_genomic,2
GCA_007772685.1_PDT000334977.1_genomic,2
GCA_005853505.1_PDT000491562.1_genomic,2
GCA_012003325.1_PDT000717228.1_genomic,2
GCA_010563015.1_PDT000043687.4_genomic,2
GCA_010381045.1_PDT000237385.2_genomic,2
GCA_011719215.1_PDT000710698.1_genomic,2
GCF_050412635.1_ASM5041263v1_genomic,2
GCA_012957865.1_PDT000729586.1_genomic,2
GCA_012169555.1_PDT000720751.1_genomic,2
GCA_008893185.1_PDT000600232.1_genomic,2
GCA_010400005.1_PDT000642986.1_genomic,2
GCA_010727185.1_PDT000237603.2_genomic,2
GCA_016996035.1_PDT000966660.1_genomic,2
GCA_002044655.1_ASM204465v1_genomic,2
GCA_017106705.1_PDT000973871.1_genomic,2
GCA_000985515.1_PA097_genomic,2
GCA_006421315.1_PDT000520596.1_genomic,2
GCA_007872385.1_PDT000551147.1_genomic,2
GCF_002061855.1_ASM206185v1_genomic,2
GCA_010645645.1_PDT000059078.2_genomic,2
GCA_011258465.1_PDT000676875.1_genomic,2
GCA_007778705.1_PDT000388220.1_genomic,2
GCA_005589075.1_PDT000478885.1_genomic,2
GCA_005432715.1_PDT000489369.1_genomic,2
GCA_010735295.1_PDT000122607.2_genomic,2
GCA_010930495.1_PDT000626779.1_genomic,2
GCA_011297085.1_PDT000676842.1_genomic,2
GCA_011465575.1_PDT000707723.1_genomic,2
GCA_018034575.1_PDT000900751.1_genomic,2
GCA_011351405.1_PDT000676874.1_genomic,2
GCA_006734385.1_PDT000365860.1_genomic,2
GCA_007819465.1_PDT000333032.1_genomic,2
GCA_002053335.1_ASM205333v1_genomic,2
GCA_011124365.1_PDT000236545.2_genomic,2
GCA_007390485.1_PDT000429836.1_genomic,2
GCA_010656165.1_PDT000043275.5_genomic,2
GCA_007779365.1_PDT000408672.1_genomic,2
GCA_015131855.1_PDT000855026.1_genomic,2
GCA_017292005.1_PDT000978071.1_genomic,2
GCA_007778245.1_PDT000376637.1_genomic,2
GCA_007788355.1_PDT000471222.1_genomic,2
GCA_008899425.1_PDT000601234.1_genomic,2
GCA_010015365.1_PDT000043458.5_genomic,2
GCA_010407605.1_PDT000053591.2_genomic,2
GCA_016846345.1_PDT000059715.2_genomic,2
GCA_007850595.1_PDT000549505.1_genomic,2
GCA_010472325.1_PDT000238026.2_genomic,2
GCA_010853945.1_PDT000649769.1_genomic,2
GCA_007501625.1_PDT000347773.1_genomic,2
GCA_011662635.1_PDT000689277.1_genomic,2
GCA_007774325.1_PDT000351679.1_genomic,2
GCA_007501045.1_PDT000341954.1_genomic,2
GCA_009623115.1_PDT000606770.1_genomic,2
GCA_008401805.1_PDT000585984.1_genomic,2
GCA_007788195.1_PDT000472686.1_genomic,2
GCA_005573935.1_PDT000434104.1_genomic,2
GCA_007645355.1_PDT000329497.1_genomic,2
GCA_007767505.1_PDT000319333.1_genomic,2
GCA_020504525.1_PDT001151160.1_genomic,2
GCA_002053305.1_ASM205330v1_genomic,2
GCA_011258495.1_PDT000676960.1_genomic,2
GCA_019476425.1_PDT001104091.1_genomic,2
GCA_015945415.1_PDT000896388.1_genomic,2
GCA_011188335.1_PDT000564975.1_genomic,2
GCA_006431795.1_PDT000522102.1_genomic,2
GCA_007791015.1_PDT000479574.1_genomic,2
GCA_000984915.1_PA054_genomic,2
GCA_018035345.1_PDT000900726.1_genomic,2
GCF_002809605.1_HZ055_genomic,2
GCA_015647685.1_PDT000895949.1_genomic,2
GCA_011412515.1_PDT000237980.2_genomic,2
GCA_011350625.1_PDT000676819.1_genomic,2
GCA_000984935.1_PA015_genomic,2
GCA_010002005.1_PDT000238018.2_genomic,2
GCA_016848845.1_PDT000930226.1_genomic,2
GCA_000985615.1_PA098_genomic,2
GCA_005843245.1_PDT000480287.1_genomic,2
GCA_002809125.1_HZ006_genomic,2
GCA_008361615.1_PDT000582542.1_genomic,2
GCA_010659705.1_PDT000263268.2_genomic,2
GCA_008839365.1_PDT000600257.1_genomic,2
GCA_005515875.1_PDT000497039.1_genomic,2
GCA_015124235.1_PDT000855196.1_genomic,2
GCA_000983835.1_PA014_genomic,2
GCA_020967275.1_PDT001183888.1_genomic,2
GCA_011748725.1_PDT000711345.1_genomic,2
GCF_002808885.1_HZ325_genomic,2
GCA_010810125.1_PDT000642858.1_genomic,2
GCA_011000675.1_PDT000687594.1_genomic,2
GCA_006724325.1_PDT000355911.1_genomic,2
GCA_013513315.1_PDT000786028.2_genomic,2
GCA_010822065.1_PDT000640608.1_genomic,2
GCA_011427385.1_PDT000237588.2_genomic,2
GCA_010601345.1_PDT000237993.2_genomic,2
GCA_000985455.1_PA050_genomic,2
GCF_002809145.1_HZ125_genomic,2
GCA_017266395.1_PDT000896457.1_genomic,2
GCA_004164875.1_PDT000325982.1_genomic,2
GCA_017499925.1_PDT000988047.1_genomic,2
GCA_010937975.1_PDT000629353.1_genomic,2
GCA_010471145.1_PDT000237397.2_genomic,2
GCA_005829625.1_PDT000455378.1_genomic,2
GCA_010492695.1_PDT000055565.2_genomic,2
GCA_007779545.1_PDT000431766.1_genomic,2
GCA_010651045.1_PDT000237595.2_genomic,2
GCA_011350765.1_PDT000676851.1_genomic,2
GCA_007809785.1_PDT000542165.1_genomic,2
GCA_000983135.1_PA005_genomic,2
GCA_019788265.1_PDT001117897.1_genomic,2
GCA_003689825.1_ASM368982v1_genomic,2
GCA_016847165.1_PDT000055085.2_genomic,2
GCA_010563465.1_PDT000237366.2_genomic,2
GCA_008353165.1_PDT000581057.1_genomic,2
GCA_020842145.1_PDT001173647.1_genomic,"3,10"
GCA_011187785.1_PDT000639106.1_genomic,"3,10"
GCA_003898015.1_PDT000353165.1_genomic,"3,10"
GCA_015322865.1_PDT000884715.1_genomic,"3,10"
GCA_020391705.1_PDT001146348.1_genomic,"3,10"
GCA_016563445.1_PDT000135604.2_genomic,"3,10"
GCA_016605885.1_PDT000930198.1_genomic,"3,10"
GCA_010254775.1_PDT000447789.1_genomic,"3,10"
GCA_017878585.1_PDT000998354.1_genomic,"3,10"
GCA_007597535.1_PDT000470771.1_genomic,"3,10"
GCA_005620815.1_PDT000390466.1_genomic,"3,10"
GCA_018199195.1_PDT001015929.1_genomic,"3,10"
GCA_010779135.1_PDT000281154.2_genomic,"3,10"
GCA_007773285.1_PDT000342797.1_genomic,"3,10"
GCA_017173435.1_PDT000946162.1_genomic,"3,10"
GCA_001410095.1_9472_3_31_genomic,"3,10"
GCA_010724425.1_PDT000057911.2_genomic,"3,10"
GCA_011690455.1_PDT000688647.1_genomic,"3,10"
GCA_019968135.1_PDT001129384.1_genomic,"3,10"
GCA_014820045.1_PDT000849971.1_genomic,"3,10"
GCA_019180955.1_PDT001084439.1_genomic,"3,10"
GCA_014078465.1_PDT000802923.1_genomic,"3,10"
GCA_007061145.1_PDT000240453.2_genomic,"3,10"
GCA_010803805.1_PDT000656109.1_genomic,"3,10"
GCA_010519995.1_PDT000645979.1_genomic,"3,10"
GCA_013564395.1_PDT000788007.1_genomic,"3,10"
GCA_010690965.1_PDT000174111.2_genomic,"3,10"
GCA_005425875.1_PDT000469254.1_genomic,"3,10"
GCA_020950255.1_PDT001175714.1_genomic,"3,10"
GCA_005950625.1_PDT000068606.3_genomic,"3,10"
GCA_009074605.1_PDT000186830.2_genomic,"3,10"
GCA_017126055.1_PDT000949380.1_genomic,"3,10"
GCA_010495475.1_PDT000197889.2_genomic,"3,10"
GCA_005900625.1_PDT000329810.1_genomic,"3,10"
GCA_004272785.1_PDT000377646.1_genomic,"3,10"
GCA_009174945.1_PDT000609513.1_genomic,"3,10"
GCA_011248015.1_PDT000679531.1_genomic,"3,10"
GCA_010921215.1_PDT000057247.2_genomic,"3,10"
GCA_016131395.1_PDT000918812.1_genomic,"3,10"
GCA_013629755.1_PDT000773799.1_genomic,"3,10"
GCA_002046085.1_ASM204608v1_genomic,"3,10"
GCA_005603915.1_PDT000497598.1_genomic,"3,10"
GCA_014753505.1_PDT000257258.2_genomic,"3,10"
GCA_011436135.1_PDT000644408.1_genomic,"3,10"
GCA_010575225.1_PDT000205238.2_genomic,"3,10"
GCA_008946585.1_PDT000146440.2_genomic,"3,10"
GCA_010559345.1_PDT000069481.2_genomic,"3,10"
GCA_010552665.1_PDT000193462.2_genomic,"3,10"
GCA_008259805.1_PDT000576100.1_genomic,"3,10"
GCA_014755425.1_PDT000192836.2_genomic,"3,10"
GCA_007577405.1_PDT000330908.1_genomic,"3,10"
GCA_010943215.1_PDT000624355.1_genomic,"3,10"
GCA_006006685.1_PDT000509674.1_genomic,"3,10"
GCA_010564405.1_PDT000212569.2_genomic,"3,10"
GCA_013259385.1_ASM1325938v1_genomic,"3,10"
GCA_011737655.1_PDT000712666.1_genomic,"3,10"
GCA_004222765.1_PDT000393200.1_genomic,"3,10"
GCA_003072765.1_ASM307276v1_genomic,"3,10"
GCA_006256575.1_PDT000274652.2_genomic,"3,10"
GCA_008786215.1_PDT000594791.1_genomic,"3,10"
GCA_011273085.1_PDT000672584.1_genomic,"3,10"
GCA_014600255.1_PDT000836910.1_genomic,"3,10"
GCA_008481505.1_PDT000153136.2_genomic,"3,10"
GCA_019431735.1_ASM1943173v1_genomic,"3,10"
GCA_014954165.1_PDT000865524.1_genomic,"3,10"
GCA_015191465.1_PDT000852244.1_genomic,"3,10"
GCA_007838355.1_PDT000128927.2_genomic,"3,10"
GCA_008222905.1_PDT000559670.1_genomic,"3,10"
GCA_005962605.1_PDT000127557.2_genomic,"3,10"
GCA_010866045.1_PDT000654122.1_genomic,"3,10"
GCA_010390615.1_PDT000003656.3_genomic,"3,10"
GCA_008620675.1_PDT000588505.1_genomic,"3,10"
GCA_006939455.1_PDT000182971.2_genomic,"3,10"
GCA_007515425.1_PDT000465521.1_genomic,"3,10"
GCA_008715055.1_PDT000592027.1_genomic,"3,10"
GCA_017689695.1_PDT000997190.1_genomic,"3,10"
GCA_017345215.1_PDT000982897.1_genomic,"3,10"
GCA_003742385.1_PDT000398875.1_genomic,"3,10"
GCA_010580505.1_PDT000297718.2_genomic,"3,10"
GCA_007403865.1_PDT000452754.1_genomic,"3,10"
GCA_007251855.1_PDT000339659.1_genomic,"3,10"
GCA_014790905.1_PDT000848950.1_genomic,"3,10"
GCA_008491245.1_PDT000286397.2_genomic,"3,10"
GCA_010753375.1_PDT000187916.2_genomic,"3,10"
GCA_010970955.1_PDT000068626.2_genomic,"3,10"
GCA_002107415.1_ASM210741v1_genomic,"3,10"
GCA_006650725.1_PDT000336965.1_genomic,"3,10"
GCA_006804465.1_PDT000391643.1_genomic,"3,10"
GCA_017010235.1_PDT000973081.1_genomic,"3,10"
GCA_011466275.1_ASM1146627v1_genomic,"3,10"
GCA_007337635.1_PDT000398078.1_genomic,"3,10"
GCF_041126165.1_ASM4112616v1_genomic,"3,10"
GCA_006433235.1_PDT000522199.1_genomic,"3,10"
GCA_019020965.1_PDT001076298.1_genomic,"3,10"
GCA_011123905.1_PDT000230087.2_genomic,"3,10"
GCA_010392705.1_PDT000122890.2_genomic,"3,10"
GCA_011609065.1_PDT000688230.1_genomic,"3,10"
GCA_011409255.1_PDT000043941.3_genomic,"3,10"
GCA_010679825.1_PDT000184919.2_genomic,"3,10"
GCA_011989205.1_PDT000718064.1_genomic,"3,10"
GCA_019961155.1_PDT001125907.1_genomic,"3,10"
GCA_006743485.1_PDT000375263.1_genomic,"3,10"
GCA_019355145.1_PDT001096508.1_genomic,"3,10"
GCA_007063255.1_PDT000241418.2_genomic,"3,10"
GCA_007270955.1_PDT000345076.1_genomic,"3,10"
GCA_007606675.1_PDT000476720.1_genomic,"3,10"
GCA_013560095.1_PDT000787941.1_genomic,"3,10"
GCA_014625595.1_PDT000838340.1_genomic,"3,10"
GCA_006194405.1_PDT000284845.2_genomic,"3,10"
GCF_002053705.1_ASM205370v1_genomic,"3,10"
GCA_019579945.1_PDT001107874.1_genomic,"3,10"
GCA_010558385.1_PDT000154445.2_genomic,"3,10"
GCA_003780205.1_PDT000395551.1_genomic,"3,10"
GCA_009624335.1_PDT000607369.1_genomic,"3,10"
GCA_019828305.1_PDT001119791.1_genomic,"3,10"
GCA_013115945.1_PDT000736071.1_genomic,"3,10"
GCA_007489845.1_PDT000304717.2_genomic,"3,10"
GCF_041126245.1_ASM4112624v1_genomic,"3,10"
GCA_006131505.1_PDT000232459.2_genomic,"3,10"
GCA_003072665.1_ASM307266v1_genomic,"3,10"
GCA_011254475.1_PDT000681914.1_genomic,"3,10"
GCA_007525105.1_PDT000475713.1_genomic,"3,10"
GCA_017290035.1_PDT000966977.1_genomic,"3,10"
GCA_008730295.1_PDT000097055.2_genomic,"3,10"
GCA_010253655.1_PDT000447786.1_genomic,"3,10"
GCF_900456165.1_46625_E01_genomic,"3,10"
GCA_007407625.1_PDT000454024.1_genomic,"3,10"
GCA_007748475.1_PDT000054691.3_genomic,"3,10"
GCA_010416605.1_PDT000271730.2_genomic,"3,10"
GCA_017816895.1_PDT001001131.1_genomic,"3,10"
GCA_010423405.1_PDT000058556.2_genomic,"3,10"
GCA_019796645.1_PDT001118249.1_genomic,"3,10"
GCA_019145395.1_PDT001082858.1_genomic,"3,10"
GCA_008483725.1_PDT000189148.3_genomic,"3,10"
GCA_006551145.1_PDT000355957.1_genomic,"3,10"
GCA_007148985.1_PDT000322114.1_genomic,"3,10"
GCA_007445325.1_PDT000491847.1_genomic,"3,10"
GCA_005584195.1_PDT000467840.1_genomic,"3,10"
GCA_014757125.1_PDT000134323.2_genomic,"3,10"
GCA_006405775.1_PDT000519668.1_genomic,"3,10"
GCA_008531115.1_PDT000233929.2_genomic,"3,10"
GCA_007771525.1_PDT000334136.1_genomic,"3,10"
GCA_013641135.1_PDT000773255.1_genomic,"3,10"
GCA_019576575.1_PDT001108036.1_genomic,"3,10"
GCA_010555185.1_PDT000069293.2_genomic,"3,10"
GCA_006286035.1_PDT000311770.2_genomic,"3,10"
GCA_011764785.1_PDT000714774.1_genomic,"3,10"
GCA_013687775.1_PDT000767498.1_genomic,"3,10"
GCA_011213945.1_PDT000668435.1_genomic,"3,10"
GCA_002058585.1_ASM205858v1_genomic,"3,10"
GCA_010430225.1_PDT000193540.2_genomic,"3,10"
GCA_014793205.1_PDT000848836.1_genomic,"3,10"
GCA_015177165.1_PDT000873666.1_genomic,"3,10"
GCA_007329695.1_PDT000390058.1_genomic,"3,10"
GCA_017801995.1_PDT000998664.1_genomic,"3,10"
GCA_015596885.1_PDT000892915.1_genomic,"3,10"
GCA_011735315.1_PDT000710476.1_genomic,"3,10"
GCA_009009055.1_PDT000604485.1_genomic,"3,10"
GCA_007489185.1_PDT000302936.2_genomic,"3,10"
GCA_010964575.1_PDT000565156.1_genomic,"3,10"
GCA_020094215.1_PDT001136044.1_genomic,"3,10"
GCA_019058975.1_PDT001078414.1_genomic,"3,10"
GCA_020425585.1_PDT001148694.1_genomic,"3,10"
GCA_020528535.1_PDT001150575.1_genomic,"3,10"
GCA_007410525.1_PDT000454553.1_genomic,"3,10"
GCA_014044285.1_PDT000800189.1_genomic,"3,10"
GCA_011555935.1_PDT000625755.1_genomic,"3,10"
GCA_014569715.1_PDT000728045.1_genomic,"3,10"
GCA_011755395.1_PDT000714255.1_genomic,"3,10"
GCA_007345035.1_PDT000399781.1_genomic,"3,10"
GCA_007322875.1_PDT000387411.1_genomic,"3,10"
GCA_006172945.1_PDT000260040.2_genomic,"3,10"
GCA_006811025.1_PDT000509399.2_genomic,"3,10"
GCA_010875185.1_PDT000628390.1_genomic,"3,10"
GCA_019464155.1_PDT001104850.1_genomic,"3,10"
GCA_007375385.1_PDT000417470.1_genomic,"3,10"
GCA_020986825.1_PDT001184940.1_genomic,"3,10"
GCA_018313715.1_PDT001022123.1_genomic,"3,10"
GCA_008453595.1_PDT000350985.1_genomic,"3,10"
GCA_018123385.1_PDT001010931.1_genomic,"3,10"
GCA_010461875.1_PDT000268730.2_genomic,"3,10"
GCA_006979085.1_PDT000330895.1_genomic,"3,10"
GCA_006455545.1_PDT000522514.1_genomic,"3,10"
GCA_004227125.1_PDT000356711.1_genomic,"3,10"
GCA_011126055.1_PDT000273232.2_genomic,"3,10"
GCA_017983135.1_PDT001006194.1_genomic,"3,10"
GCA_013129595.1_PDT000732091.1_genomic,"3,10"
GCA_009567965.1_PDT000258548.2_genomic,"3,10"
GCA_008302045.1_PDT000579328.1_genomic,"3,10"
GCA_011417685.1_PDT000003945.3_genomic,"3,10"
GCA_011191015.1_PDT000566680.1_genomic,"3,10"
GCA_010719935.1_PDT000233007.2_genomic,"3,10"
GCA_008771955.1_PDT000595089.1_genomic,"3,10"
GCA_007153585.1_PDT000324804.1_genomic,"3,10"
GCA_020609635.1_PDT001160964.1_genomic,"3,10"
GCA_010423735.1_PDT000001644.4_genomic,"3,10"
GCA_013132775.1_PDT000740668.1_genomic,"3,10"
GCA_013915825.1_PDT000798967.1_genomic,"3,10"
GCA_008878145.1_PDT000122509.2_genomic,"3,10"
GCA_010988385.1_PDT000683140.1_genomic,"3,10"
GCA_007264285.1_PDT000342818.1_genomic,"3,10"
GCA_010639645.1_PDT000003090.3_genomic,"3,10"
GCA_014767815.1_PDT000847652.1_genomic,"3,10"
GCA_005758575.1_PDT000321781.1_genomic,"3,10"
GCA_006142355.1_PDT000257146.2_genomic,"3,10"
GCA_017232035.1_PDT000940418.1_genomic,"3,10"
GCA_010290365.1_PDT000603753.1_genomic,"3,10"
GCA_008685015.1_ASM868501v1_genomic,"3,10"
GCA_015077835.1_PDT000870873.1_genomic,"3,10"
GCA_006609385.1_PDT000358904.1_genomic,"3,10"
GCA_006119805.1_PDT000222497.2_genomic,"3,10"
GCA_010811605.1_PDT000646819.1_genomic,"3,10"
GCA_010719715.1_PDT000232207.2_genomic,"3,10"
GCF_041126405.1_ASM4112640v1_genomic,"3,10"
GCA_017843695.1_PDT001001478.1_genomic,"3,10"
GCA_017789665.1_PDT001000104.1_genomic,"3,10"
GCA_010776095.1_PDT000274876.2_genomic,"3,10"
GCA_011284525.1_PDT000673915.1_genomic,"3,10"
GCA_016096735.1_PDT000913552.1_genomic,"3,10"
GCA_008315355.1_PDT000580157.1_genomic,"3,10"
GCA_007625715.1_PDT000053818.2_genomic,"3,10"
GCA_010763635.1_PDT000207507.2_genomic,"3,10"
GCA_007012505.1_PDT000349878.1_genomic,"3,10"
GCA_010700505.1_PDT000025259.3_genomic,"3,10"
GCF_033355935.1_ASM3335593v1_genomic,"3,10"
GCA_007185615.1_PDT000097349.2_genomic,"3,10"
GCA_004225605.1_PDT000085118.6_genomic,"3,10"
GCA_010443795.1_PDT000641683.1_genomic,"3,10"
GCA_008488925.1_PDT000241381.2_genomic,"3,10"
GCA_006709205.1_PDT000330068.1_genomic,"3,10"
GCA_007151625.1_PDT000323376.1_genomic,"3,10"
GCA_008479845.1_PDT000135443.2_genomic,"3,10"
GCA_018404425.1_PDT001040414.1_genomic,"3,10"
GCA_007778625.1_PDT000386964.1_genomic,"3,10"
GCA_010683605.1_PDT000184965.2_genomic,"3,10"
GCA_005686635.1_PDT000384361.1_genomic,"3,10"
GCA_011463155.1_PDT000562700.1_genomic,"3,10"
GCA_011693035.1_PDT000690974.1_genomic,"3,10"
GCA_010580185.1_PDT000310779.2_genomic,"3,10"
GCA_019433455.1_ASM1943345v1_genomic,"3,10"
GCA_005608195.1_PDT000261989.2_genomic,"3,10"
GCA_014151165.1_PDT000806672.1_genomic,"3,10"
GCA_003072725.1_ASM307272v1_genomic,"3,10"
GCA_016418405.1_ASM1641840v1_genomic,"3,10"
GCA_007472035.1_PDT000036570.3_genomic,"3,10"
GCA_010921585.1_PDT000060701.2_genomic,"3,10"
GCA_014562955.1_PDT000730507.1_genomic,"3,10"
GCA_010899035.1_PDT000295909.2_genomic,"3,10"
GCA_017867095.1_PDT000998930.1_genomic,"3,10"
GCA_010703535.1_PDT000002130.3_genomic,"3,10"
GCA_016434605.1_PDT000925795.1_genomic,"3,10"
GCA_011443355.1_PDT000032614.3_genomic,"3,10"
GCA_011110315.1_PDT000162667.2_genomic,"3,10"
GCA_005904625.1_PDT000499704.1_genomic,"3,10"
GCA_007738795.1_PDT000549175.1_genomic,"3,10"
GCA_006009505.1_PDT000035252.3_genomic,"3,10"
GCA_020414385.1_PDT001147670.1_genomic,"3,10"
GCA_010727885.1_PDT000234884.2_genomic,"3,10"
GCA_010900815.1_PDT000303695.2_genomic,"3,10"
GCA_007162285.1_PDT000327537.1_genomic,"3,10"
GCA_008474825.1_PDT000121542.2_genomic,"3,10"
GCA_014510945.1_PDT000830115.1_genomic,"3,10"
GCA_003769665.1_PDT000403036.1_genomic,"3,10"
GCA_014599595.1_PDT000836918.1_genomic,"3,10"
GCA_008618195.1_PDT000085441.2_genomic,"3,10"
GCA_002105985.1_ASM210598v1_genomic,"3,10"
GCA_006045835.1_PDT000191563.2_genomic,"3,10"
GCA_006829195.1_PDT000356362.1_genomic,"3,10"
GCA_017879225.1_PDT000998349.1_genomic,"3,10"
GCA_003749705.1_PDT000399539.1_genomic,"3,10"
GCA_014053265.1_PDT000801382.1_genomic,"3,10"
GCA_014582075.1_PDT000836490.1_genomic,"3,10"
GCA_010794755.1_PDT000044664.4_genomic,"3,10"
GCA_010642085.1_PDT000003502.4_genomic,"3,10"
GCA_009616795.1_PDT000622869.1_genomic,"3,10"
GCA_008298965.1_PDT000579188.1_genomic,"3,10"
GCA_014946175.1_PDT000865594.1_genomic,"3,10"
GCA_006252775.1_PDT000266639.2_genomic,"3,10"
GCA_006491575.1_PDT000270941.2_genomic,"3,10"
GCA_011224035.1_PDT000673952.1_genomic,"3,10"
GCA_005968365.1_PDT000144084.2_genomic,"3,10"
GCA_014963265.1_PDT000864666.1_genomic,"3,10"
GCA_019433475.1_ASM1943347v1_genomic,"3,10"
GCA_007347935.1_PDT000403532.1_genomic,"3,10"
GCA_010873065.1_PDT000625833.1_genomic,"3,10"
GCA_014545345.1_PDT000834975.1_genomic,"3,10"
GCA_010539915.1_PDT000167468.2_genomic,"3,10"
GCA_010741245.1_PDT000655757.1_genomic,"3,10"
GCA_019432185.1_ASM1943218v1_genomic,"3,10"
GCA_011238015.1_PDT000673899.1_genomic,"3,10"
GCA_007434725.1_PDT000471406.1_genomic,"3,10"
GCA_010769195.1_PDT000213114.2_genomic,"3,10"
GCA_008516885.1_PDT000120080.2_genomic,"3,10"
GCA_011231755.1_PDT000677765.1_genomic,"3,10"
GCF_004120855.1_ASM412085v1_genomic,"3,10"
GCA_012028535.1_ASM1202853v1_genomic,"3,10"
GCA_010429445.1_PDT000201500.2_genomic,"3,10"
GCA_010652185.1_PDT000047081.3_genomic,"3,10"
GCA_005906645.1_PDT000500899.1_genomic,"3,10"
GCA_003000125.1_ASM300012v1_genomic,"3,10"
GCA_007436805.1_PDT000472894.1_genomic,"3,10"
GCA_006094095.2_PDT000108028.3_genomic,"3,10"
GCA_020964215.1_PDT001183612.1_genomic,"3,10"
GCA_011368935.1_PDT000664237.1_genomic,"3,10"
GCA_010406665.1_PDT000312625.2_genomic,"3,10"
GCA_010391805.1_PDT000032070.3_genomic,"3,10"
GCF_036621755.1_ASM3662175v1_genomic,"3,10"
GCA_010685085.1_PDT000195085.2_genomic,"3,10"
GCA_010507815.1_PDT000177783.2_genomic,"3,10"
GCA_005518735.1_ASM551873v1_genomic,"3,10"
GCA_006796785.1_PDT000341022.1_genomic,"3,10"
GCA_006085275.1_PDT000039251.2_genomic,"3,10"
GCA_017799215.1_PDT000998830.1_genomic,"3,10"
GCA_015919365.1_PDT000898054.1_genomic,"3,10"
GCA_010949695.1_PDT000624118.1_genomic,"3,10"
GCA_014598935.1_PDT000836981.1_genomic,"3,10"
GCA_017794005.1_PDT000999191.1_genomic,"3,10"
GCA_011479715.1_PDT000638709.1_genomic,"3,10"
GCA_018753055.1_PDT001058814.1_genomic,"3,10"
GCA_013641865.1_PDT000773195.1_genomic,"3,10"
GCA_003121215.1_ASM312121v1_genomic,"3,10"
GCA_021071385.1_PDT001197255.1_genomic,"3,10"
GCA_009133985.1_PDT000179886.2_genomic,"3,10"
GCA_010130765.1_PDT000269810.2_genomic,"3,10"
GCA_007222315.1_PDT000334983.1_genomic,"3,10"
GCA_009441915.1_PDT000620429.1_genomic,"3,10"
GCA_006029135.1_PDT000133878.2_genomic,"3,10"
GCA_008483645.1_PDT000188450.2_genomic,"3,10"
GCA_010526715.1_PDT000303280.2_genomic,"3,10"
GCA_008713695.1_PDT000591916.1_genomic,"3,10"
GCA_016959375.1_PDT000970848.1_genomic,"3,10"
GCA_013645555.1_PDT000773031.1_genomic,"3,10"
GCA_003876295.1_PDT000216575.4_genomic,"3,10"
GCA_010561425.1_PDT000286212.2_genomic,"3,10"
GCA_010789655.1_PDT000649934.1_genomic,"3,10"
GCA_013113335.1_PDT000733744.1_genomic,"3,10"
GCA_007400765.1_PDT000444788.1_genomic,"3,10"
GCA_014756725.1_PDT000215857.2_genomic,"3,10"
GCA_006657825.1_PDT000347850.1_genomic,"3,10"
GCA_010785895.1_PDT000300497.2_genomic,"3,10"
GCA_005815595.1_PDT000416102.1_genomic,"3,10"
GCA_016117955.1_PDT000916928.1_genomic,"3,10"
GCA_007351315.1_PDT000404705.1_genomic,"3,10"
GCA_010790195.1_PDT000650903.1_genomic,"3,10"
GCF_041130685.1_ASM4113068v1_genomic,"3,10"
GCA_003073005.1_ASM307300v1_genomic,"3,10"
GCA_010450435.1_PDT000247583.2_genomic,"3,10"
GCA_019432235.1_ASM1943223v1_genomic,"3,10"
GCA_008685435.1_ASM868543v1_genomic,"3,10"
GCA_007428445.1_PDT000467191.1_genomic,"3,10"
GCA_010380225.1_PDT000252932.2_genomic,"3,10"
GCA_007343565.1_PDT000398547.1_genomic,"3,10"
GCA_011435335.1_PDT000059355.2_genomic,"3,10"
GCA_020498395.1_PDT001150693.1_genomic,"3,10"
GCA_006399515.1_PDT000519476.1_genomic,"3,10"
GCA_011576865.1_PDT000298338.2_genomic,"3,10"
GCA_006903395.1_PDT000137927.2_genomic,"3,10"
GCA_007711565.1_PDT000547125.1_genomic,"3,10"
GCA_016030315.1_PDT000909398.1_genomic,"3,10"
GCA_007849955.1_PDT000549717.1_genomic,"3,10"
GCA_011347925.1_PDT000678576.1_genomic,"3,10"
GCA_010971895.1_PDT000100770.2_genomic,"3,10"
GCA_007195495.1_PDT000111448.2_genomic,"3,10"
GCA_007259385.1_PDT000341946.1_genomic,"3,10"
GCA_007741095.1_PDT000549174.1_genomic,"3,10"
GCA_013712735.1_PDT000766774.1_genomic,"3,10"
GCA_015948675.1_ASM1594867v1_genomic,"3,10"
GCA_006905825.1_PDT000138039.2_genomic,"3,10"
GCA_010732555.1_PDT000121714.2_genomic,"3,10"
GCA_006213425.1_PDT000429645.1_genomic,"3,10"
GCA_010002265.1_PDT000254390.2_genomic,"3,10"
GCA_007370525.1_PDT000415344.1_genomic,"3,10"
GCA_005603335.1_PDT000497015.1_genomic,"3,10"
GCA_008190105.1_PDT000574110.1_genomic,"3,10"
GCA_011235715.1_PDT000672819.1_genomic,"3,10"
GCA_006953265.1_PDT000154728.2_genomic,"3,10"
GCA_010748775.1_PDT000141567.2_genomic,"3,10"
GCA_020900955.1_PDT001177934.1_genomic,"3,10"
GCA_008147705.1_PDT000571271.1_genomic,"3,10"
GCA_010453055.1_PDT000085696.2_genomic,"3,10"
GCA_011518165.1_PDT000637562.1_genomic,"3,10"
GCA_011136575.1_PDT000257281.2_genomic,"3,10"
GCA_006164645.1_PDT000244087.2_genomic,"3,10"
GCA_010867905.1_PDT000003314.3_genomic,"3,10"
GCA_010788375.1_PDT000643354.1_genomic,"3,10"
GCA_008508735.1_PDT000372778.1_genomic,"3,10"
GCA_008519185.1_PDT000121743.2_genomic,"3,10"
GCA_010601585.1_PDT000239216.2_genomic,"3,10"
GCA_007819425.1_PDT000077102.5_genomic,"3,10"
GCA_013580815.1_PDT000788235.1_genomic,"3,10"
GCF_050524065.1_ASM5052406v1_genomic,"3,10"
GCA_009440615.1_PDT000620433.1_genomic,"3,10"
GCA_010379705.1_PDT000207515.2_genomic,"3,10"
GCA_010253485.1_PDT000447747.1_genomic,"3,10"
GCA_006110255.1_PDT000206831.2_genomic,"3,10"
GCA_005516655.1_PDT000498855.1_genomic,"3,10"
GCA_007737795.1_PDT000548974.1_genomic,"3,10"
GCA_005818605.1_PDT000420785.1_genomic,"3,10"
GCA_009243605.1_PDT000211129.2_genomic,"3,10"
GCA_017879905.1_PDT000998325.1_genomic,"3,10"
GCA_008540095.1_PDT000360787.1_genomic,"3,10"
GCA_017363845.1_PDT000985350.1_genomic,"3,10"
GCA_008685415.1_ASM868541v1_genomic,"3,10"
GCA_008212465.1_PDT000559213.1_genomic,"3,10"
GCA_006555065.1_PDT000314026.2_genomic,"3,10"
GCA_011748765.1_PDT000710919.1_genomic,"3,10"
GCA_020504305.1_PDT001151197.1_genomic,"3,10"
GCA_008599045.1_PDT000587911.1_genomic,"3,10"
GCA_006258515.1_PDT000279693.2_genomic,"3,10"
GCA_010687385.1_PDT000296716.2_genomic,"3,10"
GCA_013798135.1_PDT000748907.1_genomic,"3,10"
GCA_007211635.1_PDT000332307.1_genomic,"3,10"
GCA_001247355.1_Salmonella_enterica_CVM_N51307_v1.0_genomic,"3,10"
GCA_006127295.1_PDT000227456.2_genomic,"3,10"
GCA_019516805.1_ASM1951680v1_genomic,"3,10"
GCA_007515125.1_PDT000464819.1_genomic,"3,10"
GCA_004241525.1_PDT000394571.1_genomic,"3,10"
GCA_019519345.1_ASM1951934v1_genomic,"3,10"
GCA_017533185.1_PDT000987119.1_genomic,"3,10"
GCA_015179725.1_PDT000873553.1_genomic,"3,10"
GCA_006229025.1_PDT000298380.2_genomic,"3,10"
GCA_008870025.1_PDT000112538.2_genomic,"3,10"
GCA_009254925.1_PDT000604474.1_genomic,"3,10"
GCA_010561585.1_PDT000239626.2_genomic,"3,10"
GCA_005835225.1_PDT000467915.1_genomic,"3,10"
GCA_006623205.1_PDT000368485.1_genomic,"3,10"
GCA_011505955.1_PDT000703152.1_genomic,"3,10"
GCA_007749755.1_PDT000053077.2_genomic,"3,10"
GCA_019436385.1_PDT001100838.1_genomic,"3,10"
GCA_019432215.1_ASM1943221v1_genomic,"3,10"
GCA_011734815.1_PDT000710344.1_genomic,"3,10"
GCA_014209435.1_PDT000810020.1_genomic,"3,10"
GCA_012928325.1_ASM1292832v1_genomic,"3,10"
GCA_016130185.1_PDT000918897.1_genomic,"3,10"
GCA_011106405.1_PDT000139122.2_genomic,"3,10"
GCA_010793675.1_PDT000036355.3_genomic,"3,10"
GCA_019432255.1_ASM1943225v1_genomic,"3,10"
GCA_005417555.1_PDT000392338.1_genomic,"3,10"
GCA_013718565.1_PDT000764697.1_genomic,"3,10"
GCA_014759305.1_PDT000068713.3_genomic,"3,10"
GCA_001623545.2_ASM162354v2_genomic,"3,10"
GCA_008520505.1_PDT000133511.2_genomic,"3,10"
GCA_005751715.1_PDT000495722.1_genomic,"3,10"
GCA_010452595.1_PDT000064745.3_genomic,"3,10"
GCA_011407835.1_PDT000029653.3_genomic,"3,10"
GCA_005436375.1_PDT000094226.3_genomic,"3,10"
GCA_008795795.1_PDT000594817.1_genomic,"3,10"
GCA_007355695.1_PDT000409568.1_genomic,"3,10"
GCA_011444335.1_PDT000040947.3_genomic,"3,10"
GCA_010728045.1_PDT000229836.2_genomic,"3,10"
GCA_006022515.1_PDT000092982.2_genomic,"3,10"
GCA_005638155.1_PDT000412661.1_genomic,"3,10"
GCA_011279865.1_PDT000703340.1_genomic,"3,10"
GCA_010453215.1_PDT000098303.2_genomic,"3,10"
GCA_019226245.1_PDT001089395.1_genomic,"3,10"
GCA_010508255.1_PDT000146439.2_genomic,"3,10"
GCA_013530775.1_PDT000783486.1_genomic,"3,10"
GCA_006083345.1_PDT000025204.2_genomic,"3,10"
GCA_017235155.1_PDT000939874.1_genomic,"3,10"
GCA_007440105.1_PDT000475527.1_genomic,"3,10"
GCA_008574105.1_PDT000059089.2_genomic,"3,10"
GCA_007275275.1_PDT000347602.1_genomic,"3,10"
GCA_019085365.1_PDT001080227.1_genomic,"3,10"
GCA_010670045.1_PDT000095965.2_genomic,"3,10"
GCA_004222185.1_PDT000001749.3_genomic,"3,10"
GCA_008459635.1_PDT000365474.1_genomic,"3,10"
GCA_010492275.1_PDT000057843.2_genomic,"3,10"
GCA_007113145.1_PDT000277015.2_genomic,"3,10"
GCA_007100595.1_PDT000267769.2_genomic,"3,10"
GCA_019061845.1_PDT001078982.1_genomic,"3,10"
GCA_007841775.1_PDT000311939.2_genomic,"3,10"
GCA_010674525.1_PDT000156699.2_genomic,"3,10"
GCA_010567965.1_PDT000171514.2_genomic,"3,10"
GCA_017806495.1_PDT000998238.1_genomic,"3,10"
GCA_008784385.1_PDT000594790.1_genomic,"3,10"
GCA_014589535.1_PDT000724334.1_genomic,"3,10"
GCA_015219145.1_PDT000876774.1_genomic,"3,10"
GCA_011469435.1_PDT000707554.1_genomic,"3,10"
GCA_007764295.1_PDT000208310.2_genomic,"3,10"
GCA_006614225.1_PDT000362601.1_genomic,"3,10"
GCA_008113945.1_PDT000060201.2_genomic,"3,10"
GCA_008899225.1_PDT000601809.1_genomic,"3,10"
GCA_006277825.1_PDT000305887.2_genomic,"3,10"
GCA_010380685.1_PDT000230558.2_genomic,"3,10"
GCA_007479445.1_PDT000282101.2_genomic,"3,10"
GCA_010607005.1_PDT000259913.2_genomic,"3,10"
GCA_019432075.1_ASM1943207v1_genomic,"3,10"
GCA_010254455.1_PDT000447778.1_genomic,"3,10"
GCA_011193395.1_PDT000631569.1_genomic,"3,10"
GCA_014964365.1_PDT000862349.1_genomic,"3,10"
GCA_010441595.1_PDT000150587.2_genomic,"3,10"
GCA_016736455.1_PDT000931342.1_genomic,"3,10"
GCA_007493485.1_PDT000309736.2_genomic,"3,10"
GCA_006037895.1_PDT000157337.2_genomic,"3,10"
GCA_005414555.1_PDT000384400.1_genomic,"3,10"
GCA_019432115.1_ASM1943211v1_genomic,"3,10"
GCA_007355895.1_PDT000408860.1_genomic,"3,10"
GCA_019064445.1_PDT001079109.1_genomic,"3,10"
GCA_007627835.1_PDT000034675.9_genomic,"3,10"
GCA_014913845.1_PDT000860006.1_genomic,"3,10"
GCA_006307765.1_PDT000271635.2_genomic,"3,10"
GCA_006031415.1_PDT000143372.2_genomic,"3,10"
GCA_008687085.1_ASM868708v1_genomic,"3,10"
GCA_007189315.1_PDT000064578.4_genomic,"3,10"
GCA_008470465.1_PDT000095486.3_genomic,"3,10"
GCA_011230915.1_PDT000677536.1_genomic,"3,10"
GCA_010518255.1_PDT000110592.2_genomic,"3,10"
GCA_010380785.1_PDT000259662.2_genomic,"3,10"
GCA_006565145.1_PDT000365643.1_genomic,"3,10"
GCA_013575875.1_PDT000781390.1_genomic,"3,10"
GCA_012029135.1_ASM1202913v1_genomic,"3,10"
GCA_007036685.1_PDT000229992.2_genomic,"3,10"
GCA_008527865.1_PDT000195744.2_genomic,"3,10"
GCA_008895095.1_PDT000600442.1_genomic,"3,10"
GCA_004274105.1_PDT000394325.1_genomic,"3,10"
GCA_007231895.1_PDT000181455.2_genomic,"3,10"
GCA_017870475.1_PDT000998786.1_genomic,"3,10"
GCA_008689155.1_ASM868915v1_genomic,"3,10"
GCA_010653785.1_PDT000031893.4_genomic,"3,10"
GCA_007770735.1_PDT000328184.1_genomic,"3,10"
GCA_004215875.1_PDT000326468.1_genomic,"3,10"
GCA_010368985.1_PDT000048124.3_genomic,"3,10"
GCA_002999995.1_ASM299999v1_genomic,"3,10"
GCA_010439615.1_PDT000026777.4_genomic,"3,10"
GCA_006847105.1_PDT000037517.2_genomic,"3,10"
GCF_041127345.1_ASM4112734v1_genomic,"3,10"
GCA_014583775.1_PDT000724710.1_genomic,"3,10"
GCA_008490925.1_PDT000268118.2_genomic,"3,10"
GCA_007214245.1_PDT000333021.1_genomic,"3,10"
GCA_005418725.1_PDT000394468.1_genomic,"3,10"
GCA_007160045.1_PDT000326507.1_genomic,"3,10"
GCA_007513125.1_PDT000464211.1_genomic,"3,10"
GCA_005761635.1_PDT000353526.1_genomic,"3,10"
GCF_022513075.1_ASM2251307v1_genomic,"3,10"
GCA_014315735.1_PDT000821883.1_genomic,"3,10"
GCA_006610745.1_PDT000360689.1_genomic,"3,10"
GCA_008066055.1_PDT000038207.3_genomic,"3,10"
GCA_010405055.1_PDT000036610.3_genomic,"3,10"
GCA_005679575.1_PDT000315966.1_genomic,"3,10"
GCA_020865245.1_PDT001174044.1_genomic,"3,10"
GCA_007782025.1_PDT000001677.5_genomic,"3,10"
GCA_018077345.1_PDT001007606.1_genomic,"3,10"
GCA_019811275.1_PDT001119226.1_genomic,"3,10"
GCA_014550055.1_PDT000834684.1_genomic,"3,10"
GCA_005851685.1_PDT000489594.1_genomic,"3,10"
GCA_004218985.1_PDT000358609.1_genomic,"3,10"
GCA_012244325.1_PDT000720912.1_genomic,"3,10"
GCA_006851365.1_PDT000040910.2_genomic,"3,10"
GCA_008767875.1_PDT000596100.1_genomic,"3,10"
GCA_018219095.1_PDT001016266.1_genomic,"3,10"
GCA_007137025.1_PDT000315652.1_genomic,"3,10"
GCA_016446775.1_PDT000925987.1_genomic,"3,10"
GCA_010538175.1_PDT000153121.2_genomic,"3,10"
GCA_007446845.1_PDT000495848.1_genomic,"3,10"
GCA_017864275.1_PDT000999048.1_genomic,"3,10"
GCA_012029155.1_ASM1202915v1_genomic,"3,10"
GCA_007444785.1_PDT000491840.1_genomic,"3,10"
GCA_010989255.1_PDT000281110.2_genomic,"3,10"
GCA_010369745.1_PDT000059875.3_genomic,"3,10"
GCA_017182115.1_PDT000945442.1_genomic,"3,10"
GCA_007824885.1_PDT000538814.1_genomic,"3,10"
GCF_002033325.1_ASM203332v1_genomic,"3,10"
GCA_006837725.1_PDT000485402.2_genomic,"3,10"
GCA_006033235.1_PDT000148593.3_genomic,"3,10"
GCA_010559265.1_PDT000127608.2_genomic,"3,10"
GCA_002050835.1_ASM205083v1_genomic,"3,10"
GCA_010667285.1_PDT000059470.2_genomic,"3,10"
GCA_007445805.1_PDT000496912.1_genomic,"3,10"
GCA_011191415.1_PDT000296455.2_genomic,"3,10"
GCA_016057655.1_PDT000913472.1_genomic,"3,10"
GCA_010889735.1_PDT000565771.1_genomic,"3,10"
GCA_008457325.1_PDT000359409.1_genomic,"3,10"
GCA_007516705.1_PDT000466264.1_genomic,"3,10"
GCA_011439395.1_PDT000036678.2_genomic,"3,10"
GCA_006900115.1_PDT000123191.2_genomic,"3,10"
GCA_005765595.1_PDT000382737.1_genomic,"3,10"
GCA_006574885.1_PDT000315978.1_genomic,"3,10"
GCA_006395475.1_PDT000505429.1_genomic,"3,10"
GCA_018276785.1_PDT001018722.1_genomic,"3,10"
GCA_005980625.1_PDT000173703.2_genomic,"3,10"
GCA_005724095.1_PDT000470255.1_genomic,"3,10"
GCA_007481145.1_PDT000285729.2_genomic,"3,10"
GCA_007890585.1_PDT000554083.1_genomic,"3,10"
GCA_006729925.1_PDT000360516.1_genomic,"3,10"
GCA_006207965.1_PDT000302644.2_genomic,"3,10"
GCA_009504495.1_PDT000241635.2_genomic,"3,10"
GCA_010408875.1_PDT000036363.3_genomic,"3,10"
GCA_010459985.1_PDT000001681.3_genomic,"3,10"
GCA_008467405.1_PDT000586000.1_genomic,"3,10"
GCA_007976725.1_PDT000557692.1_genomic,"3,10"
GCA_007536575.1_PDT000533009.1_genomic,"3,10"
GCA_016349545.1_PDT000922609.1_genomic,"3,10"
GCA_005897305.1_PDT000224515.2_genomic,"3,10"
GCA_010538875.1_PDT000171859.2_genomic,"3,10"
GCA_007531105.1_PDT000479330.1_genomic,"3,10"
GCA_005418475.1_PDT000395898.1_genomic,"3,10"
GCA_006839645.1_PDT000000499.2_genomic,"3,10"
GCA_006378065.2_ASM637806v2_genomic,"3,10"
GCA_008516105.1_PDT000106219.2_genomic,"3,10"
GCA_009105685.1_PDT000607933.1_genomic,"3,10"
GCA_010490795.1_PDT000001849.3_genomic,"3,10"
GCA_005530715.1_PDT000480522.1_genomic,"3,10"
GCA_011445955.1_PDT000610180.1_genomic,"3,10"
GCA_017823275.1_PDT001000431.1_genomic,"3,10"
GCA_014156355.1_PDT000806972.1_genomic,"3,10"
GCA_006615705.1_PDT000364412.1_genomic,"3,10"
GCA_010705425.1_PDT000054904.2_genomic,"3,10"
GCA_006954625.1_PDT000187428.2_genomic,"3,10"
GCA_018574675.1_PDT001048776.1_genomic,"3,10"
GCA_013981975.1_PDT000799931.1_genomic,"3,10"
GCA_010535825.1_PDT000002127.4_genomic,"3,10"
GCA_015729585.1_PDT000902013.1_genomic,"3,10"
GCA_007180025.1_PDT000052175.2_genomic,"3,10"
GCA_005667675.1_PDT000482199.1_genomic,"3,10"
GCA_010382665.1_PDT000265952.2_genomic,"3,10"
GCA_001411395.1_12227_3_31_genomic,"3,10"
GCA_007892125.1_PDT000554197.1_genomic,"3,10"
GCA_010256815.1_PDT000447930.1_genomic,"3,10"
GCA_010410555.1_PDT000195740.2_genomic,"3,10"
GCA_011241895.1_PDT000678538.1_genomic,"3,10"
GCA_006523355.1_PDT000430217.1_genomic,"3,10"
GCA_006820765.1_PDT000336924.1_genomic,"3,10"
GCA_010914915.1_PDT000127598.2_genomic,"3,10"
GCA_006208785.1_PDT000303330.2_genomic,"3,10"
GCA_005607635.1_PDT000163732.2_genomic,"3,10"
GCA_016416955.1_ASM1641695v1_genomic,"3,10"
GCA_010840385.1_PDT000640795.1_genomic,"3,10"
GCA_014368645.1_PDT000801396.1_genomic,"3,10"
GCA_008599285.1_PDT000587918.1_genomic,"3,10"
GCA_008688235.1_ASM868823v1_genomic,"3,10"
GCA_021014015.1_PDT001187360.1_genomic,"3,10"
GCA_008708275.1_PDT000591744.1_genomic,"3,10"
GCA_010623185.1_PDT000215834.2_genomic,"3,10"
GCA_016564685.1_PDT000069150.3_genomic,"3,10"
GCA_020605575.1_PDT001160757.1_genomic,"3,10"
GCA_011626445.1_PDT000003324.3_genomic,"3,10"
GCA_015035885.1_PDT000869235.1_genomic,"3,10"
GCA_010253055.1_PDT000447749.1_genomic,"3,10"
GCA_007438985.1_PDT000475515.1_genomic,"3,10"
GCA_013610555.1_PDT000774611.1_genomic,"3,10"
GCA_017863655.1_PDT000999117.1_genomic,"3,10"
GCA_010752875.1_PDT000184617.2_genomic,"3,10"
GCA_005500725.1_PDT000482256.1_genomic,"3,10"
GCA_019472965.1_PDT001104334.1_genomic,"3,10"
GCA_007864005.1_PDT000550566.1_genomic,"3,10"
GCA_006227485.2_ASM622748v2_genomic,"3,10"
GCA_010460785.1_PDT000268113.2_genomic,"3,10"
GCA_006908085.1_PDT000143319.2_genomic,"3,10"
GCA_014600215.1_PDT000836912.1_genomic,"3,10"
GCA_008475885.1_PDT000128764.2_genomic,"3,10"
GCA_008518505.1_PDT000121446.2_genomic,"3,10"
GCA_015198145.1_PDT000851704.1_genomic,"3,10"
GCA_020701295.1_PDT001164499.1_genomic,"3,10"
GCA_016454545.1_ASM1645454v1_genomic,"3,10"
GCA_019432615.1_ASM1943261v1_genomic,"3,10"
GCA_010852235.1_PDT000649395.1_genomic,"3,10"
GCA_007381135.1_PDT000421888.1_genomic,"3,10"
GCA_006977405.1_PDT000327360.1_genomic,"3,10"
GCA_019432475.1_ASM1943247v1_genomic,"3,10"
GCA_005705975.1_PDT000412267.1_genomic,"3,10"
GCA_004227445.1_PDT000146652.2_genomic,"3,10"
GCA_008685475.1_ASM868547v1_genomic,"3,10"
GCA_015372785.1_PDT000888040.1_genomic,"3,10"
GCA_019904895.1_PDT001125532.1_genomic,"3,10"
GCA_010557525.1_PDT000069294.3_genomic,"3,10"
GCA_011002335.1_PDT000026410.3_genomic,"3,10"
GCA_017804635.1_PDT000998365.1_genomic,"3,10"
GCA_005858965.1_PDT000498896.1_genomic,"3,10"
GCA_020701275.1_PDT001164501.1_genomic,"3,10"
GCA_017242855.1_PDT000939367.1_genomic,"3,10"
GCA_018426865.1_PDT001044021.1_genomic,"3,10"
GCA_006010365.1_PDT000033854.2_genomic,"3,10"
GCA_011153495.1_PDT000258762.2_genomic,"3,10"
GCA_008780695.1_PDT000594735.1_genomic,"3,10"
GCA_018518325.1_PDT001046001.1_genomic,"3,10"
GCF_020003685.1_ASM2000368v1_genomic,"3,10"
GCA_021004435.1_PDT001187134.1_genomic,"3,10"
GCA_013645215.1_PDT000773016.1_genomic,"3,10"
GCA_011588965.1_PDT000630493.1_genomic,"3,10"
GCA_001411035.1_12216_4_48_genomic,"3,10"
GCA_020705515.1_PDT001166743.1_genomic,"3,10"
GCA_014433125.1_PDT000177279.2_genomic,"3,10"
GCA_010688705.1_PDT000085712.2_genomic,"3,10"
GCA_015223725.1_PDT000877399.1_genomic,"3,10"
GCA_007057425.1_PDT000239497.2_genomic,"3,10"
GCA_020537065.1_PDT001157242.3_genomic,"3,10"
GCA_010394225.1_PDT000100741.2_genomic,"3,10"
GCA_006020375.1_PDT000066143.2_genomic,"3,10"
GCA_010403935.1_PDT000656807.1_genomic,"3,10"
GCA_011672645.1_PDT000686974.1_genomic,"3,10"
GCA_006898565.1_PDT000129644.2_genomic,"3,10"
GCA_007368185.1_PDT000414783.1_genomic,"3,10"
GCA_008432065.1_PDT000200550.2_genomic,"3,10"
GCA_004223405.1_PDT000098236.2_genomic,"3,10"
GCA_011506685.1_PDT000703291.1_genomic,"3,10"
GCA_007550295.1_PDT000143890.2_genomic,"3,10"
GCA_017864495.1_PDT000999029.1_genomic,"3,10"
GCA_015238855.1_PDT000878534.1_genomic,"3,10"
GCA_017754365.1_PDT000987064.1_genomic,"3,10"
GCA_017578525.1_PDT000990123.1_genomic,"3,10"
GCA_010635245.1_PDT000053867.2_genomic,"3,10"
GCA_004186125.1_PDT000335849.1_genomic,"3,10"
GCA_007744715.1_PDT000036624.2_genomic,"3,10"
GCA_005599695.1_PDT000492019.1_genomic,"3,10"
GCA_011428895.1_PDT000173594.2_genomic,"3,10"
GCA_011355665.1_PDT000668223.2_genomic,"3,10"
GCA_010462265.1_PDT000658963.1_genomic,"3,10"
GCA_017289875.1_PDT000966976.1_genomic,"3,10"
GCA_001411355.1_12227_3_18_genomic,"3,10"
GCA_008804765.1_PDT000597573.1_genomic,"3,10"
GCA_019358675.1_PDT001096371.1_genomic,"3,10"
GCA_006982425.1_PDT000342824.1_genomic,"3,10"
GCA_008917785.1_PDT000602059.1_genomic,"3,10"
GCA_019511895.1_PDT001105599.1_genomic,"3,10"
GCA_010727685.1_PDT000236968.2_genomic,"3,10"
GCA_011677315.1_PDT000690972.1_genomic,"3,10"
GCA_010541385.1_PDT000145872.2_genomic,"3,10"
GCA_006732645.1_PDT000364038.1_genomic,"3,10"
GCA_007211875.1_PDT000332411.1_genomic,"3,10"
GCA_005997425.1_PDT000291177.2_genomic,"3,10"
GCA_020715105.1_PDT001167019.1_genomic,"3,10"
GCA_009410385.1_PDT000619301.1_genomic,"3,10"
GCA_010533075.1_PDT000042878.4_genomic,"3,10"
GCA_010515795.1_PDT000095919.2_genomic,"3,10"
GCA_010752075.1_PDT000181110.2_genomic,"3,10"
GCA_009355575.1_PDT000617587.1_genomic,"3,10"
GCA_017810355.1_PDT001000423.1_genomic,"3,10"
GCA_010927655.1_PDT000312970.2_genomic,"3,10"
GCA_015920425.1_PDT000897978.1_genomic,"3,10"
GCA_014177685.1_PDT000808123.1_genomic,"3,10"
GCA_010455585.1_PDT000300773.2_genomic,"3,10"
GCA_005465975.1_PDT000413878.1_genomic,"3,10"
GCA_014521205.1_PDT000833399.1_genomic,"3,10"
GCA_019440265.1_PDT001100588.1_genomic,"3,10"
GCA_011433015.1_PDT000193188.2_genomic,"3,10"
GCA_005802225.1_PDT000407115.1_genomic,"3,10"
GCA_006943385.1_PDT000184236.2_genomic,"3,10"
GCA_014231585.1_PDT000814350.1_genomic,"3,10"
GCA_009479865.1_PDT000620846.1_genomic,"3,10"
GCA_017234915.1_PDT000939911.1_genomic,"3,10"
GCA_013496465.1_PDT000784589.1_genomic,"3,10"
GCA_006095835.1_PDT000110829.2_genomic,"3,10"
GCA_019899465.1_PDT001125206.1_genomic,"3,10"
GCA_000806925.2_ASM80692v2_genomic,"3,10"
GCA_017870895.1_PDT000998724.1_genomic,"3,10"
GCA_010657115.1_PDT000003088.3_genomic,"3,10"
GCA_011399875.1_PDT000290331.2_genomic,"3,10"
GCA_008376385.1_PDT000582980.1_genomic,"3,10"
GCA_006085755.1_PDT000039982.2_genomic,"3,10"
GCA_020617495.1_PDT001161408.1_genomic,"3,10"
GCA_005473135.1_PDT000417046.1_genomic,"3,10"
GCA_008050055.1_PDT000054808.2_genomic,"3,10"
GCA_011246935.1_PDT000682010.1_genomic,"3,10"
GCA_017864175.1_PDT000999059.1_genomic,"3,10"
GCA_014433285.1_PDT000177270.2_genomic,"3,10"
GCA_007708025.1_PDT000546580.1_genomic,"3,10"
GCA_013450915.1_PDT000792641.1_genomic,"3,10"
GCA_011678615.1_PDT000689248.1_genomic,"3,10"
GCA_017879945.1_PDT000998321.1_genomic,"3,10"
GCA_019433655.1_ASM1943365v1_genomic,"3,10"
GCA_008429005.2_ASM842900v2_genomic,"3,10"
GCA_019754805.1_PDT001116528.1_genomic,"3,10"
GCA_005651215.1_PDT000434039.1_genomic,"3,10"
GCA_014738335.1_PDT000845031.1_genomic,"3,10"
GCA_007180795.1_PDT000026830.3_genomic,"3,10"
GCA_018725765.1_PDT001058700.1_genomic,"3,10"
GCA_016626625.1_PDT000931622.1_genomic,"3,10"
GCA_018989465.1_PDT001074777.1_genomic,"3,10"
GCA_004185255.1_PDT000335888.1_genomic,"3,10"
GCA_005754735.1_PDT000499846.1_genomic,"3,10"
GCA_010800265.1_PDT000657025.1_genomic,"3,10"
GCA_017102585.1_PDT000974073.1_genomic,"3,10"
GCA_006327245.1_PDT000310693.2_genomic,"3,10"
GCA_008249905.1_PDT000573533.1_genomic,"3,10"
GCA_008658475.1_PDT000589658.1_genomic,"3,10"
GCA_018339855.2_ASM1833985v2_genomic,"3,10"
GCA_008447425.1_PDT000331840.1_genomic,"3,10"
GCA_014516305.1_PDT000833431.1_genomic,"3,10"
GCA_008666035.1_PDT000590164.1_genomic,"3,10"
GCA_010253375.1_PDT000447764.1_genomic,"3,10"
GCA_018993755.1_PDT001074601.1_genomic,"3,10"
GCA_006490135.1_PDT000270869.2_genomic,"3,10"
GCA_006191285.1_PDT000280497.2_genomic,"3,10"
GCA_005897125.1_PDT000393163.1_genomic,"3,10"
GCA_010499175.1_PDT000144640.2_genomic,"3,10"
GCA_006703935.1_PDT000311609.2_genomic,"3,10"
GCA_010678065.1_PDT000147534.2_genomic,"3,10"
GCA_019431885.1_ASM1943188v1_genomic,"3,10"
GCA_001410655.1_12227_3_41_genomic,"3,10"
GCA_010700125.1_PDT000025176.3_genomic,"3,10"
GCA_017042595.1_PDT000953940.1_genomic,"3,10"
GCA_008185405.1_PDT000573604.1_genomic,"3,10"
GCA_006429035.1_PDT000521677.1_genomic,"3,10"
GCA_014053125.1_PDT000801407.1_genomic,"3,10"
GCA_004224105.1_PDT000356661.1_genomic,"3,10"
GCA_019106525.1_PDT001081512.1_genomic,"3,10"
GCA_006466675.1_PDT000523997.1_genomic,"3,10"
GCA_016495325.1_PDT000927988.1_genomic,"3,10"
GCA_015073645.1_PDT000871390.1_genomic,"3,10"
GCA_011502065.1_PDT000702850.1_genomic,"3,10"
GCA_010733775.1_PDT000147436.2_genomic,"3,10"
GCA_019663365.1_PDT001110712.1_genomic,"3,10"
GCA_020527215.1_PDT001150547.1_genomic,"3,10"
GCA_002033325.1_ASM203332v1_genomic,"3,10"
GCA_011231815.1_PDT000677780.1_genomic,"3,10"
GCA_013148805.1_PDT000743735.1_genomic,"3,10"
GCA_002054875.1_ASM205487v1_genomic,"3,10"
GCA_005958505.1_PDT000102404.2_genomic,"3,10"
GCA_006727465.1_PDT000360709.1_genomic,"3,10"
GCA_003881055.1_PDT000321051.1_genomic,"3,10"
GCA_005516255.1_PDT000497106.1_genomic,"3,10"
GCA_011206825.1_PDT000659034.1_genomic,"3,10"
GCA_011226495.1_PDT000674373.1_genomic,"3,10"
GCA_008946525.1_PDT000146437.2_genomic,"3,10"
GCA_008920645.1_PDT000602152.1_genomic,"3,10"
GCA_005430895.1_PDT000482261.1_genomic,"3,10"
GCA_008767115.1_PDT000596086.1_genomic,"3,10"
GCA_005903345.1_PDT000486145.1_genomic,"3,10"
GCA_010659285.1_PDT000043988.4_genomic,"3,10"
GCA_014927525.1_PDT000865390.1_genomic,"3,10"
GCA_010813725.1_PDT000639681.1_genomic,"3,10"
GCA_015035815.1_PDT000869265.1_genomic,"3,10"
GCA_006519845.1_PDT000322491.1_genomic,"3,10"
GCA_009046645.1_PDT000181404.2_genomic,"3,10"
GCA_020815235.1_PDT001172186.1_genomic,"3,10"
GCA_007368365.1_PDT000414816.1_genomic,"3,10"
GCA_016419545.1_ASM1641954v1_genomic,"3,10"
GCA_006014775.1_PDT000046373.2_genomic,"3,10"
GCA_019020345.1_PDT001076313.1_genomic,"3,10"
GCA_017237175.1_PDT000939772.1_genomic,"3,10"
GCA_013642355.1_PDT000773183.1_genomic,"3,10"
GCA_006525315.1_PDT000465074.1_genomic,"3,10"
GCA_008527435.1_PDT000190913.2_genomic,"3,10"
GCA_010415285.1_PDT000260556.2_genomic,"3,10"
GCA_008432705.1_PDT000211214.2_genomic,"3,10"
GCA_011118015.1_PDT000213358.2_genomic,"3,10"
GCA_008531675.1_PDT000250467.2_genomic,"3,10"
GCA_008205105.1_PDT000558739.1_genomic,"3,10"
GCA_010505975.1_PDT000054926.2_genomic,"3,10"
GCA_010439395.1_PDT000025178.3_genomic,"3,10"
GCA_010424825.1_PDT000034741.3_genomic,"3,10"
GCA_011687325.1_PDT000688695.1_genomic,"3,10"
GCA_015166555.1_PDT000872634.1_genomic,"3,10"
GCF_050412575.1_ASM5041257v1_genomic,"3,10"
GCA_010536395.1_PDT000034299.3_genomic,"3,10"
GCA_010636665.1_PDT000001636.3_genomic,"3,10"
GCA_007674665.1_PDT000474062.1_genomic,"3,10"
GCA_006512475.1_PDT000269852.2_genomic,"3,10"
GCA_005579435.1_PDT000455289.1_genomic,"3,10"
GCA_010682985.1_PDT000171718.2_genomic,"3,10"
GCA_006520515.1_PDT000367934.1_genomic,"3,10"
GCA_009853845.1_CRJJGF_00073_v1.0_genomic,"3,10"
GCA_009545755.1_PDT000254314.2_genomic,"3,10"
GCA_013510815.1_PDT000784070.1_genomic,"3,10"
GCA_005994605.1_PDT000231091.2_genomic,"3,10"
GCA_005957825.1_PDT000107421.2_genomic,"3,10"
GCA_011383625.1_PDT000692301.1_genomic,"3,10"
GCA_008879105.1_PDT000122691.2_genomic,"3,10"
GCA_017863595.1_PDT000999129.1_genomic,"3,10"
GCA_010973515.1_PDT000257252.2_genomic,"3,10"
GCA_005441575.1_PDT000357547.1_genomic,"3,10"
GCF_023843855.1_ASM2384385v1_genomic,"3,10"
GCA_007683805.1_PDT000476802.1_genomic,"3,10"
GCA_003765765.1_PDT000399466.1_genomic,"3,10"
GCA_014599695.1_PDT000836920.1_genomic,"3,10"
GCA_008648535.1_PDT000093971.2_genomic,"3,10"
GCA_011250695.1_PDT000678818.1_genomic,"3,10"
GCA_009317535.1_PDT000215735.2_genomic,"3,10"
GCA_007567825.1_PDT000303789.2_genomic,"3,10"
GCA_017071515.1_PDT000951273.1_genomic,"3,10"
GCA_006268455.1_PDT000293204.2_genomic,"3,10"
GCA_007557825.1_ASM755782v1_genomic,"3,10"
GCA_006159085.1_PDT000237218.2_genomic,"3,10"
GCA_007350135.1_PDT000406648.1_genomic,"3,10"
GCA_014761445.1_PDT000267231.3_genomic,"3,10"
GCA_014756345.1_PDT000050274.3_genomic,"3,10"
GCA_007115835.1_PDT000420694.1_genomic,"3,10"
GCA_007283295.1_PDT000350643.1_genomic,"3,10"
GCA_011008195.1_PDT000683493.1_genomic,"3,10"
GCA_017804535.1_PDT000998380.1_genomic,"3,10"
GCA_012029085.1_ASM1202908v1_genomic,"3,10"
GCA_007019925.1_PDT000215020.2_genomic,"3,10"
GCF_015948715.1_ASM1594871v1_genomic,"3,10"
GCA_015027115.1_PDT000869257.1_genomic,"3,10"
GCA_008523825.1_PDT000135401.3_genomic,"3,10"
GCA_010450135.1_PDT000651573.1_genomic,"3,10"
GCA_020001665.1_PDT001130393.1_genomic,"3,10"
GCA_017794525.1_PDT000999125.1_genomic,"3,10"
GCA_011158925.1_PDT000307044.2_genomic,"3,10"
GCA_007272875.1_PDT000345273.1_genomic,"3,10"
GCA_007048295.1_PDT000235097.2_genomic,"3,10"
GCA_010618105.1_PDT000214860.2_genomic,"3,10"
GCA_010564085.1_PDT000027704.3_genomic,"3,10"
GCA_006973905.1_PDT000207068.2_genomic,"3,10"
GCA_011115055.1_PDT000185813.2_genomic,"3,10"
GCA_014807225.1_PDT000850839.1_genomic,"3,10"
GCA_009043045.1_PDT000185641.2_genomic,"3,10"
GCA_012283805.1_PDT000721216.1_genomic,"3,10"
GCA_010368545.1_PDT000044818.2_genomic,"3,10"
GCA_006804685.1_PDT000376844.1_genomic,"3,10"
GCA_007211335.1_PDT000332973.1_genomic,"3,10"
GCA_010695325.1_PDT000036632.2_genomic,"3,10"
GCA_015036155.1_PDT000869255.1_genomic,"3,10"
GCA_015123195.1_PDT000855204.1_genomic,"3,10"
GCA_006929015.1_PDT000085112.3_genomic,"3,10"
GCA_020949155.1_PDT001175768.1_genomic,"3,10"
GCA_015952645.1_PDT000908623.1_genomic,"3,10"
GCA_006282915.1_PDT000309701.2_genomic,"3,10"
GCA_011614145.1_PDT000628795.1_genomic,"3,10"
GCA_007267885.1_PDT000344143.1_genomic,"3,10"
GCA_008473385.1_PDT000121400.2_genomic,"3,10"
GCA_007543175.1_PDT000540547.1_genomic,"3,10"
GCA_016459945.1_PDT000926363.1_genomic,"3,10"
GCA_014755745.1_PDT000127606.2_genomic,"3,10"
GCA_016911565.1_ASM1691156v1_genomic,"3,10"
GCA_011285405.1_PDT000673906.1_genomic,"3,10"
GCA_010846405.1_PDT000662511.1_genomic,"3,10"
GCA_010398365.1_PDT000193171.2_genomic,"3,10"
GCA_010372325.1_PDT000053924.2_genomic,"3,10"
GCA_010439155.1_PDT000026261.4_genomic,"3,10"
GCA_010947635.1_PDT000566604.1_genomic,"3,10"
GCA_009621555.1_PDT000606311.1_genomic,"3,10"
GCA_017533935.1_PDT000987102.1_genomic,"3,10"
GCA_016658385.1_PDT000935889.1_genomic,"3,10"
GCA_008484545.1_PDT000195525.2_genomic,"3,10"
GCA_012927815.1_ASM1292781v1_genomic,"3,10"
GCA_010543605.1_PDT000159045.2_genomic,"3,10"
GCA_017267715.1_PDT000842795.1_genomic,"3,10"
GCA_009251285.1_PDT000211980.2_genomic,"3,10"
GCF_041387575.1_ASM4138757v1_genomic,"3,10"
GCA_017797225.1_PDT000998941.1_genomic,"3,10"
GCA_007371585.1_PDT000415685.1_genomic,"3,10"
GCA_006910685.1_PDT000149255.2_genomic,"3,10"
GCA_017801595.1_PDT000998689.1_genomic,"3,10"
GCA_006010345.1_PDT000036725.2_genomic,"3,10"
GCA_006723645.1_PDT000355397.1_genomic,"3,10"
GCA_017172735.1_PDT000946193.1_genomic,"3,10"
GCA_007636315.1_PDT000295833.2_genomic,"3,10"
GCA_017879865.1_PDT000998327.1_genomic,"3,10"
GCA_018517645.1_PDT001046091.1_genomic,"3,10"
GCA_019600115.1_PDT001109312.1_genomic,"3,10"
GCA_010414985.1_PDT000274089.2_genomic,"3,10"
GCA_007750865.1_PDT000085265.2_genomic,"3,10"
GCA_020987245.1_PDT001185508.1_genomic,"3,10"
GCA_006263215.1_PDT000278961.2_genomic,"3,10"
GCA_007633175.1_PDT000284944.2_genomic,"3,10"
GCA_005705315.1_PDT000409667.1_genomic,"3,10"
GCA_011022215.1_PDT000003256.3_genomic,"3,10"
GCF_041131325.1_ASM4113132v1_genomic,"3,10"
GCA_010576565.1_PDT000297801.2_genomic,"3,10"
GCF_050524145.1_ASM5052414v1_genomic,"3,10"
GCA_006517135.1_ASM651713v1_genomic,"3,10"
GCA_006720245.1_PDT000351995.1_genomic,"3,10"
GCA_017586505.1_PDT000990815.1_genomic,"3,10"
GCA_009615335.1_PDT000275829.2_genomic,"3,10"
GCA_007446665.1_PDT000496603.1_genomic,"3,10"
GCA_015155835.1_PDT000853636.1_genomic,"3,10"
GCA_016433905.1_PDT000925758.1_genomic,"3,10"
GCA_001410415.1_12227_3_44_genomic,"3,10"
GCA_010664085.1_PDT000043249.5_genomic,"3,10"
GCA_010002085.1_PDT000240777.2_genomic,"3,10"
GCA_004159995.1_PDT000318900.1_genomic,"3,10"
GCA_019786105.1_PDT001117240.1_genomic,"3,10"
GCA_010610765.1_PDT000260993.2_genomic,"3,10"
GCA_005506885.1_PDT000487921.1_genomic,"3,10"
GCA_010680505.1_PDT000032087.3_genomic,"3,10"
GCF_041868035.1_ASM4186803v1_genomic,"3,10"
GCA_011550155.1_PDT000632021.1_genomic,"3,10"
GCA_007436745.1_PDT000474269.1_genomic,"3,10"
GCA_007753565.1_PDT000068444.2_genomic,"3,10"
GCA_006046975.1_PDT000196431.2_genomic,"3,10"
GCA_008476205.1_PDT000131743.2_genomic,"3,10"
GCA_007871065.1_PDT000551029.1_genomic,"3,10"
GCA_008543955.1_PDT000340626.1_genomic,"3,10"
GCA_009183265.1_PDT000609742.1_genomic,"3,10"
GCA_015621885.1_PDT000893743.1_genomic,"3,10"
GCA_005468855.1_PDT000415581.1_genomic,"3,10"
GCA_006920415.1_PDT000178617.2_genomic,"3,10"
GCA_006920075.1_PDT000168431.2_genomic,"3,10"
GCA_006378045.2_ASM637804v2_genomic,"3,10"
GCA_010671405.1_PDT000171752.2_genomic,"3,10"
GCA_020236995.1_PDT001142120.1_genomic,"3,10"
GCA_019945695.1_PDT001128621.1_genomic,"3,10"
GCA_020461445.1_PDT001149034.1_genomic,"3,10"
GCA_010378845.1_PDT000203499.2_genomic,"3,10"
GCA_019085905.1_PDT001080171.1_genomic,"3,10"
GCA_008536275.1_PDT000371995.1_genomic,"3,10"
GCA_008760375.1_PDT000594035.1_genomic,"3,10"
GCA_004259685.1_PDT000349755.1_genomic,"3,10"
GCA_010677505.1_PDT000133847.2_genomic,"3,10"
GCA_011236265.1_PDT000678302.1_genomic,"3,10"
GCA_007774245.1_PDT000368607.1_genomic,"3,10"
GCA_010552825.1_PDT000156454.2_genomic,"3,10"
GCA_017278415.1_PDT000842245.1_genomic,"3,10"
GCA_006854985.1_PDT000038220.3_genomic,"3,10"
GCA_020954415.1_PDT001175626.1_genomic,"3,10"
GCA_007674325.1_PDT000473999.1_genomic,"3,10"
GCA_019551135.1_PDT001106978.1_genomic,"3,10"
GCA_013808245.1_PDT000747779.1_genomic,"3,10"
GCA_008688655.1_ASM868865v1_genomic,"3,10"
GCA_009430255.1_PDT000227867.2_genomic,35
GCA_010552385.1_PDT000193588.2_genomic,35
GCA_016058055.1_PDT000913470.1_genomic,35
GCA_006643885.1_PDT000324397.1_genomic,35
GCA_008758455.1_PDT000593976.1_genomic,35
GCA_002049305.1_ASM204930v1_genomic,35
GCA_006954245.1_PDT000177167.2_genomic,35
GCA_005679075.1_PDT000333908.1_genomic,35
GCA_011414315.1_PDT000152249.2_genomic,35
GCA_005589895.1_PDT000479416.1_genomic,35
GCA_006764025.1_PDT000317435.1_genomic,35
GCA_007885565.1_PDT000553108.1_genomic,35
GCA_014603075.1_PDT000836757.1_genomic,35
GCA_017135855.1_PDT000948456.1_genomic,35
GCA_013521735.1_PDT000783870.1_genomic,35
GCA_010494665.1_PDT000281932.2_genomic,35
GCA_010371705.1_PDT000179080.2_genomic,35
GCA_013708975.1_PDT000796075.1_genomic,35
GCA_017362585.1_PDT000985220.1_genomic,35
GCA_006395015.1_PDT000509824.1_genomic,35
GCA_011670965.1_PDT000690573.1_genomic,35
GCA_010373665.1_PDT000132615.2_genomic,35
GCA_013592545.1_PDT000781022.1_genomic,35
GCA_005694755.1_PDT000392750.1_genomic,35
GCA_017127095.1_PDT000949327.1_genomic,35
GCA_009114825.1_PDT000605009.1_genomic,35
GCA_015048285.1_PDT000857604.1_genomic,35
GCA_018799865.1_PDT001064132.1_genomic,35
GCA_013716005.1_PDT000766546.1_genomic,35
GCA_006342545.1_PDT000518460.1_genomic,35
GCA_011349165.1_PDT000678820.1_genomic,35
GCA_019907995.1_PDT001125681.1_genomic,35
GCA_010794975.1_PDT000060060.2_genomic,35
GCA_016580005.1_PDT000120774.2_genomic,35
GCA_005784005.1_PDT000392748.1_genomic,35
GCA_007303775.1_PDT000382894.1_genomic,35
GCA_007265605.1_PDT000342841.1_genomic,35
GCA_005593995.1_PDT000483447.1_genomic,35
GCA_006769325.1_PDT000336756.1_genomic,35
GCA_005450705.1_PDT000388580.1_genomic,35
GCA_017967445.1_PDT001005824.1_genomic,35
GCA_014757235.1_PDT000055513.2_genomic,35
GCA_014646455.1_PDT000839037.1_genomic,35
GCA_008182045.1_PDT000573098.1_genomic,35
GCA_017289695.1_PDT000977054.1_genomic,35
GCA_010134775.1_PDT000275494.2_genomic,35
GCA_005587215.1_PDT000476631.1_genomic,35
GCA_017334485.1_PDT000983663.1_genomic,35
GCA_010627885.1_PDT000247615.2_genomic,35
GCA_013983975.1_PDT000799691.1_genomic,35
GCA_016448805.1_PDT000926180.1_genomic,35
GCA_010369925.1_PDT000043422.5_genomic,35
GCA_011384105.1_PDT000693828.1_genomic,35
GCA_009345795.1_PDT000616494.1_genomic,35
GCA_005737335.1_PDT000480344.1_genomic,35
GCA_010388605.1_PDT000001646.3_genomic,35
GCA_011433995.1_PDT000002150.3_genomic,35
GCA_008875895.1_PDT000122316.2_genomic,35
GCA_008714275.1_PDT000591977.1_genomic,35
GCA_010532495.1_PDT000655945.1_genomic,35
GCA_007013245.1_PDT000350043.1_genomic,35
GCA_005550915.1_PDT000392731.1_genomic,35
GCA_015098495.1_PDT000855773.1_genomic,35
GCA_014907065.1_PDT000861482.1_genomic,35
GCA_015048305.1_PDT000857603.1_genomic,35
GCA_012039795.1_PDT000718808.1_genomic,35
GCA_006773065.1_PDT000347449.1_genomic,35
GCA_006819045.1_PDT000324379.1_genomic,35
GCA_007220185.1_PDT000334068.1_genomic,35
GCA_005474695.1_PDT000426927.1_genomic,35
GCA_010470765.1_PDT000227712.2_genomic,35
GCA_007806475.1_PDT000540375.1_genomic,35
GCA_006645225.1_PDT000329166.1_genomic,35
GCA_020693605.1_PDT001165487.1_genomic,35
GCA_011220855.1_PDT000673958.1_genomic,35
GCA_010394825.1_PDT000053170.2_genomic,35
GCA_010124625.1_PDT000158564.2_genomic,35
GCA_006765965.1_PDT000330017.1_genomic,35
GCA_010694365.1_PDT000043469.5_genomic,35
GCA_006431155.1_PDT000522064.1_genomic,35
GCA_004272085.1_PDT000413161.1_genomic,35
GCA_010380505.1_PDT000245822.2_genomic,35
GCA_007073805.1_PDT000247888.2_genomic,35
GCA_006948105.1_PDT000195522.2_genomic,35
GCA_005544495.1_PDT000386278.1_genomic,35
GCA_019554195.1_PDT001106952.1_genomic,35
GCA_010761115.1_PDT000201997.2_genomic,35
GCA_020356905.1_PDT001145994.1_genomic,35
GCA_008952345.1_PDT000602450.1_genomic,35
GCA_010176655.1_PDT000280494.2_genomic,35
GCA_007043445.1_PDT000232218.2_genomic,35
GCA_007327775.1_PDT000389949.1_genomic,35
GCA_011341125.1_PDT000674102.1_genomic,35
GCA_013646815.1_PDT000772946.1_genomic,35
GCA_011526805.1_PDT000565685.1_genomic,35
GCA_008435505.1_PDT000226885.2_genomic,35
GCA_006004525.1_PDT000509338.1_genomic,35
GCA_008377425.1_PDT000582919.1_genomic,35
GCA_005668535.1_PDT000482648.1_genomic,35
GCA_009345995.1_PDT000616533.1_genomic,35
GCA_016736655.1_PDT000931331.1_genomic,35
GCA_006070355.1_PDT000226866.2_genomic,35
GCA_012243965.1_PDT000720968.1_genomic,35
GCA_015155635.1_PDT000853597.1_genomic,35
GCA_010010985.1_PDT000648128.1_genomic,35
GCA_014213535.1_PDT000810279.2_genomic,35
GCA_014907165.1_PDT000861477.1_genomic,35
GCA_015933485.1_PDT000897517.1_genomic,35
GCA_005478695.1_PDT000434089.1_genomic,35
GCA_006104655.1_PDT000176264.2_genomic,35
GCA_009854195.1_CRJJGF_00090_v1.0_genomic,35
GCA_006560905.1_PDT000350210.1_genomic,35
GCA_006714625.1_PDT000338228.1_genomic,35
GCA_009078445.1_PDT000607848.1_genomic,35
GCA_009174115.1_PDT000609508.1_genomic,35
GCA_006712545.1_PDT000336123.1_genomic,35
GCA_011221795.1_PDT000674181.1_genomic,35
GCA_006588445.1_PDT000336757.1_genomic,35
GCA_020521135.1_PDT001154199.1_genomic,35
GCA_009000195.1_PDT000603863.1_genomic,35
GCA_007426825.1_PDT000465442.1_genomic,35
GCA_014906425.1_PDT000861465.1_genomic,35
GCA_011418495.1_PDT000207081.2_genomic,35
GCA_005651755.1_PDT000434212.1_genomic,35
GCA_010559065.1_PDT000133741.2_genomic,35
GCA_015250875.1_PDT000880441.1_genomic,35
GCA_020273065.1_PDT001143845.1_genomic,35
GCA_016448865.1_PDT000926179.1_genomic,35
GCA_007012785.1_PDT000350035.1_genomic,35
GCA_006969185.1_PDT000211572.2_genomic,35
GCA_007144665.1_PDT000319960.1_genomic,35
GCA_006935095.1_PDT000324760.1_genomic,35
GCA_020135655.1_PDT001134569.1_genomic,35
GCA_006933515.1_PDT000324733.1_genomic,35
GCA_010794495.1_PDT000044202.2_genomic,35
GCA_005655155.1_PDT000451377.1_genomic,35
GCA_006843065.1_PDT000324400.1_genomic,35
GCA_014245975.1_PDT000814922.1_genomic,35
GCA_015073465.1_PDT000871405.1_genomic,35
GCA_006790525.1_PDT000368217.1_genomic,35
GCA_011555095.1_PDT000624540.1_genomic,35
GCA_006548975.1_PDT000328528.1_genomic,35
GCA_007531245.1_PDT000477517.1_genomic,35
GCA_005456245.1_PDT000403728.1_genomic,35
GCA_006798905.1_PDT000347159.1_genomic,35
GCA_015440425.1_PDT000888920.1_genomic,35
GCA_004254265.1_PDT000345242.1_genomic,35
GCA_016688475.1_PDT000933495.1_genomic,35
GCA_005984705.1_PDT000184941.2_genomic,35
GCA_020475625.1_PDT001150030.1_genomic,35
GCA_017977025.1_PDT000926154.1_genomic,35
GCA_009997765.1_PDT000001853.3_genomic,35
GCA_007421275.1_PDT000458927.1_genomic,35
GCA_004273765.1_PDT000400209.1_genomic,35
GCA_008342325.1_PDT000579537.1_genomic,35
GCA_011678735.1_PDT000688616.1_genomic,35
GCA_006976105.1_PDT000328310.1_genomic,35
GCA_010122745.1_PDT000044651.2_genomic,35
GCA_015379015.1_PDT000888193.1_genomic,35
GCA_017832795.1_PDT000999676.1_genomic,35
GCA_010389385.1_PDT000056430.2_genomic,35
GCA_005173165.1_ASM517316v1_genomic,35
GCA_009219365.1_PDT000209587.2_genomic,35
GCA_020690885.1_PDT001165583.1_genomic,35
GCA_010640745.1_PDT000042266.4_genomic,35
GCA_006652125.1_PDT000337694.1_genomic,35
GCA_007270115.1_PDT000345164.1_genomic,35
GCA_005985165.1_PDT000184607.2_genomic,35
GCA_020568865.1_PDT001158020.4_genomic,35
GCA_010714135.1_PDT000067277.2_genomic,35
GCA_013616095.1_PDT000774370.1_genomic,35
GCA_002156225.1_ASM215622v1_genomic,35
GCA_020536475.1_PDT001157331.2_genomic,35
GCA_011271545.1_PDT000669215.1_genomic,35
GCA_007218755.1_PDT000122436.2_genomic,35
GCA_016451905.1_PDT000926257.1_genomic,35
GCA_014911085.1_PDT000861422.1_genomic,35
GCA_005614535.1_PDT000381987.1_genomic,35
GCA_015438925.1_PDT000889031.1_genomic,35
GCA_007039085.1_PDT000230735.2_genomic,35
GCA_015682135.1_PDT000896824.1_genomic,35
GCA_005432075.1_PDT000482248.1_genomic,35
GCA_006012725.1_PDT000040827.2_genomic,35
GCA_010862075.1_PDT000651440.1_genomic,35
GCA_011609625.1_PDT000688242.1_genomic,35
GCA_016579705.1_PDT000125292.2_genomic,35
GCA_007151885.1_PDT000323385.1_genomic,35
GCA_011382185.1_PDT000681913.1_genomic,35
GCA_012040155.1_PDT000718795.1_genomic,35
GCA_014958405.1_PDT000862905.1_genomic,35
GCA_020135775.1_PDT001134549.1_genomic,35
GCA_014908145.1_PDT000861401.1_genomic,35
GCA_016345255.1_PDT000922840.1_genomic,35
GCA_007620815.1_PDT000540128.1_genomic,35
GCA_010623725.1_PDT000227690.2_genomic,35
GCA_016449825.1_PDT000926130.1_genomic,35
GCA_007010585.1_PDT000337996.1_genomic,35
GCA_006644625.1_PDT000328527.1_genomic,35
GCA_010175215.1_PDT000279310.2_genomic,35
GCA_006148215.1_PDT000509749.1_genomic,35
GCA_016449625.1_PDT000926142.1_genomic,35
GCA_005810465.1_PDT000412557.1_genomic,35
GCA_019356695.1_PDT001096453.1_genomic,35
GCA_009546335.1_PDT000623040.1_genomic,35
GCA_014908585.1_PDT000861392.1_genomic,35
GCA_006672665.1_PDT000365769.1_genomic,35
GCA_010780635.1_PDT000287057.2_genomic,35
GCA_006060375.1_PDT000219315.2_genomic,35
GCA_016595065.1_PDT000929980.1_genomic,35
GCA_010698425.1_PDT000044775.3_genomic,35
GCA_014891195.1_PDT000860468.1_genomic,35
GCA_006341635.1_PDT000518393.1_genomic,35
GCA_018625335.1_PDT001057332.1_genomic,35
GCA_010502895.1_PDT000002847.3_genomic,35
GCA_005978945.1_PDT000167472.2_genomic,35
GCA_004177695.1_PDT000328360.1_genomic,35
GCA_006575825.1_PDT000316057.1_genomic,35
GCA_007689885.1_PDT000501428.1_genomic,35
GCA_011210395.1_PDT000664051.1_genomic,35
GCA_002046115.1_ASM204611v1_genomic,35
GCA_007730245.1_PDT000547774.1_genomic,35
GCA_011511625.1_PDT000708022.1_genomic,35
GCA_019197195.1_PDT001086419.1_genomic,35
GCA_007032025.1_PDT000225774.2_genomic,35
GCA_010661985.1_PDT000042339.4_genomic,35
GCA_017585245.1_PDT000990540.1_genomic,35
GCA_014435485.1_PDT000125451.2_genomic,35
GCA_004192875.1_PDT000041974.3_genomic,35
GCA_020822775.1_PDT001172607.1_genomic,35
GCA_010716735.1_PDT000085716.2_genomic,35
GCA_016459325.1_PDT000926313.1_genomic,35
GCA_011396155.2_ASM1139615v2_genomic,35
GCA_014344915.1_PDT000826886.1_genomic,35
GCA_017181775.1_PDT000945447.1_genomic,35
GCA_010848945.1_PDT000648119.1_genomic,35
GCA_020893515.1_PDT001174981.1_genomic,35
GCA_008758395.1_PDT000593998.1_genomic,35
GCA_008484705.1_PDT000220237.2_genomic,35
GCA_007423845.1_PDT000464322.1_genomic,35
GCA_007429465.1_PDT000468018.1_genomic,35
GCA_016688695.1_PDT000933500.1_genomic,35
GCA_007072085.1_PDT000245957.2_genomic,35
GCA_010520995.1_PDT000647001.1_genomic,35
GCA_013731345.1_PDT000762872.1_genomic,35
GCA_005611695.1_PDT000359608.1_genomic,35
GCA_007608295.1_PDT000477315.1_genomic,35
GCA_006295995.1_PDT000517471.1_genomic,35
GCA_006986385.1_PDT000345002.1_genomic,35
GCA_018805635.1_PDT001049784.1_genomic,35
GCA_013809925.1_PDT000747713.1_genomic,35
GCA_013613975.1_PDT000774489.1_genomic,35
GCA_009997545.1_PDT000003898.3_genomic,35
GCA_011418335.1_PDT000056024.2_genomic,35
GCA_005855845.1_PDT000495219.1_genomic,35
GCA_010785335.1_PDT000642644.1_genomic,35
GCA_006118245.1_PDT000220730.2_genomic,35
GCA_020585975.1_PDT001157769.2_genomic,35
GCA_020738005.1_PDT001165515.1_genomic,35
GCA_002048865.1_ASM204886v1_genomic,35
GCA_011360385.1_PDT000671271.1_genomic,35
GCA_014907925.1_PDT000861399.1_genomic,35
GCA_006717905.1_PDT000350193.1_genomic,35
GCA_006062455.1_PDT000221596.2_genomic,35
GCA_007532225.1_PDT000479320.1_genomic,35
GCA_011733795.1_PDT000710393.1_genomic,35
GCA_006575145.1_PDT000315991.1_genomic,35
GCA_011405235.1_PDT000654123.1_genomic,35
GCA_007081545.1_PDT000253322.2_genomic,35
GCA_015154955.1_PDT000853599.1_genomic,35
GCA_010663765.1_PDT000045663.2_genomic,35
GCA_010576945.1_PDT000201746.2_genomic,35
GCA_015174525.1_PDT000873805.1_genomic,35
GCA_005471875.1_PDT000416669.1_genomic,35
GCA_006696385.1_PDT000190828.2_genomic,35
GCA_016579945.1_PDT000120775.2_genomic,35
GCA_009983255.1_PDT000042324.4_genomic,35
GCA_007604075.1_PDT000475662.1_genomic,35
GCA_011465995.1_PDT000707705.1_genomic,35
GCA_006512915.1_PDT000269684.2_genomic,35
GCA_006599445.1_PDT000353359.1_genomic,35
GCA_007554075.1_PDT000279085.2_genomic,35
GCA_010638345.1_PDT000058072.2_genomic,35
GCA_019719635.1_PDT001113848.1_genomic,35
GCA_005919895.1_PDT000505112.1_genomic,35
GCA_015374365.1_PDT000888265.1_genomic,35
GCA_005584515.1_PDT000467983.1_genomic,35
GCA_006474425.1_PDT000525284.1_genomic,35
GCA_007980745.1_PDT000557961.1_genomic,35
GCA_014907145.1_PDT000861479.1_genomic,35
GCA_013259365.1_ASM1325936v1_genomic,35
GCA_011127935.1_PDT000269580.2_genomic,35
GCA_007603415.1_PDT000475575.1_genomic,35
GCA_018494775.1_PDT001046102.1_genomic,35
GCA_011412655.1_PDT000270778.2_genomic,35
GCA_014150145.1_PDT000806717.1_genomic,35
GCA_007839275.1_PDT000137178.2_genomic,35
GCA_016448505.1_PDT000926193.1_genomic,35
GCA_013648515.1_PDT000772934.1_genomic,35
GCA_016448585.1_PDT000926192.1_genomic,35
GCA_007629935.1_PDT000095375.2_genomic,35
GCA_015155035.1_PDT000853598.1_genomic,35
GCA_019871205.1_PDT001122597.1_genomic,35
GCA_020691005.1_PDT001165577.1_genomic,35
GCA_010816725.1_PDT000650028.1_genomic,35
GCA_002048565.1_ASM204856v1_genomic,35
GCA_014385665.1_PDT000822964.1_genomic,35
GCA_005594035.1_PDT000483471.1_genomic,35
GCA_006797085.1_PDT000344492.1_genomic,35
GCA_011201755.1_PDT000669750.1_genomic,35
GCA_014906385.1_PDT000861464.1_genomic,35
GCA_007428605.1_PDT000467100.1_genomic,35
GCA_008973265.1_PDT000604037.1_genomic,35
GCA_010004365.1_PDT000300897.2_genomic,35
GCA_019793035.1_PDT001118191.1_genomic,35
GCA_015862525.1_PDT000901805.1_genomic,35
GCA_011217615.1_PDT000672414.1_genomic,35
GCA_008845465.1_PDT000601970.1_genomic,35
GCA_005603175.1_PDT000496879.1_genomic,35
GCA_010808405.1_PDT000650537.1_genomic,35
GCA_008155545.1_PDT000571801.1_genomic,35
GCA_010373825.1_PDT000135694.2_genomic,35
GCA_006041895.1_PDT000177143.2_genomic,35
GCA_009999125.1_PDT000001020.6_genomic,35
GCA_011396715.1_PDT000630380.1_genomic,35
GCA_011398755.1_PDT000298322.2_genomic,35
GCA_011594965.1_PDT000624370.1_genomic,35
GCA_015854285.1_PDT000903379.1_genomic,35
GCA_007705805.1_PDT000546268.1_genomic,35
GCA_011324715.1_PDT000630388.1_genomic,35
GCA_014907825.1_PDT000861427.1_genomic,35
GCA_006981285.1_PDT000379117.1_genomic,35
GCA_007488225.1_PDT000300468.2_genomic,35
GCA_020038965.1_PDT001132352.1_genomic,35
GCA_007213315.1_PDT000332942.1_genomic,35
GCA_006141285.1_PDT000258290.2_genomic,35
GCA_011324735.1_PDT000630314.1_genomic,35
GCA_008407325.1_PDT000106375.2_genomic,35
GCA_020279805.1_PDT000784204.2_genomic,35
GCA_014756125.1_PDT000247599.2_genomic,35
GCA_006561185.1_PDT000353428.1_genomic,35
GCA_020896575.1_PDT001178157.1_genomic,35
GCA_009098325.1_PDT000607898.1_genomic,35
GCA_007164225.1_PDT000328230.1_genomic,35
GCA_006677525.1_PDT000370957.1_genomic,35
GCA_011400815.1_PDT000232543.2_genomic,35
GCA_006241735.1_PDT000239633.2_genomic,35
GCA_019907795.1_PDT001125698.1_genomic,35
GCA_011108655.1_PDT000058731.2_genomic,35
GCA_011241335.1_PDT000678326.1_genomic,35
GCA_010745975.1_PDT000654240.1_genomic,35
GCA_007554175.1_PDT000277750.2_genomic,35
GCA_006645705.1_PDT000328532.1_genomic,35
GCA_014115305.1_PDT000804308.1_genomic,35
GCA_010616925.1_PDT000269173.2_genomic,35
GCA_020460185.1_PDT001149196.1_genomic,35
GCA_010470025.1_PDT000236458.2_genomic,35
GCA_004220985.1_PDT000356667.1_genomic,35
GCA_006316685.1_PDT000293808.2_genomic,35
GCA_010678225.1_PDT000137930.2_genomic,35
GCA_007092285.1_PDT000265648.2_genomic,35
GCA_007734775.1_PDT000548857.1_genomic,35
GCA_010718335.1_PDT000232297.2_genomic,35
GCA_007640555.1_PDT000308314.2_genomic,35
GCA_006932055.1_PDT000317782.1_genomic,35
GCA_010863525.1_PDT000650874.1_genomic,35
GCA_008477745.1_PDT000136400.2_genomic,35
GCA_005809785.1_PDT000412335.1_genomic,35
GCA_004270965.1_PDT000404846.1_genomic,35
GCA_008772255.1_PDT000595670.1_genomic,35
GCA_008379785.1_PDT000583517.1_genomic,35
GCA_019956285.1_PDT001126568.1_genomic,35
GCA_010480455.1_PDT000649951.1_genomic,35
GCA_017141025.1_PDT000947697.1_genomic,35
GCA_006187825.1_PDT000278412.2_genomic,35
GCA_010664385.1_PDT000044545.2_genomic,35
GCA_011326035.1_PDT000703295.1_genomic,35
GCA_019850225.1_PDT001121187.1_genomic,35
GCA_016448145.1_PDT000926202.1_genomic,35
GCA_005985345.1_PDT000184323.2_genomic,35
GCA_005423275.1_PDT000422156.1_genomic,35
GCA_019069665.1_PDT001079161.1_genomic,35
GCA_006485805.1_PDT000526224.1_genomic,35
GCA_017071915.1_PDT000951250.1_genomic,35
GCA_002031025.1_ASM203102v1_genomic,35
GCA_018100225.1_PDT001008856.1_genomic,35
GCA_018518165.1_PDT001045921.1_genomic,35
GCA_017073115.1_PDT000951202.1_genomic,35
GCA_011511045.1_PDT000707986.1_genomic,35
GCA_010794295.1_PDT000288951.2_genomic,35
GCA_002048945.1_ASM204894v1_genomic,35
GCA_010573685.1_PDT000302711.2_genomic,35
GCA_010827805.1_PDT000649176.1_genomic,35
GCA_013158665.1_PDT000744436.1_genomic,35
GCA_007982005.1_PDT000557998.1_genomic,35
GCA_005922605.1_PDT000505345.1_genomic,35
GCA_005655905.1_PDT000454524.1_genomic,35
GCA_019073215.1_PDT001079229.1_genomic,35
GCA_014907105.1_PDT000861480.1_genomic,35
GCA_004228325.1_PDT000409825.1_genomic,35
GCA_006478145.1_PDT000525691.1_genomic,35
GCA_005173175.1_ASM517317v1_genomic,35
GCA_005817625.1_PDT000417443.1_genomic,35
GCA_011342365.1_PDT000673974.1_genomic,35
GCA_011246895.1_PDT000679567.1_genomic,35
GCA_010837585.1_PDT000649100.1_genomic,35
GCA_014572355.1_PDT000728658.1_genomic,35
GCA_011430095.1_PDT000184349.2_genomic,35
GCA_020654435.1_PDT001163279.1_genomic,35
GCA_005767475.1_PDT000385680.1_genomic,35
GCA_011207235.1_PDT000672093.1_genomic,35
GCA_011284705.1_PDT000674201.1_genomic,35
GCA_007882205.1_PDT000551765.1_genomic,35
GCA_006915895.1_PDT000159006.2_genomic,35
GCA_015155475.1_PDT000853630.1_genomic,35
GCA_016151755.1_PDT000917377.1_genomic,35
GCA_020691385.1_PDT001165561.1_genomic,35
GCA_007595955.1_PDT000466274.1_genomic,35
GCA_007514665.1_PDT000464870.1_genomic,35
GCA_009353535.1_PDT000616981.1_genomic,35
GCA_006132255.1_PDT000231975.2_genomic,35
GCA_006579445.1_PDT000322305.1_genomic,35
GCA_007493765.1_PDT000309733.2_genomic,35
GCA_020133625.1_PDT001134638.1_genomic,35
GCA_016443045.1_PDT000925258.1_genomic,35
GCA_007696105.1_PDT000540369.1_genomic,35
GCA_015892345.1_PDT000907353.1_genomic,35
GCA_010644545.1_PDT000054267.2_genomic,35
GCA_008531685.1_PDT000245801.2_genomic,35
GCA_013482065.1_PDT000793957.1_genomic,35
GCA_018393575.1_PDT001040427.1_genomic,35
GCA_006769185.1_PDT000336106.1_genomic,35
GCA_005900025.1_PDT000186966.3_genomic,35
GCA_010390895.1_PDT000045665.2_genomic,35
GCA_010683465.1_PDT000146194.2_genomic,35
GCA_002032315.1_ASM203231v1_genomic,35
GCA_010517995.1_PDT000139627.2_genomic,35
GCA_018978765.1_PDT001029722.1_genomic,35
GCA_010430405.1_PDT000144739.2_genomic,35
GCA_006936115.1_PDT000325933.1_genomic,35
GCA_020233445.1_PDT001143846.1_genomic,35
GCA_008759715.1_PDT000594020.1_genomic,35
GCA_007560985.1_PDT000288460.2_genomic,35
GCA_007480325.1_PDT000282529.2_genomic,35
GCA_020546135.1_PDT001157852.3_genomic,35
GCA_019708775.1_PDT001113834.1_genomic,35
GCA_020132735.1_PDT001134561.1_genomic,35
GCA_009292355.1_PDT000214459.2_genomic,35
GCA_007021585.1_PDT000217511.2_genomic,35
GCA_008398415.1_PDT000585138.1_genomic,35
GCA_009327975.1_PDT000220146.2_genomic,35
GCA_011710855.1_PDT000709098.1_genomic,35
GCA_005620995.1_PDT000390982.1_genomic,35
GCA_011180335.1_PDT000564813.1_genomic,35
GCA_013730075.1_PDT000762985.1_genomic,35
GCA_019494645.1_PDT001103275.1_genomic,35
GCA_005915555.1_PDT000504786.1_genomic,35
GCA_020895875.1_PDT001178158.1_genomic,35
GCA_015033275.1_PDT000869409.1_genomic,35
GCA_017190935.1_PDT000943318.1_genomic,35
GCA_004175975.1_PDT000329639.1_genomic,35
GCA_015172735.1_PDT000872652.1_genomic,35
GCA_010783895.1_PDT000298345.2_genomic,35
GCA_008435045.1_PDT000195799.2_genomic,35
GCA_008784865.1_PDT000594603.1_genomic,35
GCA_011381765.1_PDT000681923.1_genomic,35
GCA_007346435.1_PDT000402791.1_genomic,35
GCA_014906705.1_PDT000861461.1_genomic,35
GCA_017285375.1_PDT000977462.1_genomic,35
GCA_016451965.1_PDT000926260.1_genomic,35
GCA_008526215.1_PDT000162688.2_genomic,35
GCA_007034225.1_PDT000228438.2_genomic,35
GCA_014083385.1_PDT000802188.1_genomic,35
GCA_019043765.1_PDT001078122.1_genomic,35
GCA_006784605.1_PDT000362680.1_genomic,35
GCA_014592555.1_PDT000722807.1_genomic,35
GCA_010902615.1_PDT000632312.1_genomic,35
GCA_011795595.1_PDT000685326.1_genomic,35
GCA_010647385.1_PDT000289543.2_genomic,35
GCA_005748855.1_PDT000491679.1_genomic,35
GCA_008439205.1_PDT000282744.2_genomic,35
GCA_005979625.1_PDT000171700.2_genomic,35
GCA_008190785.1_PDT000574176.1_genomic,35
GCA_014908205.1_PDT000861402.1_genomic,35
GCA_005830745.1_PDT000459035.1_genomic,35
GCA_006155245.1_PDT000257894.2_genomic,35
GCA_014053065.1_PDT000801411.1_genomic,35
GCA_004236785.1_PDT000385289.1_genomic,35
GCA_005986285.1_PDT000185750.2_genomic,35
GCA_006565705.1_PDT000365322.1_genomic,35
GCA_017658455.1_PDT000993021.1_genomic,35
GCA_018748845.1_PDT001059101.1_genomic,35
GCA_006948865.1_PDT000198159.2_genomic,35
GCA_010970615.1_PDT000060081.2_genomic,35
GCA_008410485.1_PDT000121416.2_genomic,35
GCA_008475665.1_PDT000125886.2_genomic,35
GCA_015939825.1_PDT000908299.1_genomic,35
GCA_008484685.1_PDT000201300.2_genomic,35
GCA_013751975.1_PDT000761316.1_genomic,35
GCA_008778055.1_PDT000594420.1_genomic,35
GCA_009599095.1_PDT000622980.1_genomic,35
GCA_006198405.1_PDT000286183.3_genomic,35
GCA_010814765.1_PDT000640214.1_genomic,35
GCA_007640995.1_PDT000308311.2_genomic,35
GCA_015539735.1_PDT000891913.1_genomic,35
GCA_018958495.1_PDT001072207.1_genomic,35
GCA_006276015.1_PDT000305361.2_genomic,35
GCA_010528995.1_PDT000220938.2_genomic,35
GCA_007438525.1_PDT000474195.1_genomic,35
GCA_011117995.1_PDT000219547.2_genomic,35
GCA_006241275.1_PDT000239476.2_genomic,35
GCA_017144355.1_PDT000947547.1_genomic,35
GCA_014908285.1_PDT000861377.1_genomic,35
GCA_006719845.1_PDT000353256.1_genomic,35
GCA_010635185.1_PDT000054269.2_genomic,35
GCA_011201795.1_PDT000653249.1_genomic,35
GCA_008396835.1_PDT000584852.1_genomic,35
GCA_007798455.1_PDT000536840.1_genomic,35
GCA_016029335.1_PDT000910153.1_genomic,35
GCA_010529295.1_PDT000221462.2_genomic,35
GCA_006341305.1_PDT000518376.1_genomic,35
GCA_019046585.1_PDT001077859.1_genomic,35
GCA_010459105.1_PDT000044750.3_genomic,35
GCA_019995525.1_PDT001130146.1_genomic,35
GCA_014278105.1_PDT000817509.1_genomic,35
GCA_010859905.1_PDT000639628.1_genomic,35
GCF_030520565.1_ASM3052056v1_genomic,35
GCA_007302935.1_PDT000381608.1_genomic,35
GCA_013163785.1_PDT000743642.1_genomic,35
GCA_008376205.1_PDT000582954.1_genomic,35
GCF_038433325.1_ASM3843332v1_genomic,35
GCA_010556225.1_PDT000137080.2_genomic,35
GCA_007303875.1_PDT000382382.1_genomic,35
GCA_005526415.1_PDT000392667.1_genomic,35
GCA_006794105.1_PDT000370958.1_genomic,35
GCA_006189505.1_PDT000279686.2_genomic,35
GCA_014985825.1_PDT000863166.1_genomic,35
GCA_007588255.1_PDT000458208.1_genomic,35
GCA_010881525.1_PDT000626628.1_genomic,35
GCA_011444775.1_PDT000042250.4_genomic,35
GCA_018451005.1_PDT001044952.1_genomic,35
GCA_010770015.1_PDT000218389.2_genomic,35
GCA_007516665.1_PDT000466278.1_genomic,35
GCA_015281885.1_PDT000882644.1_genomic,35
GCA_010485155.1_PDT000660290.1_genomic,35
GCA_008177045.1_PDT000570777.1_genomic,35
GCA_011549075.1_PDT000562913.1_genomic,35
GCA_008198665.1_PDT000575180.1_genomic,35
GCA_007599955.1_PDT000472874.1_genomic,35
GCA_007527035.1_PDT000476416.1_genomic,35
GCA_011298215.1_PDT000677330.1_genomic,35
GCA_010469525.1_PDT000200622.2_genomic,35
GCA_015154435.1_PDT000853629.1_genomic,35
GCA_015839135.1_PDT000905463.1_genomic,35
GCA_014477015.1_PDT000829558.1_genomic,35
GCA_006738845.1_PDT000367862.1_genomic,35
GCA_010459225.1_PDT000053272.2_genomic,35
GCA_019489885.1_PDT001105688.1_genomic,35
GCA_010691685.1_PDT000059129.2_genomic,35
GCA_006863025.1_PDT000001291.3_genomic,35
GCA_005677995.1_PDT000187248.2_genomic,35
GCA_010762615.1_PDT000138871.2_genomic,35
GCA_010684485.1_PDT000176505.2_genomic,35
GCA_006702165.1_PDT000319620.1_genomic,35
GCA_010694405.1_PDT000042277.4_genomic,35
GCA_007472715.1_PDT000053847.2_genomic,35
GCA_004185595.1_PDT000336428.1_genomic,35
GCA_014743675.1_PDT000845050.1_genomic,35
GCA_006101535.1_PDT000153162.2_genomic,35
GCA_005852985.1_PDT000489324.1_genomic,35
GCA_018011455.1_PDT001006447.1_genomic,35
GCA_010685705.1_PDT000192883.2_genomic,35
GCA_010125225.1_PDT000241581.2_genomic,35
GCA_006044085.1_PDT000185734.2_genomic,35
GCA_020407845.1_PDT001148351.1_genomic,35
GCA_010752395.1_PDT000183106.2_genomic,35
GCA_019233225.1_PDT001088558.1_genomic,35
GCA_010623785.1_PDT000234853.2_genomic,35
GCA_007064145.1_PDT000241613.2_genomic,35
GCA_017141345.1_PDT000947689.1_genomic,35
GCA_010122905.1_PDT000044652.2_genomic,35
GCF_030520425.1_ASM3052042v1_genomic,35
GCA_002045175.1_ASM204517v1_genomic,35
GCA_008149685.1_PDT000571419.1_genomic,35
GCA_006101975.1_PDT000162664.2_genomic,35
GCA_017126835.1_PDT000949324.1_genomic,35
GCA_020690825.1_PDT001165587.1_genomic,35
GCA_006708385.1_PDT000328582.1_genomic,35
GCA_007551035.1_PDT000137170.3_genomic,35
GCA_005446145.1_PDT000385200.1_genomic,35
GCA_013668375.1_PDT000770606.1_genomic,35
GCA_008517625.1_PDT000121209.2_genomic,35
GCA_006407255.1_PDT000519739.1_genomic,35
GCA_007309435.1_PDT000383043.1_genomic,35
GCA_010534415.1_PDT000650867.1_genomic,35
GCA_008434535.1_PDT000188992.2_genomic,35
GCA_006895745.1_PDT000110841.2_genomic,35
GCA_005441035.1_PDT000356946.1_genomic,35
GCA_008840975.1_PDT000600491.1_genomic,35
GCA_005796805.1_PDT000403622.1_genomic,35
GCA_005560415.1_PDT000412426.1_genomic,35
GCA_006012505.1_PDT000039984.2_genomic,35
GCA_009341575.1_PDT000616632.1_genomic,35
GCA_005611155.1_PDT000356669.1_genomic,35
GCA_018142175.1_PDT001014271.1_genomic,35
GCA_006705945.1_PDT000322237.1_genomic,35
GCA_006111715.1_PDT000209153.2_genomic,35
GCA_019277595.1_PDT001090665.1_genomic,35
GCA_007226035.1_PDT000335132.1_genomic,35
GCA_005699095.1_PDT000403300.1_genomic,35
GCA_007458735.1_PDT000540181.1_genomic,35
GCA_017138075.1_PDT000947970.1_genomic,35
GCA_005559495.1_PDT000409691.1_genomic,35
GCA_016451805.1_PDT000926256.1_genomic,35
GCA_002046535.1_ASM204653v1_genomic,35
GCA_008528815.1_PDT000212344.2_genomic,35
GCA_008489545.1_PDT000247613.2_genomic,35
GCA_007529685.1_PDT000477146.1_genomic,35
GCA_002265925.1_ASM226592v1_genomic,35
GCA_006419235.1_PDT000520494.1_genomic,35
GCA_012656895.1_PDT000722584.1_genomic,35
GCA_007805275.1_PDT000540123.1_genomic,35
GCA_016607245.1_PDT000930122.1_genomic,35
GCA_011346865.1_PDT000678278.1_genomic,35
GCA_005632695.1_PDT000487640.1_genomic,35
GCA_005910725.1_PDT000501104.1_genomic,35
GCA_007005475.1_PDT000333513.1_genomic,35
GCA_006644605.1_PDT000328533.1_genomic,35
GCA_007085285.1_PDT000257925.2_genomic,35
GCA_009854205.1_CRJJGF_00091_v1.0_genomic,35
GCA_002045805.1_ASM204580v1_genomic,35
GCA_007612775.1_PDT000482790.1_genomic,35
GCA_017275295.1_PDT000842407.1_genomic,35
GCA_006581045.1_PDT000324377.1_genomic,35
GCA_006056035.1_PDT000212845.2_genomic,35
GCA_011182895.1_PDT000565668.1_genomic,35
GCA_010058355.1_PDT000133740.2_genomic,35
GCA_006658045.1_PDT000350201.1_genomic,35
GCA_007659205.1_PDT000464348.1_genomic,35
GCA_005591195.1_PDT000480504.1_genomic,35
GCA_004262565.1_PDT000043126.4_genomic,35
GCA_014760425.1_PDT000725440.1_genomic,35
GCA_010643985.1_PDT000052918.2_genomic,35
GCA_010769555.1_PDT000218581.2_genomic,35
GCA_007337295.1_PDT000395764.1_genomic,35
GCA_006581225.1_PDT000324401.1_genomic,35
GCA_006198225.1_PDT000288453.2_genomic,35
GCA_010552605.1_PDT000208253.2_genomic,35
GCA_005805705.1_PDT000408554.1_genomic,35
GCA_016448405.1_PDT000926199.1_genomic,35
GCA_006012385.1_PDT000039910.2_genomic,35
GCA_004218325.1_PDT000063404.2_genomic,35
GCA_008599965.1_PDT000588100.1_genomic,35
GCA_013646735.1_PDT000772949.1_genomic,35
GCA_006554605.1_PDT000217145.2_genomic,35
GCA_006819085.1_PDT000324335.1_genomic,35
GCA_007877165.1_PDT000551439.1_genomic,35
GCA_011593225.1_PDT000631418.1_genomic,35
GCA_010715195.1_PDT000098638.2_genomic,35
GCA_008814255.1_PDT000598110.1_genomic,35
GCA_005933115.1_PDT000037523.2_genomic,35
GCA_017015635.1_PDT000961512.1_genomic,35
GCA_010431385.1_PDT000217227.2_genomic,35
GCA_006005005.1_PDT000509328.1_genomic,35
GCA_011402015.1_PDT000646951.1_genomic,35
GCA_010793295.1_PDT000289541.2_genomic,35
GCA_017922135.1_PDT001004338.1_genomic,35
GCA_008742235.1_PDT000099596.2_genomic,35
GCA_018258115.1_PDT001018159.1_genomic,35
GCA_007802675.1_PDT000539189.1_genomic,35
GCA_016449865.1_PDT000926143.1_genomic,35
GCA_016448765.1_PDT000926182.1_genomic,35
GCA_010834325.1_PDT000642915.1_genomic,35
GCA_006769145.1_PDT000336022.1_genomic,35
GCA_016448445.1_PDT000926168.1_genomic,35
GCA_011228415.1_PDT000677257.1_genomic,35
GCA_007835415.1_PDT000125059.2_genomic,35
GCA_006084395.1_PDT000034280.2_genomic,35
GCA_015445345.1_PDT000888486.1_genomic,35
GCA_007350595.1_PDT000406868.1_genomic,35
GCA_006828905.1_PDT000360221.1_genomic,35
GCA_014246375.1_PDT000814949.1_genomic,35
GCA_019905685.1_PDT001125584.1_genomic,35
GCA_005697635.1_PDT000394488.1_genomic,35
GCA_005913405.1_PDT000503063.1_genomic,35
GCA_008429825.1_PDT000181078.2_genomic,35
GCA_005489725.1_PDT000466189.1_genomic,35
GCA_014566815.1_PDT000729114.1_genomic,35
GCA_011631195.1_PDT000564060.1_genomic,35
GCA_011583225.1_PDT000631641.1_genomic,35
GCA_008878905.1_PDT000122753.2_genomic,35
GCA_014907225.1_PDT000861474.1_genomic,35
GCA_011648555.1_PDT000688272.1_genomic,35
GCA_010755755.1_PDT000167807.2_genomic,35
GCA_005760195.1_PDT000333061.1_genomic,35
GCA_005846745.1_PDT000482067.1_genomic,35
GCA_018124625.1_PDT001010829.1_genomic,35
GCA_005813685.1_PDT000297419.3_genomic,35
GCA_011790125.1_PDT000684737.1_genomic,35
GCA_007417985.1_PDT000457627.1_genomic,35
GCA_019069785.1_PDT001079187.1_genomic,35
GCA_011755215.1_PDT000714249.1_genomic,35
GCA_011406515.1_PDT000660608.1_genomic,35
GCA_007176115.1_PDT000330834.1_genomic,35
GCA_018703945.1_PDT001058137.1_genomic,35
GCA_015165635.1_PDT000872630.1_genomic,35
GCA_011177035.1_PDT000566252.1_genomic,35
GCA_017138235.1_PDT000947949.1_genomic,35
GCA_014682645.1_PDT000841444.1_genomic,35
GCA_010619805.1_PDT000285637.2_genomic,35
GCA_006012185.1_PDT000040977.2_genomic,35
GCA_006477165.1_PDT000525526.1_genomic,35
GCA_007781305.1_PDT000464965.1_genomic,35
GCA_017058895.1_PDT000952215.1_genomic,35
GCA_010391645.1_PDT000057017.2_genomic,35
GCA_005654995.1_PDT000451281.1_genomic,35
GCA_007086145.1_PDT000257674.3_genomic,35
GCA_010663385.1_PDT000057108.2_genomic,35
GCA_006772065.1_PDT000344616.1_genomic,35
GCA_006718865.1_PDT000350219.1_genomic,35
GCA_006307725.1_PDT000271503.2_genomic,35
GCA_019225365.1_PDT001089742.1_genomic,35
GCA_010479135.1_PDT000649595.1_genomic,35
GCA_006098535.1_PDT000134786.2_genomic,35
GCA_014906325.1_PDT000861469.1_genomic,35
GCA_006834405.1_PDT000375132.1_genomic,35
GCA_020133035.1_PDT001134729.1_genomic,35
GCA_003783585.1_PDT000400599.1_genomic,35
GCA_011645335.1_PDT000687257.1_genomic,35
GCA_007535695.1_PDT000490587.1_genomic,35
GCA_006853005.1_PDT000040842.2_genomic,35
GCA_006191525.1_PDT000281099.2_genomic,35
GCA_010834725.1_PDT000642754.1_genomic,35
GCA_014907285.1_PDT000861473.1_genomic,35
GCA_015228195.1_PDT000878444.1_genomic,35
GCA_005452165.1_PDT000390594.1_genomic,35
GCA_008367815.1_PDT000582558.1_genomic,35
GCA_011812595.1_PDT000684691.1_genomic,35
GCA_007628655.1_PDT000040937.5_genomic,35
GCA_018800705.1_PDT001064088.1_genomic,35
GCA_006302075.1_PDT000253003.2_genomic,35
GCA_014234905.1_PDT000814199.1_genomic,35
GCA_014538045.1_PDT000836042.1_genomic,35
GCA_007863905.1_PDT000550564.1_genomic,35
GCA_018938295.1_PDT001069841.1_genomic,35
GCA_007746635.1_PDT000042312.4_genomic,35
GCA_004193075.1_PDT000042295.4_genomic,35
GCA_006579305.1_PDT000322245.1_genomic,35
GCA_020135615.1_PDT001134576.1_genomic,35
GCA_007498445.1_PDT000330132.1_genomic,35
GCA_020965215.1_PDT001183643.1_genomic,35
GCA_015155355.1_PDT000853604.1_genomic,35
GCA_010753875.1_PDT000189021.2_genomic,35
GCA_009226285.1_PDT000610340.1_genomic,35
GCA_020911165.1_PDT001180033.1_genomic,35
GCA_002046805.1_ASM204680v1_genomic,35
GCA_017072015.1_PDT000951238.1_genomic,35
GCA_007304695.1_PDT000382414.1_genomic,35
GCA_020953575.1_PDT001175670.1_genomic,35
GCA_009853705.1_CRJJGF_00067_v1.0_genomic,35
GCA_010895035.1_PDT000634738.1_genomic,35
GCA_008678255.1_PDT000590333.1_genomic,35
GCA_011121885.1_PDT000263999.2_genomic,35
GCA_014907525.1_PDT000861448.1_genomic,35
GCA_019139935.1_PDT001082768.1_genomic,35
GCA_006941095.1_PDT000176538.2_genomic,35
GCA_017953695.1_PDT001005619.1_genomic,35
GCA_010407325.1_PDT000660626.1_genomic,35
GCA_020917245.1_PDT001177782.1_genomic,35
GCA_014758285.1_PDT000133579.2_genomic,35
GCA_006290195.1_PDT000313946.2_genomic,35
GCA_002048035.1_ASM204803v1_genomic,35
GCA_014907085.1_PDT000861483.1_genomic,35
GCA_014564635.1_PDT000730345.1_genomic,35
GCA_020761695.1_PDT001168602.1_genomic,35
GCA_019849245.1_PDT001121177.1_genomic,35
GCA_011511565.1_PDT000708057.1_genomic,35
GCA_002065435.1_ASM206543v1_genomic,35
GCA_011545515.1_PDT000628538.1_genomic,35
GCA_006735365.1_PDT000366567.1_genomic,35
GCA_014758085.1_PDT000063380.2_genomic,35
GCA_006742545.1_PDT000375116.1_genomic,35
GCA_016627705.1_PDT000931578.1_genomic,35
GCA_017126455.1_PDT000949329.1_genomic,35
GCA_006705125.1_PDT000323433.1_genomic,35
GCA_005801845.1_PDT000405211.1_genomic,35
GCA_006320945.1_PDT000305253.2_genomic,35
GCA_010000965.1_PDT000181390.2_genomic,35
GCA_007338475.1_PDT000396260.1_genomic,35
GCA_014908425.1_PDT000861391.1_genomic,35
GCA_011128765.1_PDT000272558.2_genomic,35
GCA_009582505.1_PDT000623082.1_genomic,35
GCA_006168305.1_PDT000253042.2_genomic,35
GCA_014629475.1_PDT000838665.1_genomic,35
GCA_011199915.1_PDT000664478.1_genomic,35
GCA_010701715.1_PDT000000349.4_genomic,35
GCA_014505085.1_PDT000831081.1_genomic,35
GCA_015155395.1_PDT000853607.1_genomic,35
GCA_014298655.1_PDT000820865.1_genomic,35
GCA_010711015.1_PDT000056065.2_genomic,35
GCA_009232105.1_PDT000611585.1_genomic,35
GCA_010827605.1_PDT000649352.1_genomic,35
GCF_002045175.1_ASM204517v1_genomic,35
GCA_010004405.1_PDT000299877.2_genomic,35
GCA_019592805.1_PDT001108540.1_genomic,35
GCA_013542195.1_PDT000783709.1_genomic,35
GCA_017090685.1_PDT000950241.1_genomic,35
GCA_005613715.1_PDT000381260.1_genomic,35
GCA_007149785.1_PDT000322884.1_genomic,35
GCA_017141305.1_PDT000947695.1_genomic,35
GCA_018621855.1_PDT001057131.1_genomic,35
GCA_010476265.1_PDT000643769.1_genomic,35
GCA_006569245.1_PDT000161238.2_genomic,35
GCA_011669705.1_PDT000690615.1_genomic,35
GCA_006133035.1_PDT000232918.2_genomic,35
GCA_010573605.1_PDT000207048.2_genomic,35
GCA_002049335.1_ASM204933v1_genomic,35
GCA_007593765.1_PDT000464831.1_genomic,35
GCA_005905825.1_PDT000500805.1_genomic,35
GCA_020233085.1_PDT001143470.1_genomic,35
GCA_006580545.1_PDT000324409.1_genomic,35
GCA_011081565.1_PDT000031749.3_genomic,35
GCA_008858445.1_PDT000599679.1_genomic,35
GCA_011221495.1_PDT000673900.1_genomic,35
GCA_006841945.1_PDT000322290.1_genomic,35
GCA_005691555.1_PDT000388504.1_genomic,35
GCA_009522195.1_PDT000267419.3_genomic,35
GCA_006164945.1_PDT000244157.2_genomic,35
GCA_007799535.1_PDT000537081.1_genomic,35
GCA_010693925.1_PDT000044752.3_genomic,35
GCA_008398355.1_PDT000585131.1_genomic,35
GCA_020520935.1_PDT001154204.1_genomic,35
GCA_014742495.1_PDT000844798.1_genomic,35
GCA_014166015.1_PDT000807599.1_genomic,35
GCA_010675385.1_PDT000042296.4_genomic,35
GCA_010406405.1_PDT000042300.4_genomic,35
GCA_010122945.1_PDT000044653.2_genomic,35
GCA_014030355.1_PDT000799961.1_genomic,35
GCA_019106305.1_PDT001081520.1_genomic,35
GCA_008858025.1_PDT000599354.1_genomic,35
GCA_011253475.1_PDT000679633.1_genomic,35
GCA_006554545.1_PDT000226856.2_genomic,35
GCA_005448505.1_PDT000386912.1_genomic,35
GCA_002045005.1_ASM204500v1_genomic,35
GCA_006643945.1_PDT000324398.1_genomic,35
GCA_016096235.1_PDT000913530.1_genomic,35
GCA_018352315.1_PDT001024274.1_genomic,35
GCA_018301905.1_PDT001021536.1_genomic,35
GCA_006561125.1_PDT000353387.1_genomic,35
GCA_017339875.1_PDT000983272.1_genomic,35
GCA_007225875.1_PDT000335184.1_genomic,35
GCA_006572725.1_PDT000219604.2_genomic,35
GCA_002045705.1_ASM204570v1_genomic,35
GCA_015532655.1_PDT000891236.1_genomic,35
GCA_010973035.1_PDT000077093.3_genomic,35
GCA_013770065.1_PDT000755757.1_genomic,35
GCA_005713795.1_PDT000416168.1_genomic,35
GCA_019252065.1_PDT001090176.1_genomic,35
GCA_006039215.1_PDT000162350.2_genomic,35
GCA_008425065.1_PDT000135141.2_genomic,35
GCA_007247595.1_PDT000339237.1_genomic,35
GCA_010451895.1_PDT000275950.2_genomic,35
GCA_006767945.1_PDT000337702.1_genomic,35
GCA_007748435.1_PDT000043187.5_genomic,35
GCA_006707445.1_PDT000324337.1_genomic,35
GCA_006548695.1_PDT000322289.1_genomic,35
GCA_006167445.1_PDT000250358.2_genomic,35
GCA_016733695.1_PDT000938575.1_genomic,35
GCA_011642095.1_PDT000688246.1_genomic,35
GCA_015922605.1_PDT000897798.1_genomic,35
GCA_006589125.1_PDT000333729.1_genomic,35
GCA_005535075.1_PDT000273416.2_genomic,35
GCA_007451785.1_PDT000537482.1_genomic,35
GCA_006032635.1_PDT000146242.2_genomic,35
GCA_005500485.1_PDT000482249.1_genomic,35
GCA_005674715.1_PDT000497127.1_genomic,35
GCA_010620705.1_PDT000231533.2_genomic,35
GCA_016451925.1_PDT000926273.1_genomic,35
GCA_020094895.1_PDT001136004.1_genomic,35
GCA_013650885.1_PDT000772047.1_genomic,35
GCA_013439215.1_PDT000793291.1_genomic,35
GCA_005438915.1_PDT000323814.1_genomic,35
GCA_010660625.1_PDT000044203.2_genomic,35
GCA_015155175.1_PDT000853647.1_genomic,35
GCA_005680375.1_PDT000336555.1_genomic,35
GCA_016451845.1_PDT000926275.1_genomic,35
GCA_010132995.1_PDT000158574.2_genomic,35
GCA_014357335.1_PDT000823956.1_genomic,35
GCA_010486315.1_PDT000270010.2_genomic,35
GCA_017248365.1_PDT000939096.1_genomic,35
GCA_010817005.1_PDT000649969.1_genomic,35
GCA_007765055.1_PDT000133578.2_genomic,35
GCA_007604045.1_PDT000475751.1_genomic,35
GCA_017605065.1_PDT000991459.1_genomic,35
GCA_011747665.1_PDT000710349.1_genomic,35
GCA_006963205.1_PDT000203267.2_genomic,35
GCA_005737115.1_PDT000480507.1_genomic,35
GCA_006765825.1_PDT000328522.1_genomic,35
GCA_011575685.1_PDT000634398.1_genomic,35
GCA_010870965.1_PDT000624821.1_genomic,35
GCA_018044785.1_PDT000853588.1_genomic,35
GCA_006578285.1_PDT000321436.1_genomic,35
GCA_005413355.1_PDT000359607.1_genomic,35
GCA_017177055.1_PDT000945960.1_genomic,35
GCA_011123675.1_PDT000230237.2_genomic,35
GCA_008999455.1_PDT000603832.1_genomic,35
GCA_010770395.1_PDT000220038.2_genomic,35
GCA_010606125.1_PDT000195807.2_genomic,35
GCA_006340745.1_PDT000518388.1_genomic,35
GCA_005633755.1_PDT000489396.1_genomic,35
GCA_016449665.1_PDT000926131.1_genomic,35
GCA_007054725.1_PDT000237492.2_genomic,35
GCA_015381565.1_PDT000887897.1_genomic,35
GCA_010566305.1_PDT000059917.2_genomic,35
GCA_017967115.1_PDT001005840.1_genomic,35
GCA_019392635.1_PDT001098112.1_genomic,35
GCA_007082785.1_PDT000257145.2_genomic,35
GCA_014940945.1_PDT000861765.1_genomic,35
GCA_007472635.1_PDT000042873.4_genomic,35
GCA_010135055.1_PDT000275425.2_genomic,35
GCA_020231775.1_PDT001143819.1_genomic,35
GCA_005491805.1_PDT000469176.1_genomic,35
GCA_007770285.1_PDT000330133.1_genomic,35
GCA_017534615.1_PDT000987083.1_genomic,35
GCA_007272595.1_PDT000345224.1_genomic,35
GCA_014906565.1_PDT000861476.1_genomic,35
GCA_018044745.1_PDT000853605.1_genomic,35
GCA_004270505.1_PDT000314138.2_genomic,35
GCA_015157895.1_PDT000853587.1_genomic,35
GCA_007434105.1_PDT000472787.1_genomic,35
GCA_007862785.1_PDT000550609.1_genomic,35
GCA_006641785.1_PDT000322295.1_genomic,35
GCA_010702505.1_PDT000001206.3_genomic,35
GCA_011770865.1_PDT000716775.1_genomic,35
GCA_010558525.1_PDT000133581.2_genomic,35
GCA_010846345.1_PDT000662162.1_genomic,35
GCA_007362195.1_PDT000412199.1_genomic,35
GCA_008476165.1_PDT000131703.2_genomic,35
GCA_020650375.1_PDT001162352.1_genomic,35
GCA_007663515.1_PDT000470621.1_genomic,35
GCA_011232075.1_PDT000677077.1_genomic,35
GCA_010484515.1_PDT000654018.1_genomic,35
GCA_011218415.1_PDT000669156.1_genomic,35
GCA_005735855.1_PDT000477549.1_genomic,35
GCA_019283475.1_PDT001092967.1_genomic,35
GCA_015132175.1_PDT000855032.1_genomic,35
GCA_014171075.1_PDT000807711.1_genomic,35
GCA_010390675.1_PDT000055838.2_genomic,35
GCA_006644665.1_PDT000328529.1_genomic,35
GCA_014909385.1_PDT000861315.1_genomic,35
GCA_006923215.1_PDT000162671.2_genomic,35
GCA_006062835.1_PDT000222824.2_genomic,35
GCA_011223775.1_PDT000674223.1_genomic,35
GCA_006406275.1_PDT000519681.1_genomic,35
GCA_010704225.1_PDT000051771.2_genomic,35
GCA_006420035.1_PDT000520551.1_genomic,35
GCA_019954435.1_PDT001126638.1_genomic,35
GCA_005905185.1_PDT000499787.1_genomic,35
GCA_010472065.1_PDT000230089.2_genomic,35
GCA_014907305.1_PDT000861472.1_genomic,35
GCA_019921545.1_PDT001126157.1_genomic,35
GCA_008433205.1_PDT000217173.2_genomic,35
GCA_014139305.1_PDT000806496.1_genomic,35
GCA_015155375.1_PDT000853603.1_genomic,35
GCA_020041225.1_PDT001132190.1_genomic,35
GCA_015155695.1_PDT000853589.1_genomic,35
GCA_015155615.1_PDT000853596.1_genomic,35
GCA_004225125.1_PDT000137179.2_genomic,35
GCA_010872105.1_PDT000623820.1_genomic,35
GCA_007479685.1_PDT000283321.2_genomic,35
GCA_005428655.1_PDT000478471.1_genomic,35
GCA_005538315.1_PDT000356666.1_genomic,35
GCA_010444975.1_PDT000212849.2_genomic,35
GCA_006559425.1_PDT000337710.1_genomic,35
GCA_011221975.1_PDT000674197.1_genomic,35
GCA_005817885.1_PDT000417409.1_genomic,35
GCA_010416885.1_PDT000232030.2_genomic,35
GCA_007024445.1_PDT000219815.2_genomic,35
GCA_021085345.1_PDT001197781.1_genomic,35
GCA_011325055.1_PDT000631329.1_genomic,35
GCA_007435665.1_PDT000472917.1_genomic,35
GCA_016022115.1_PDT000912487.1_genomic,35
GCA_016579645.1_PDT000125359.2_genomic,35
GCA_004255465.1_PDT000056416.2_genomic,35
GCA_019290675.1_PDT001092614.1_genomic,35
GCA_007358615.1_PDT000410368.1_genomic,35
GCA_007435425.1_PDT000472857.1_genomic,35
GCA_010682725.1_PDT000129607.2_genomic,35
GCA_017274075.1_PDT000842474.1_genomic,35
GCA_010491555.1_PDT000043290.5_genomic,35
GCA_020529045.1_PDT001156506.1_genomic,35
GCA_006503215.1_PDT000247960.2_genomic,35
GCA_010648865.1_PDT000218868.2_genomic,35
GCA_011399595.1_PDT000198170.2_genomic,35
GCA_015155855.1_PDT000853631.1_genomic,35
GCA_006911505.1_PDT000149251.2_genomic,35
GCA_014999145.1_PDT000866236.1_genomic,35
GCA_008840785.1_PDT000600488.1_genomic,35
GCA_019413385.1_PDT001099564.1_genomic,35
GCA_005411935.1_PDT000257324.3_genomic,35
GCA_002034675.1_ASM203467v1_genomic,35
GCA_005649255.1_PDT000429497.1_genomic,4
GCA_007492765.1_PDT000307579.2_genomic,4
GCA_001955215.1_ASM195521v1_genomic,4
GCA_007203375.1_PDT000311863.2_genomic,4
GCA_008527415.1_PDT000191959.2_genomic,4
GCA_013595335.1_PDT000789536.1_genomic,4
GCA_009124445.1_PDT000184242.2_genomic,4
GCA_015131795.1_PDT000855020.1_genomic,4
GCA_017026995.1_PDT000955092.1_genomic,4
GCA_018989565.1_PDT001074774.1_genomic,4
GCA_006798525.1_PDT000347202.1_genomic,4
GCA_011283405.1_PDT000673964.1_genomic,4
GCF_036349055.1_ASM3634905v1_genomic,4
GCA_005741455.1_PDT000480252.1_genomic,4
GCA_006284935.1_PDT000310929.2_genomic,4
GCA_021057745.1_PDT001195758.1_genomic,4
GCA_007658965.1_PDT000464305.1_genomic,4
GCA_009314695.1_PDT000150356.3_genomic,4
GCA_006532735.1_PDT000532505.1_genomic,4
GCF_002060335.1_ASM206033v1_genomic,4
GCA_014516595.1_PDT000833478.1_genomic,4
GCA_008884965.1_PDT000599283.1_genomic,4
GCA_013652835.1_PDT000771933.1_genomic,4
GCA_006340115.1_PDT000518352.1_genomic,4
GCA_014213575.1_PDT000810275.2_genomic,4
GCA_020188515.1_PDT001140339.1_genomic,4
GCA_009169125.1_PDT000198094.2_genomic,4
GCA_017800355.1_PDT000999422.1_genomic,4
GCA_014972565.1_PDT000864212.1_genomic,4
GCA_007192255.1_PDT000103277.2_genomic,4
GCA_009333875.1_PDT000221482.2_genomic,4
GCA_009282565.1_PDT000212678.2_genomic,4
GCA_015884705.1_PDT000899459.1_genomic,4
GCA_013248205.1_ASM1324820v1_genomic,4
GCA_007315895.1_PDT000380476.1_genomic,4
GCA_013264485.1_ASM1326448v1_genomic,4
GCA_011415455.1_PDT000187095.2_genomic,4
GCA_007374785.1_PDT000417410.1_genomic,4
GCA_006498615.1_PDT000161201.2_genomic,4
GCA_009147365.1_PDT000608011.1_genomic,4
GCA_007675705.1_PDT000475606.1_genomic,4
GCA_017907255.1_PDT001002747.1_genomic,4
GCA_016911155.1_ASM1691115v1_genomic,4
GCA_007226975.1_PDT000123235.2_genomic,4
GCA_011781585.1_PDT000684426.1_genomic,4
GCA_017802615.1_PDT000998584.1_genomic,4
GCA_016129765.1_PDT000918908.1_genomic,4
GCA_020409385.1_PDT001147975.1_genomic,4
GCA_006735805.1_PDT000366678.1_genomic,4
GCA_006602265.1_PDT000353475.1_genomic,4
GCA_007182235.1_PDT000052877.2_genomic,4
GCA_020956115.1_PDT001175510.1_genomic,4
GCA_016244135.1_PDT000920300.1_genomic,4
GCA_013670875.1_PDT000770463.1_genomic,4
GCA_008893965.1_PDT000600361.1_genomic,4
GCA_007697185.1_PDT000544370.1_genomic,4
GCA_020362425.1_PDT001145891.1_genomic,4
GCA_021067705.1_PDT001197064.1_genomic,4
GCA_020961175.1_PDT001183370.1_genomic,4
GCA_016422655.1_ASM1642265v1_genomic,4
GCA_016379745.1_PDT000344750.1_genomic,4
GCA_008846445.1_PDT000105243.2_genomic,4
GCA_013516155.1_PDT000785853.1_genomic,4
GCA_006165105.1_ASM616510v1_genomic,4
GCA_017827135.1_PDT000999989.1_genomic,4
GCA_008365655.1_PDT000058717.2_genomic,4
GCA_007612895.1_PDT000484732.1_genomic,4
GCA_005509585.1_PDT000489486.1_genomic,4
GCA_008068315.1_PDT000039662.3_genomic,4
GCA_013781485.1_PDT000797376.1_genomic,4
GCA_008618655.1_PDT000081377.2_genomic,4
GCA_011612225.1_PDT000287073.2_genomic,4
GCA_013240245.1_ASM1324024v1_genomic,4
GCA_005910965.1_PDT000501138.1_genomic,4
GCA_013220575.1_ASM1322057v1_genomic,4
GCA_009469925.1_PDT000234355.2_genomic,4
GCA_011651445.1_PDT000690631.1_genomic,4
GCA_007438045.1_PDT000474023.1_genomic,4
GCA_007758955.1_PDT000102047.3_genomic,4
GCA_011643785.1_PDT000687186.1_genomic,4
GCA_010178345.1_PDT000281884.2_genomic,4
GCA_006760325.1_PDT000235155.2_genomic,4
GCA_007433865.1_PDT000471335.1_genomic,4
GCA_013212515.1_ASM1321251v1_genomic,4
GCA_006315605.1_PDT000289759.2_genomic,4
GCA_009589965.1_PDT000272595.2_genomic,4
GCA_006253375.1_PDT000266885.2_genomic,4
GCA_016353185.1_PDT000310724.2_genomic,4
GCA_007285695.1_PDT000351166.1_genomic,4
GCA_009297125.1_PDT000214637.2_genomic,4
GCA_008197625.1_PDT000575087.1_genomic,4
GCA_006624285.1_PDT000372406.1_genomic,4
GCA_008953825.1_PDT000602543.1_genomic,4
GCA_014166135.1_PDT000807586.1_genomic,4
GCA_010183285.1_PDT000311711.2_genomic,4
GCA_020919135.1_PDT001177691.1_genomic,4
GCA_003876525.1_PDT000243917.2_genomic,4
GCA_006216705.1_PDT000517485.1_genomic,4
GCA_010382585.1_PDT000198272.2_genomic,4
GCA_011746505.1_PDT000713144.1_genomic,4
GCA_020568185.1_PDT001157670.3_genomic,4
GCA_007768525.1_PDT000324726.1_genomic,4
GCA_016299625.1_PDT000394503.1_genomic,4
GCA_017221955.1_PDT000940939.1_genomic,4
GCA_014278255.1_PDT000817501.1_genomic,4
GCA_011133075.1_PDT000297554.2_genomic,4
GCA_006132735.1_PDT000232574.2_genomic,4
GCA_007348615.1_PDT000404858.1_genomic,4
GCA_016362325.1_PDT000232758.2_genomic,4
GCA_016300465.1_PDT000391422.1_genomic,4
GCA_006975305.1_PDT000327647.1_genomic,4
GCA_008743935.1_PDT000099855.2_genomic,4
GCA_009030485.1_PDT000163486.2_genomic,4
GCA_019043825.1_PDT001078120.1_genomic,4
GCA_016104745.1_PDT000914178.1_genomic,4
GCA_008938235.1_PDT000143203.2_genomic,4
GCA_001588535.1_CFSAN033875_01.0_genomic,4
GCA_006673305.1_PDT000366530.1_genomic,4
GCA_014524895.1_PDT000834307.1_genomic,4
GCA_008225285.1_PDT000559938.1_genomic,4
GCA_008285375.1_PDT000575621.1_genomic,4
GCA_005664955.1_PDT000478910.1_genomic,4
GCA_007749835.1_PDT000056931.2_genomic,4
GCA_010582185.1_PDT000277406.3_genomic,4
GCA_021037085.1_PDT001188100.1_genomic,4
GCA_010503655.1_PDT000119876.2_genomic,4
GCA_005665255.1_PDT000480150.1_genomic,4
GCA_006529515.1_PDT000532205.1_genomic,4
GCA_004219965.1_PDT000395956.1_genomic,4
GCA_014348115.1_PDT000826815.1_genomic,4
GCA_006640375.1_PDT000317470.1_genomic,4
GCA_008406925.1_PDT000085865.3_genomic,4
GCA_007738615.1_PDT000549068.1_genomic,4
GCA_005984905.1_PDT000183406.2_genomic,4
GCA_017370695.1_PDT000984206.1_genomic,4
GCA_010578605.1_PDT000277428.2_genomic,4
GCF_024364985.1_ASM2436498v1_genomic,4
GCA_016257085.1_PDT000549374.1_genomic,4
GCA_005438095.1_PDT000253076.2_genomic,4
GCA_005826645.1_PDT000443463.1_genomic,4
GCA_006938325.1_PDT000157557.2_genomic,4
GCA_010638965.1_PDT000002576.3_genomic,4
GCA_002037245.1_ASM203724v1_genomic,4
GCA_006249035.1_PDT000258180.2_genomic,4
GCA_020917495.1_PDT001177774.1_genomic,4
GCA_007189615.1_PDT000100850.2_genomic,4
GCF_022604225.1_ASM2260422v1_genomic,4
GCA_020226895.1_PDT001142380.1_genomic,4
GCA_005695015.1_PDT000392774.1_genomic,4
GCA_010690625.1_PDT000179853.2_genomic,4
GCA_016424465.1_ASM1642446v1_genomic,4
GCA_017585725.1_PDT000990315.1_genomic,4
GCA_007772725.1_PDT000334979.1_genomic,4
GCA_007333195.1_PDT000393770.1_genomic,4
GCA_006221095.1_PDT000494774.1_genomic,4
GCA_020912045.1_PDT001182065.1_genomic,4
GCA_013248415.1_ASM1324841v1_genomic,4
GCA_003778485.1_PDT000400773.1_genomic,4
GCA_015165675.1_PDT000872729.1_genomic,4
GCA_007764715.1_PDT000226334.2_genomic,4
GCA_018255055.1_PDT001017996.1_genomic,4
GCA_004244345.1_PDT000379395.1_genomic,4
GCA_010455785.1_PDT000281859.2_genomic,4
GCA_010959865.1_PDT000053566.2_genomic,4
GCA_010229795.1_PDT000445594.1_genomic,4
GCA_007407425.1_PDT000453927.1_genomic,4
GCA_007762015.1_PDT000114508.3_genomic,4
GCA_004265905.1_PDT000413176.1_genomic,4
GCA_010611285.1_PDT000277451.2_genomic,4
GCA_020326995.1_PDT001145249.1_genomic,4
GCA_007635515.1_PDT000292784.2_genomic,4
GCA_009588305.2_ASM958830v2_genomic,4
GCA_011123925.1_PDT000234874.2_genomic,4
GCA_020070005.1_PDT001133933.1_genomic,4
GCA_008872665.1_PDT000120475.2_genomic,4
GCA_007025945.1_PDT000222385.2_genomic,4
GCA_016701975.1_PDT000938227.1_genomic,4
GCA_013159225.1_PDT000744415.1_genomic,4
GCA_014501105.1_PDT000831776.1_genomic,4
GCA_008886625.1_PDT000599287.1_genomic,4
GCA_016407475.1_ASM1640747v1_genomic,4
GCA_009280165.1_PDT000195275.2_genomic,4
GCA_016360705.1_PDT000248240.2_genomic,4
GCA_011395655.1_PDT000246166.2_genomic,4
GCA_009210725.1_PDT000205926.2_genomic,4
GCA_007589275.1_PDT000458609.1_genomic,4
GCA_004360705.1_ASM436070v1_genomic,4
GCA_013243435.1_ASM1324343v1_genomic,4
GCA_008764755.1_PDT000100755.2_genomic,4
GCA_006327665.1_PDT000310949.2_genomic,4
GCA_007597875.1_PDT000470641.1_genomic,4
GCA_016363565.1_PDT000231809.2_genomic,4
GCA_010907715.1_PDT000043078.4_genomic,4
GCA_009224225.1_PDT000610166.1_genomic,4
GCA_011415315.1_PDT000211185.2_genomic,4
GCA_017658635.1_PDT000993012.1_genomic,4
GCA_006634085.1_PDT000072611.3_genomic,4
GCA_008618465.1_PDT000081360.2_genomic,4
GCA_001240635.1_Salmonella_enterica_CVM_N43480_v1.0_genomic,4
GCA_008038665.1_PDT000558414.1_genomic,4
GCA_014173635.1_PDT000807738.1_genomic,4
GCA_010189925.1_PDT000435987.1_genomic,4
GCA_009510295.1_PDT000246212.2_genomic,4
GCA_008916045.1_PDT000146647.2_genomic,4
GCA_000389055.1_46.E.09_genomic,4
GCA_013584835.1_PDT000789003.1_genomic,4
GCA_017232415.1_PDT000940404.1_genomic,4
GCA_005765035.1_PDT000382061.1_genomic,4
GCA_007503005.1_PDT000452928.1_genomic,4
GCA_010289505.1_PDT000595915.1_genomic,4
GCA_010549245.1_PDT000143240.2_genomic,4
GCA_002052105.1_ASM205210v1_genomic,4
GCA_005612955.1_PDT000380790.1_genomic,4
GCA_009087265.1_PDT000607856.1_genomic,4
GCF_041371335.1_ASM4137133v1_genomic,4
GCA_006983285.1_PDT000344258.1_genomic,4
GCA_005711695.1_PDT000430358.1_genomic,4
GCA_013870475.1_PDT000798351.1_genomic,4
GCA_012216345.1_PDT000720824.1_genomic,4
GCA_007244975.1_PDT000339252.1_genomic,4
GCA_011549015.1_PDT000635959.1_genomic,4
GCA_004235765.1_PDT000409125.1_genomic,4
GCA_007703705.1_PDT000546214.1_genomic,4
GCA_019996725.1_PDT001129589.1_genomic,4
GCA_013241465.1_ASM1324146v1_genomic,4
GCA_020617075.1_PDT001161433.1_genomic,4
GCA_008888305.1_PDT000599659.1_genomic,4
GCA_005669055.1_PDT000487162.1_genomic,4
GCA_015071905.1_PDT000870448.1_genomic,4
GCA_010395425.1_PDT000103253.2_genomic,4
GCF_002051275.1_ASM205127v1_genomic,4
GCA_013719005.1_PDT000764682.1_genomic,4
GCA_016422765.1_ASM1642276v1_genomic,4
GCA_006580165.1_PDT000323463.1_genomic,4
GCA_013576215.1_PDT000781278.1_genomic,4
GCA_019744275.1_PDT001116241.1_genomic,4
GCA_004178185.1_PDT000329638.1_genomic,4
GCA_019590065.1_PDT001108759.1_genomic,4
GCA_009442175.1_PDT000620494.1_genomic,4
GCA_009443035.1_PDT000620588.1_genomic,4
GCA_010211445.1_PDT000443834.1_genomic,4
GCA_017810925.1_PDT001000450.1_genomic,4
GCA_006925355.1_PDT000176472.2_genomic,4
GCA_005740975.1_PDT000480118.1_genomic,4
GCA_015238195.1_PDT000878586.1_genomic,4
GCA_013210065.1_ASM1321006v1_genomic,4
GCA_017576325.1_PDT000989865.1_genomic,4
GCA_008456765.1_PDT000359491.1_genomic,4
GCA_009042045.1_PDT000184620.2_genomic,4
GCA_021057985.1_PDT001195856.1_genomic,4
GCA_011414705.1_PDT000160717.2_genomic,4
GCA_010434655.1_PDT000647985.1_genomic,4
GCA_011116835.1_PDT000206020.2_genomic,4
GCA_006962525.1_PDT000206719.2_genomic,4
GCA_007578805.1_PDT000330805.1_genomic,4
GCA_007260005.1_PDT000341941.1_genomic,4
GCA_016353645.1_PDT000307789.2_genomic,4
GCA_019005765.1_PDT001076032.1_genomic,4
GCA_017267515.1_PDT000842808.1_genomic,4
GCA_013612475.1_PDT000795523.1_genomic,4
GCA_014052285.1_PDT000801438.1_genomic,4
GCA_005415535.1_PDT000385973.1_genomic,4
GCA_013241825.1_ASM1324182v1_genomic,4
GCA_014811025.1_PDT000850621.1_genomic,4
GCA_016368225.1_PDT000257443.2_genomic,4
GCA_010197005.1_PDT000437575.1_genomic,4
GCA_014600855.1_PDT000836879.1_genomic,4
GCA_007068905.1_PDT000244627.2_genomic,4
GCA_005602775.1_PDT000496554.1_genomic,4
GCA_010664145.1_PDT000052064.2_genomic,4
GCA_010199445.1_PDT000437770.1_genomic,4
GCF_002057575.1_ASM205757v1_genomic,4
GCA_006586165.1_PDT000331960.1_genomic,4
GCA_004291725.1_ASM429172v1_genomic,4
GCA_016244695.1_PDT000920218.1_genomic,4
GCA_020978545.1_PDT001184655.1_genomic,4
GCA_017499845.1_PDT000988048.1_genomic,4
GCF_024241975.1_ASM2424197v1_genomic,4
GCA_009220325.1_PDT000211288.2_genomic,4
GCA_010866025.1_PDT000653546.1_genomic,4
GCA_007368785.1_PDT000414812.1_genomic,4
GCA_010949335.1_PDT000053595.2_genomic,4
GCA_007345735.1_PDT000402800.1_genomic,4
GCA_004266905.1_PDT000350656.1_genomic,4
GCA_006081015.1_PDT000510588.1_genomic,4
GCA_007287095.1_PDT000351637.1_genomic,4
GCA_007158805.1_PDT000326348.1_genomic,4
GCA_013682175.1_PDT000768431.1_genomic,4
GCA_008605225.1_PDT000588362.1_genomic,4
GCA_007403485.1_PDT000452748.1_genomic,4
GCA_007233705.1_PDT000336467.1_genomic,4
GCA_005654475.1_PDT000448922.1_genomic,4
GCA_008525895.1_PDT000172347.2_genomic,4
GCA_013230375.1_ASM1323037v1_genomic,4
GCA_011195955.1_PDT000668537.2_genomic,4
GCA_008110425.1_PDT000058502.2_genomic,4
GCA_008850705.1_PDT000120801.2_genomic,4
GCA_010188305.1_PDT000435861.1_genomic,4
GCA_016232905.1_PDT000919333.1_genomic,4
GCF_024437115.1_ASM2443711v1_genomic,4
GCA_005415755.1_PDT000387815.1_genomic,4
GCA_007404605.1_PDT000452747.1_genomic,4
GCA_008056635.1_PDT000055339.2_genomic,4
GCA_011240375.1_PDT000678556.1_genomic,4
GCA_008518715.1_PDT000121462.2_genomic,4
GCA_006216585.1_PDT000517489.1_genomic,4
GCA_014492155.1_ASM1449215v1_genomic,4
GCA_011798905.1_PDT000684261.1_genomic,4
GCA_005484705.1_PDT000455323.1_genomic,4
GCA_016270665.1_PDT000479373.1_genomic,4
GCA_004273065.1_PDT000342959.1_genomic,4
GCA_013269295.1_ASM1326929v1_genomic,4
GCA_011662915.1_PDT000307750.2_genomic,4
GCA_016245735.1_PDT000920327.1_genomic,4
GCF_024436715.1_ASM2443671v1_genomic,4
GCA_005655615.1_PDT000454062.1_genomic,4
GCA_019363295.1_ASM1936329v1_genomic,4
GCA_012282405.1_PDT000721324.1_genomic,4
GCA_007745975.1_PDT000041655.3_genomic,4
GCA_006927455.1_PDT000198050.2_genomic,4
GCA_019494625.1_PDT001103277.1_genomic,4
GCA_009111625.1_PDT000179154.2_genomic,4
GCA_020977425.1_PDT001184577.1_genomic,4
GCA_021050005.1_PDT001196085.1_genomic,4
GCA_019975515.1_PDT001129591.1_genomic,4
GCA_006326345.1_PDT000309301.2_genomic,4
GCA_001833345.1_ASM183334v1_genomic,4
GCA_013442615.1_PDT000793109.1_genomic,4
GCA_006468345.1_PDT000524357.1_genomic,4
GCA_001240625.1_Salmonella_enterica_CVM_N43479_v1.0_genomic,4
GCA_014955845.1_PDT000861556.1_genomic,4
GCA_010521675.1_PDT000641775.1_genomic,4
GCA_017861735.1_PDT000999348.1_genomic,4
GCA_014591515.1_PDT000724146.1_genomic,4
GCA_006504375.1_PDT000248081.2_genomic,4
GCA_010458145.1_PDT000643897.1_genomic,4
GCA_009642755.1_PDT000607266.1_genomic,4
GCA_010969655.1_PDT000662230.1_genomic,4
GCA_015155515.1_PDT000853623.1_genomic,4
GCA_006183185.1_PDT000273782.2_genomic,4
GCA_013575075.1_PDT000774702.1_genomic,4
GCA_016351405.1_PDT000922517.1_genomic,4
GCA_011242955.1_PDT000679229.1_genomic,4
GCA_007853995.1_PDT000549928.1_genomic,4
GCA_016222555.1_PDT000919394.1_genomic,4
GCA_010666385.1_PDT000054182.2_genomic,4
GCA_005918325.1_PDT000505038.1_genomic,4
GCA_010746375.1_PDT000654162.1_genomic,4
GCA_007559565.1_PDT000287026.2_genomic,4
GCA_011283125.1_PDT000673985.1_genomic,4
GCA_014945025.1_PDT000862668.1_genomic,4
GCA_014515745.1_PDT000174416.3_genomic,4
GCA_009129675.1_PDT000187563.2_genomic,4
GCA_015192225.1_PDT000852224.1_genomic,4
GCA_005449205.1_PDT000386889.1_genomic,4
GCA_005519285.1_ASM551928v1_genomic,4
GCA_008659795.1_PDT000589345.1_genomic,4
GCA_008504445.1_PDT000359506.1_genomic,4
GCA_008949045.1_PDT000149843.2_genomic,4
GCA_008921185.1_PDT000602219.1_genomic,4
GCA_015122435.1_PDT000855369.1_genomic,4
GCA_007062095.1_PDT000241278.2_genomic,4
GCF_041132255.1_ASM4113225v1_genomic,4
GCA_011176935.1_PDT000568498.1_genomic,4
GCA_005974625.1_PDT000153331.2_genomic,4
GCA_006900525.1_PDT000119786.3_genomic,4
GCA_016163465.1_PDT000797792.1_genomic,4
GCA_018718515.1_PDT001058558.1_genomic,4
GCA_007107565.1_PDT000274071.2_genomic,4
GCA_003898625.1_PDT000382084.1_genomic,4
GCA_013572575.1_PDT000781346.1_genomic,4
GCA_017142105.1_PDT000947656.1_genomic,4
GCA_009072585.1_PDT000173506.2_genomic,4
GCA_010195865.1_PDT000437586.1_genomic,4
GCA_006866865.1_PDT000051313.2_genomic,4
GCA_009296885.1_PDT000214625.2_genomic,4
GCA_003745625.1_PDT000397406.1_genomic,4
GCA_007579525.1_PDT000336450.1_genomic,4
GCA_007067805.1_PDT000244132.2_genomic,4
GCA_011201235.1_PDT000647063.1_genomic,4
GCA_013571875.1_PDT000781059.1_genomic,4
GCA_011294875.1_PDT000706144.1_genomic,4
GCA_004919265.1_ASM491926v1_genomic,4
GCA_007436285.1_PDT000472767.1_genomic,4
GCA_020270645.1_PDT001144580.1_genomic,4
GCA_003891715.1_PDT000379267.2_genomic,4
GCA_018915985.1_ASM1891598v1_genomic,4
GCA_007210275.1_PDT000332294.1_genomic,4
GCA_005543515.2_ASM554351v2_genomic,4
GCA_006110075.1_PDT000206810.2_genomic,4
GCA_015072325.1_PDT000870383.1_genomic,4
GCA_006271575.1_PDT000299756.2_genomic,4
GCA_006667085.1_PDT000360161.1_genomic,4
GCA_017817195.1_PDT001001113.1_genomic,4
GCA_019741295.1_PDT001115976.1_genomic,4
GCA_013228705.1_ASM1322870v1_genomic,4
GCA_007811455.1_PDT000542518.1_genomic,4
GCA_010243055.1_PDT000445884.1_genomic,4
GCA_008465665.1_PDT000584610.1_genomic,4
GCA_011281425.1_PDT000703145.1_genomic,4
GCA_008812355.1_PDT000597995.1_genomic,4
GCA_007894325.1_PDT000552713.1_genomic,4
GCA_010286685.1_PDT000594621.1_genomic,4
GCA_003909155.1_PDT000335038.1_genomic,4
GCA_008027175.1_PDT000040641.3_genomic,4
GCA_015026435.1_PDT000868898.1_genomic,4
GCA_008926545.1_PDT000139663.2_genomic,4
GCA_013260885.1_ASM1326088v1_genomic,4
GCA_005400565.1_PDT000385367.1_genomic,4
GCA_011780905.1_PDT000684573.1_genomic,4
GCA_008738995.1_PDT000099298.2_genomic,4
GCA_017833675.1_PDT000999469.1_genomic,4
GCA_007006075.1_PDT000335000.1_genomic,4
GCA_013538435.1_PDT000789860.1_genomic,4
GCA_009468305.1_PDT000233800.2_genomic,4
GCA_020998845.1_PDT001186846.1_genomic,4
GCA_013253235.1_ASM1325323v1_genomic,4
GCA_020068045.1_PDT001133794.1_genomic,4
GCA_009597605.1_PDT000622847.1_genomic,4
GCA_006280215.1_PDT000307699.2_genomic,4
GCA_016324245.1_PDT000167968.2_genomic,4
GCA_016254035.1_PDT000569646.1_genomic,4
GCA_015251055.1_PDT000880350.1_genomic,4
GCA_007282395.1_PDT000350155.1_genomic,4
GCA_009218285.1_PDT000207518.2_genomic,4
GCA_011128555.1_PDT000269151.2_genomic,4
GCA_020822715.1_PDT001172616.1_genomic,4
GCF_024242855.1_ASM2424285v1_genomic,4
GCA_017967655.1_PDT001005814.1_genomic,4
GCA_019224445.1_PDT001089791.1_genomic,4
GCA_013496675.1_PDT000784200.2_genomic,4
GCA_018943895.1_PDT001069489.1_genomic,4
GCA_007350535.1_PDT000406797.1_genomic,4
GCA_018467445.1_PDT001043694.1_genomic,4
GCA_010742415.1_PDT000655474.1_genomic,4
GCA_015884335.1_PDT000899292.1_genomic,4
GCA_006392775.1_PDT000312188.3_genomic,4
GCA_020961515.1_PDT001183274.1_genomic,4
GCA_019648835.1_PDT001109942.1_genomic,4
GCA_006044515.1_PDT000190830.2_genomic,4
GCA_007761435.1_PDT000114504.3_genomic,4
GCA_010503285.1_PDT000097417.2_genomic,4
GCA_007778505.1_PDT000386362.1_genomic,4
GCA_006106715.1_PDT000195201.2_genomic,4
GCA_010890655.1_PDT000624667.1_genomic,4
GCA_014264385.1_PDT000817418.1_genomic,4
GCA_010396445.1_PDT000103257.2_genomic,4
GCA_008431625.1_PDT000221190.2_genomic,4
GCA_008019295.1_PDT000043421.5_genomic,4
GCA_007210125.1_PDT000332224.1_genomic,4
GCA_020657055.1_PDT001163579.1_genomic,4
GCA_003548985.1_ASM354898v1_genomic,4
GCA_011195155.1_PDT000659052.1_genomic,4
GCA_008833425.1_PDT000120253.2_genomic,4
GCA_012004925.1_PDT000717120.1_genomic,4
GCA_003945945.1_ASM394594v1_genomic,4
GCA_008475545.1_PDT000125262.3_genomic,4
GCA_007172455.1_PDT000329496.1_genomic,4
GCA_018045475.1_PDT001007244.1_genomic,4
GCA_010255555.1_PDT000447870.1_genomic,4
GCA_021037265.1_PDT001188074.1_genomic,4
GCA_015650525.1_PDT000894910.1_genomic,4
GCA_006684845.1_PDT000479834.2_genomic,4
GCA_007601635.1_PDT000473648.1_genomic,4
GCA_007330675.1_PDT000391578.1_genomic,4
GCA_007856955.1_PDT000550102.1_genomic,4
GCA_008502685.1_PDT000350510.1_genomic,4
GCA_010123905.1_PDT000002926.4_genomic,4
GCA_006719025.1_PDT000351361.1_genomic,4
GCA_006760385.1_PDT000240159.2_genomic,4
GCA_018989785.1_PDT001074761.1_genomic,4
GCA_006772025.1_PDT000344152.1_genomic,4
GCA_019477305.1_PDT001104031.1_genomic,4
GCA_009509455.1_PDT000246087.2_genomic,4
GCA_007572825.1_PDT000310381.2_genomic,4
GCA_010230995.1_PDT000444179.1_genomic,4
GCA_007177815.1_PDT000047577.3_genomic,4
GCA_016376365.1_PDT000356074.1_genomic,4
GCA_005902385.1_PDT000455397.1_genomic,4
GCA_001475305.1_Salmonella_enterica_CVM_43805_v1.0_genomic,4
GCA_007062965.1_PDT000241347.2_genomic,4
GCA_010751235.1_PDT000177731.2_genomic,4
GCA_015096615.1_PDT000871596.1_genomic,4
GCA_007276535.1_PDT000349717.1_genomic,4
GCA_010592065.1_PDT000243426.2_genomic,4
GCA_006738525.1_PDT000368515.1_genomic,4
GCA_013210625.1_ASM1321062v1_genomic,4
GCA_013113495.1_PDT000734112.1_genomic,4
GCA_008785285.1_PDT000594753.1_genomic,4
GCA_006141095.1_PDT000244776.2_genomic,4
GCA_002063685.1_ASM206368v1_genomic,4
GCA_008679095.1_PDT000591277.1_genomic,4
GCA_011539355.1_PDT000311865.2_genomic,4
GCA_008601485.1_PDT000588134.1_genomic,4
GCA_007864885.1_PDT000550623.1_genomic,4
GCA_008482885.1_PDT000156497.2_genomic,4
GCA_007864945.1_PDT000550633.1_genomic,4
GCA_014127465.1_PDT000804392.1_genomic,4
GCA_014956645.1_PDT000861552.1_genomic,4
GCA_006407075.1_PDT000519675.1_genomic,4
GCA_007101605.1_PDT000266713.2_genomic,4
GCA_006828705.1_PDT000356589.1_genomic,4
GCA_008317815.1_PDT000580247.1_genomic,4
GCA_013538135.1_PDT000790135.1_genomic,4
GCA_006593485.1_PDT000340887.1_genomic,4
GCA_011401115.1_PDT000263580.2_genomic,4
GCA_006014015.1_PDT000047095.2_genomic,4
GCA_010553455.1_PDT000144161.2_genomic,4
GCA_005909765.1_PDT000504664.1_genomic,4
GCA_007500285.1_PDT000337509.1_genomic,4
GCA_019206045.1_PDT001088785.1_genomic,4
GCA_007507845.1_PDT000457533.1_genomic,4
GCF_047741755.1_ASM4774175v1_genomic,4
GCA_006693005.1_PDT000077475.3_genomic,4
GCA_008792025.1_PDT000101909.2_genomic,4
GCA_007334035.1_PDT000394173.1_genomic,4
GCF_020404175.1_ASM2040417v1_genomic,4
GCA_013563375.1_PDT000794581.1_genomic,4
GCA_007215175.1_PDT000333433.1_genomic,4
GCA_005456405.1_PDT000403958.1_genomic,4
GCA_009080045.1_PDT000187068.3_genomic,4
GCA_004189775.1_PDT000339127.1_genomic,4
GCA_010508455.1_PDT000198362.2_genomic,4
GCA_009399445.1_PDT000227642.2_genomic,4
GCA_010712595.1_PDT000059585.2_genomic,4
GCA_008487105.1_PDT000220926.2_genomic,4
GCA_010978795.1_PDT000629992.1_genomic,4
GCA_006280835.1_PDT000307464.2_genomic,4
GCA_007804575.1_PDT000540047.1_genomic,4
GCA_006761365.1_PDT000296742.2_genomic,4
GCA_013242715.1_ASM1324271v1_genomic,4
GCA_006204165.1_PDT000297272.2_genomic,4
GCA_006978095.1_PDT000330783.1_genomic,4
GCA_018535905.1_PDT001048263.1_genomic,4
GCA_007496605.1_PDT000315254.2_genomic,4
GCA_007823205.1_PDT000485781.1_genomic,4
GCA_020904455.1_PDT001179025.1_genomic,4
GCA_021056545.1_PDT001195841.1_genomic,4
GCA_008519485.1_PDT000066955.3_genomic,4
GCA_010197225.1_PDT000437731.1_genomic,4
GCA_008378905.1_PDT000583164.1_genomic,4
GCA_010207005.1_PDT000437777.1_genomic,4
GCA_017823015.1_PDT001000499.1_genomic,4
GCA_011351645.1_PDT000677864.1_genomic,4
GCA_006424695.1_PDT000521486.1_genomic,4
GCA_015097615.1_PDT000871536.1_genomic,4
GCA_009580845.1_PDT000269303.2_genomic,4
GCA_016573755.1_PDT000928855.1_genomic,4
GCA_001478155.1_Salmonella_enterica_CVM_N31414-SQ_v1.0_genomic,4
GCA_006168885.1_PDT000250957.2_genomic,4
GCA_006197865.1_PDT000288042.2_genomic,4
GCA_010198725.1_PDT000437706.1_genomic,4
GCA_016381645.1_PDT000336048.1_genomic,4
GCA_006726845.1_PDT000360505.1_genomic,4
GCA_011789025.1_PDT000684870.1_genomic,4
GCA_016275545.1_PDT000435978.1_genomic,4
GCA_013225955.1_ASM1322595v1_genomic,4
GCA_020394085.1_PDT001146504.1_genomic,4
GCA_015038835.1_PDT000868933.1_genomic,4
GCA_016407845.1_ASM1640784v1_genomic,4
GCA_009313595.1_PDT000143206.3_genomic,4
GCA_004263285.1_PDT000377555.1_genomic,4
GCA_016423615.1_ASM1642361v1_genomic,4
GCA_015871445.1_PDT000901703.1_genomic,4
GCA_013251075.1_ASM1325107v1_genomic,4
GCA_010593385.1_PDT000241123.2_genomic,4
GCA_006517075.1_ASM651707v1_genomic,4
GCA_011139015.1_PDT000295561.2_genomic,4
GCA_006717825.1_PDT000347814.1_genomic,4
GCA_020088305.1_PDT001134820.1_genomic,4
GCA_007773705.1_PDT000341333.1_genomic,4
GCA_020816375.1_PDT001171979.1_genomic,4
GCA_010124565.1_PDT000127671.2_genomic,4
GCA_013499015.1_PDT000785369.1_genomic,4
GCA_010470245.1_PDT000282433.2_genomic,4
GCA_010412695.1_PDT000281192.2_genomic,4
GCA_003934695.3_ASM393469v3_genomic,4
GCA_011735555.1_PDT000710065.1_genomic,4
GCA_010529715.1_PDT000231885.2_genomic,4
GCA_007658925.1_PDT000459909.1_genomic,4
GCA_018987465.1_PDT001074875.1_genomic,4
GCA_004308335.1_ASM430833v1_genomic,4
GCA_007179765.1_PDT000037336.3_genomic,4
GCA_006158925.1_PDT000236455.2_genomic,4
GCA_011289785.1_PDT000664029.1_genomic,4
GCA_014760705.1_PDT000055357.2_genomic,4
GCA_011799545.1_PDT000684231.1_genomic,4
GCF_030521765.1_ASM3052176v1_genomic,4
GCA_003896515.1_PDT000386022.1_genomic,4
GCA_006000245.1_PDT000434664.1_genomic,4
GCA_007193915.1_PDT000108284.2_genomic,4
GCA_011544755.1_PDT000309434.2_genomic,4
GCA_017658575.1_PDT000993020.1_genomic,4
GCA_018505665.1_PDT001047269.1_genomic,4
GCA_014548725.1_PDT000834782.1_genomic,4
GCF_046234175.1_ASM4623417v1_genomic,4
GCA_007758465.1_PDT000101827.3_genomic,4
GCA_007049305.1_PDT000235234.2_genomic,4
GCA_011083045.1_PDT000025534.3_genomic,4
GCA_010408865.1_PDT000276504.2_genomic,4
GCA_006387665.1_PDT000110569.3_genomic,4
GCA_005949185.1_PDT000064870.2_genomic,4
GCA_008052695.1_PDT000055114.2_genomic,4
GCA_018484085.1_PDT001024538.1_genomic,4
GCA_010406385.1_PDT000659244.1_genomic,4
GCA_018905535.1_PDT001070476.1_genomic,4
GCA_010409645.1_PDT000036627.2_genomic,4
GCA_009132505.1_PDT000179745.2_genomic,4
GCA_020759715.1_PDT001168519.1_genomic,4
GCA_005868105.1_PDT000501132.1_genomic,4
GCF_900242075.1_STY200_genomic,4
GCA_001474825.1_Salmonella_enterica_CVM_43810_v1.0_genomic,4
GCA_007583585.1_PDT000452943.1_genomic,4
GCA_007849735.1_PDT000549687.1_genomic,4
GCA_010908825.1_PDT000282068.2_genomic,4
GCA_019747435.1_PDT001116243.1_genomic,4
GCA_014970745.1_PDT000866967.1_genomic,4
GCA_006832825.1_PDT000370821.1_genomic,4
GCA_004360555.1_ASM436055v1_genomic,4
GCA_009098825.1_PDT000176836.2_genomic,4
GCA_007578945.1_PDT000332277.1_genomic,4
GCA_003758645.1_PDT000399033.1_genomic,4
GCA_006698625.1_PDT000283798.2_genomic,4
GCA_007222815.1_PDT000334908.1_genomic,4
GCA_019438765.1_PDT001100566.1_genomic,4
GCA_015202185.1_PDT000851410.1_genomic,4
GCA_013247145.1_ASM1324714v1_genomic,4
GCA_008928565.1_PDT000139654.2_genomic,4
GCA_011612905.1_PDT000288020.2_genomic,4
GCA_008857665.1_PDT000599599.1_genomic,4
GCA_019475345.1_PDT001104161.1_genomic,4
GCA_015227065.1_PDT000878321.1_genomic,4
GCA_006956025.1_PDT000188293.2_genomic,4
GCA_016239635.1_PDT000599177.1_genomic,4
GCA_015836955.1_PDT000905620.1_genomic,4
GCA_016316485.1_PDT000366356.1_genomic,4
GCA_011259135.1_PDT000679261.1_genomic,4
GCA_009565135.1_PDT000257393.2_genomic,4
GCA_009853675.1_CRJJGF_00063_v1.0_genomic,4
GCA_016959095.1_PDT000970858.1_genomic,4
GCA_014597295.1_PDT000836620.1_genomic,4
GCA_011096665.1_PDT000053831.2_genomic,4
GCA_006961985.1_PDT000206300.2_genomic,4
GCA_007196685.1_PDT000115377.2_genomic,4
GCA_014577635.1_PDT000728703.1_genomic,4
GCA_011639765.1_PDT000053964.2_genomic,4
GCA_005945485.1_PDT000052505.2_genomic,4
GCA_000314915.2_ASM31491v2_genomic,4
GCA_010681425.1_PDT000034083.2_genomic,4
GCA_008479665.1_PDT000135080.2_genomic,4
GCA_007227895.1_PDT000335950.1_genomic,4
GCF_021183545.1_ASM2118354v1_genomic,4
GCA_008644955.1_PDT000086901.2_genomic,4
GCA_013124065.1_PDT000733468.1_genomic,4
GCA_007419725.1_PDT000458311.1_genomic,4
GCA_011646775.1_PDT000687178.1_genomic,4
GCA_006626045.1_PDT000372394.1_genomic,4
GCA_008613865.1_PDT000076984.2_genomic,4
GCA_006059635.1_PDT000217188.2_genomic,4
GCA_008644235.1_PDT000086418.2_genomic,4
GCA_014963805.1_PDT000863407.1_genomic,4
GCA_011281505.1_PDT000702902.1_genomic,4
GCA_003872455.1_PDT000064867.4_genomic,4
GCA_009059945.1_PDT000167938.2_genomic,4
GCA_011732515.1_PDT000710338.1_genomic,4
GCA_006896765.1_PDT000112994.2_genomic,4
GCA_007411325.1_PDT000455490.1_genomic,4
GCA_018276065.1_PDT001018757.1_genomic,4
GCA_008545675.1_PDT000584233.1_genomic,4
GCA_019059055.1_PDT001078439.1_genomic,4
GCA_008676895.1_PDT000100779.2_genomic,4
GCA_006247145.1_PDT000250418.2_genomic,4
GCA_001111905.1_8490_2_68_genomic,4
GCA_017233695.1_PDT000976227.1_genomic,4
GCA_007312295.1_PDT000383394.1_genomic,4
GCA_011164455.1_PDT000310856.2_genomic,4
GCA_017486685.1_PDT000985972.1_genomic,4
GCA_005642355.1_PDT000416658.1_genomic,4
GCA_001955455.1_ASM195545v1_genomic,4
GCA_017750465.1_PDT000997845.1_genomic,4
GCA_010227655.1_PDT000443948.1_genomic,4
GCA_013877775.1_PDT000798054.1_genomic,4
GCA_006193605.1_PDT000282785.2_genomic,4
GCA_006504035.1_PDT000247983.2_genomic,4
GCA_008888285.1_PDT000599654.1_genomic,4
GCA_003893475.1_PDT000377531.1_genomic,4
GCF_002054545.1_ASM205454v1_genomic,4
GCA_014483755.1_PDT000829091.1_genomic,4
GCA_014929305.1_PDT000865365.1_genomic,4
GCA_020642595.1_PDT001161960.1_genomic,4
GCA_019696005.1_PDT001112987.1_genomic,4
GCA_019066265.1_PDT001079125.1_genomic,4
GCA_004192065.1_PDT000341267.1_genomic,4
GCA_011283805.1_PDT000674202.1_genomic,4
GCA_010186545.1_PDT000435752.1_genomic,4
GCA_010791955.1_PDT000651446.1_genomic,4
GCA_009506715.1_PDT000243841.2_genomic,4
GCA_016261825.1_PDT000525497.1_genomic,4
GCA_007071505.1_PDT000245787.2_genomic,4
GCA_007418985.1_PDT000458860.1_genomic,4
GCA_007577445.1_PDT000331029.1_genomic,4
GCA_005593325.1_PDT000482688.1_genomic,4
GCA_011086785.1_PDT000051568.2_genomic,4
GCF_002034075.1_ASM203407v1_genomic,4
GCA_008274565.1_ASM827456v1_genomic,4
GCA_006574785.1_PDT000309056.2_genomic,4
GCA_017566325.1_PDT000989108.1_genomic,4
GCF_030292545.1_ASM3029254v1_genomic,4
GCA_010511895.1_PDT000276552.2_genomic,4
GCA_007646175.1_PDT000337408.1_genomic,4
GCA_020155875.1_PDT001137856.1_genomic,4
GCA_010549745.1_PDT000203963.3_genomic,4
GCA_009088345.1_PDT000174503.2_genomic,4
GCA_010233285.1_PDT000445602.1_genomic,4
GCF_023840585.1_ASM2384058v1_genomic,4
GCA_008957665.1_PDT000602767.1_genomic,4
GCA_010843745.1_PDT000642456.1_genomic,4
GCA_020675035.1_ASM2067503v1_genomic,4
GCA_010195805.1_PDT000437676.1_genomic,4
GCA_003120155.1_ASM312015v1_genomic,4
GCA_011414995.1_PDT000214990.2_genomic,4
GCA_004185205.1_PDT000335156.1_genomic,4
GCA_011084945.1_PDT000003211.5_genomic,4
GCA_009438055.1_PDT000232416.2_genomic,4
GCA_011791605.1_PDT000685218.1_genomic,4
GCA_017478815.1_PDT000986236.1_genomic,4
GCA_011596745.1_PDT000623928.1_genomic,4
GCA_020077945.1_PDT001134181.1_genomic,4
GCA_020003205.1_ASM2000320v1_genomic,4
GCA_013211085.1_ASM1321108v1_genomic,4
GCA_010478525.1_PDT000643686.1_genomic,4
GCA_016725345.1_PDT000938368.1_genomic,4
GCA_004289155.1_PDT000379165.1_genomic,4
GCA_011513305.1_PDT000708562.1_genomic,4
GCA_020650415.1_PDT001162454.1_genomic,4
GCA_011642935.1_PDT000627329.1_genomic,4
GCA_013509715.1_PDT000784099.1_genomic,4
GCF_046234815.1_ASM4623481v1_genomic,4
GCA_006959825.1_PDT000203573.2_genomic,4
GCA_011387695.1_PDT000703629.1_genomic,4
GCA_011104735.1_PDT000139131.2_genomic,4
GCA_016947435.1_PDT000971868.1_genomic,4
GCA_008864465.1_PDT000601992.1_genomic,4
GCA_000486345.2_ASM48634v2_genomic,4
GCA_010735605.1_PDT000127252.2_genomic,4
GCA_008106565.1_PDT000058208.2_genomic,4
GCA_010386365.1_PDT000650652.1_genomic,4
GCA_011119995.1_PDT000243423.2_genomic,4
GCA_007641915.1_PDT000310594.2_genomic,4
GCA_011619885.1_PDT000310783.2_genomic,4
GCA_013528545.1_PDT000791782.1_genomic,4
GCA_010409865.1_PDT000059897.2_genomic,4
GCA_008874345.1_PDT000120678.2_genomic,4
GCA_010729025.1_PDT000243492.2_genomic,4
GCA_004189115.1_PDT000338016.1_genomic,4
GCA_009553035.1_PDT000243937.2_genomic,4
GCA_008118965.1_PDT000038202.3_genomic,4
GCA_008573235.1_PDT000059109.2_genomic,4
GCA_006228845.1_PDT000290190.2_genomic,4
GCA_011795465.1_PDT000685215.1_genomic,4
GCA_010468045.1_PDT000660269.1_genomic,4
GCA_008455345.1_PDT000359461.1_genomic,4
GCA_014069555.1_PDT000801882.1_genomic,4
GCA_007789255.1_PDT000476993.1_genomic,4
GCA_019283815.1_PDT001092954.1_genomic,4
GCA_020466595.1_PDT001148756.1_genomic,4
GCA_005905465.1_PDT000499798.1_genomic,4
GCA_008581245.1_PDT000059876.2_genomic,4
GCA_017792785.1_PDT000999277.1_genomic,4
GCA_006497135.1_PDT000219455.2_genomic,4
GCA_006821845.1_PDT000337803.1_genomic,4
GCA_016545545.1_PDT000928384.1_genomic,4
GCA_008560995.1_PDT000585245.1_genomic,4
GCA_015939385.1_PDT000897121.1_genomic,4
GCA_007517065.1_PDT000469554.1_genomic,4
GCF_002044755.1_ASM204475v1_genomic,4
GCA_003413915.1_ASM341391v1_genomic,4
GCA_010831215.1_PDT000641549.1_genomic,4
GCA_005730615.1_PDT000454061.1_genomic,4
GCA_008342265.1_PDT000579530.1_genomic,4
GCA_006336145.1_PDT000517815.1_genomic,4
GCA_013749395.1_PDT000761952.1_genomic,4
GCA_020818695.1_PDT001172418.1_genomic,4
GCA_007662525.1_PDT000309769.2_genomic,4
GCA_006929575.1_PDT000152174.2_genomic,4
GCA_011411975.1_PDT000149675.2_genomic,4
GCA_008624415.1_PDT000588789.1_genomic,4
GCA_003890875.1_PDT000344972.1_genomic,4
GCA_007519625.1_PDT000472722.1_genomic,4
GCA_010536815.1_PDT000034319.3_genomic,4
GCA_014343335.1_PDT000826743.1_genomic,4
GCA_019891815.1_PDT001110746.1_genomic,4
GCA_008391575.1_PDT000584168.1_genomic,4
GCA_017125695.1_PDT000949391.1_genomic,4
GCA_006592185.1_PDT000338272.1_genomic,4
GCA_013229045.1_ASM1322904v1_genomic,4
GCA_006074455.1_PDT000393229.1_genomic,4
GCA_010786715.1_PDT000314967.2_genomic,4
GCA_017103265.1_PDT000974026.1_genomic,4
GCA_005532095.1_PDT000495681.2_genomic,4
GCA_010870485.1_PDT000003741.3_genomic,4
GCA_007799635.1_PDT000537163.1_genomic,4
GCA_017488245.1_PDT000985891.1_genomic,4
GCF_037083005.1_ASM3708300v1_genomic,4
GCA_001247275.1_Salmonella_enterica_CVM_N51303_v1.0_genomic,4
GCA_001275205.1_ASM127520v1_genomic,4
GCA_019270515.1_PDT001091105.1_genomic,4
GCA_014593315.1_PDT000722766.1_genomic,4
GCA_008513515.1_PDT000586313.1_genomic,4
GCA_014958425.1_PDT000862933.1_genomic,4
GCA_013246105.1_ASM1324610v1_genomic,4
GCA_007657215.1_PDT000458548.1_genomic,4
GCA_007763515.1_PDT000144167.4_genomic,4
GCA_006400055.1_PDT000519435.1_genomic,4
GCA_019658205.1_PDT001110253.1_genomic,4
GCA_005443435.1_PDT000380894.1_genomic,4
GCA_005415455.1_PDT000385976.1_genomic,4
GCA_010395325.1_PDT000122902.2_genomic,4
GCA_006724745.1_PDT000357009.1_genomic,4
GCA_007613845.1_PDT000491625.1_genomic,4
GCA_020653335.1_PDT001162445.1_genomic,4
GCA_008021055.1_PDT000043573.5_genomic,4
GCA_017848815.1_PDT000999739.1_genomic,4
GCA_007769085.1_PDT000326420.1_genomic,4
GCA_017966765.1_PDT001005855.1_genomic,4
GCA_010697625.1_PDT000044216.3_genomic,4
GCA_011385735.1_PDT000702982.1_genomic,4
GCA_007735625.1_PDT000549043.1_genomic,4
GCA_019466925.1_PDT001104678.1_genomic,4
GCA_008574905.1_PDT000059279.2_genomic,4
GCA_004267025.1_PDT000378328.1_genomic,4
GCA_006317785.1_PDT000296501.2_genomic,4
GCA_008730075.1_PDT000096736.2_genomic,4
GCA_014573675.1_PDT000726976.1_genomic,4
GCA_010394025.1_PDT000150053.2_genomic,4
GCA_017159975.1_PDT000947199.1_genomic,4
GCA_016147695.1_PDT000917531.1_genomic,4
GCA_014996745.1_PDT000863970.1_genomic,4
GCA_021065425.1_PDT001195185.1_genomic,4
GCA_017496385.1_PDT000985125.1_genomic,4
GCA_006378025.2_ASM637802v2_genomic,4
GCA_018968405.1_PDT001074004.1_genomic,4
GCA_005637375.1_PDT000412561.1_genomic,4
GCA_010258815.1_PDT000448038.1_genomic,4
GCA_007513385.1_PDT000459937.1_genomic,4
GCA_006813105.1_PDT000054739.3_genomic,4
GCF_900241565.1_STY14_genomic,4
GCF_025311295.1_ASM2531129v1_genomic,4
GCA_018254415.1_PDT001018112.1_genomic,4
GCA_010884595.1_PDT000566365.1_genomic,4
GCA_010134955.1_PDT000275520.2_genomic,4
GCA_017831095.1_PDT000999819.1_genomic,4
GCA_018976725.1_PDT001072655.1_genomic,4
GCA_001690055.1_ASM169005v1_genomic,4
GCA_004291975.1_ASM429197v1_genomic,4
GCA_010475365.1_PDT000647059.1_genomic,4
GCA_011787365.1_PDT000684762.1_genomic,4
GCA_014066835.1_PDT000802043.1_genomic,4
GCA_017011395.1_PDT000973036.1_genomic,4
GCA_015917495.1_PDT000898245.1_genomic,4
GCA_009535635.1_PDT000265865.2_genomic,4
GCA_007443125.1_PDT000481151.1_genomic,4
GCA_005825765.1_PDT000439565.1_genomic,4
GCA_010646105.1_PDT000072546.2_genomic,4
GCA_007181915.1_PDT000001648.3_genomic,4
GCF_047741835.1_ASM4774183v1_genomic,4
GCA_007496625.1_PDT000317348.1_genomic,4
GCA_010388975.1_PDT000660836.1_genomic,4
GCA_008527055.1_PDT000187917.2_genomic,4
GCA_015651005.1_PDT000894873.1_genomic,4
GCA_014206585.1_PDT000809993.1_genomic,4
GCA_007759915.1_PDT000104699.4_genomic,4
GCA_010777515.1_PDT000295725.2_genomic,4
GCA_003885555.1_PDT000326491.1_genomic,4
GCA_020017835.1_PDT001131250.1_genomic,4
GCA_013210285.1_ASM1321028v1_genomic,4
GCA_004185705.1_PDT000335128.1_genomic,4
GCA_011114555.1_PDT000158972.2_genomic,4
GCA_005587995.1_PDT000478539.1_genomic,4
GCA_011539895.1_PDT000637676.1_genomic,4
GCA_012844995.1_PDT000725854.1_genomic,4
GCA_009287745.1_PDT000214102.2_genomic,4
GCA_007487545.1_PDT000297310.2_genomic,4
GCA_006390295.1_PDT000123497.3_genomic,4
GCF_020404655.1_ASM2040465v1_genomic,4
GCA_010635825.1_PDT000054950.2_genomic,4
GCA_017533645.1_PDT000987109.1_genomic,4
GCA_005533795.1_PDT000154875.2_genomic,4
GCA_005496205.1_PDT000478886.1_genomic,4
GCA_017107385.1_PDT000973840.1_genomic,4
GCA_011448975.1_PDT000031778.3_genomic,4
GCA_007534495.1_PDT000485777.1_genomic,4
GCA_011325655.1_PDT000635648.1_genomic,4
GCA_016279905.1_PDT000409382.1_genomic,4
GCF_041387555.1_ASM4138755v1_genomic,4
GCA_016424375.1_ASM1642437v1_genomic,4
GCA_013558935.1_PDT000789756.1_genomic,4
GCA_008157685.1_PDT000568854.1_genomic,4
GCA_013748815.1_PDT000761982.1_genomic,4
GCA_016732845.1_PDT000938724.1_genomic,4
GCA_014938985.1_PDT000865708.1_genomic,4
GCA_007321415.1_PDT000386456.1_genomic,4
GCA_017488545.1_PDT000985875.1_genomic,4
GCA_010289305.1_PDT000594634.1_genomic,4
GCA_014545525.1_PDT000834987.1_genomic,4
GCA_010805125.1_PDT000657090.1_genomic,4
GCA_005813565.1_PDT000416521.1_genomic,4
GCA_010478305.1_PDT000650913.1_genomic,4
GCA_005722875.1_PDT000439546.1_genomic,4
GCA_010839845.1_PDT000644407.1_genomic,4
GCA_001242475.1_Salmonella_enterica_CVM_N45941_v1.0_genomic,4
GCA_006498075.1_PDT000161157.2_genomic,4
GCA_007022705.1_PDT000218770.2_genomic,4
GCA_020239985.1_PDT001142026.1_genomic,4
GCA_006701265.1_PDT000318516.1_genomic,4
GCA_019356975.1_PDT001096445.1_genomic,4
GCA_009376015.1_PDT000617282.1_genomic,4
GCA_017299955.1_PDT000977345.1_genomic,4
GCA_011561805.1_PDT000634805.1_genomic,4
GCA_007544695.1_PDT000544294.1_genomic,4
GCA_009283945.1_PDT000212721.2_genomic,4
GCA_008024785.1_PDT000044036.3_genomic,4
GCA_008257965.1_PDT000575957.1_genomic,4
GCA_009212865.1_PDT000206544.2_genomic,4
GCA_007255275.1_PDT000340342.1_genomic,4
GCA_014242875.1_PDT000814730.1_genomic,4
GCA_008847165.1_PDT000112890.2_genomic,4
GCA_011443655.1_PDT000039656.3_genomic,4
GCA_011463435.1_PDT000637440.1_genomic,4
GCA_006826245.1_PDT000353799.1_genomic,4
GCA_018979545.1_PDT001029677.1_genomic,4
GCA_008257645.1_PDT000575897.1_genomic,4
GCA_006610205.1_PDT000360254.1_genomic,4
GCA_005984585.1_PDT000183031.2_genomic,4
GCA_008463865.1_PDT000584121.1_genomic,4
GCA_006478955.1_PDT000525690.1_genomic,4
GCA_009523155.1_PDT000267841.2_genomic,4
GCA_015534775.1_ASM1553477v1_genomic,4
GCA_018482185.1_PDT001023116.1_genomic,4
GCA_019959255.1_PDT001126473.1_genomic,4
GCA_005461035.1_PDT000407392.1_genomic,4
GCA_011795685.1_PDT000685312.1_genomic,4
GCA_013659575.1_PDT000771420.1_genomic,4
GCA_006391535.1_PDT000187124.3_genomic,4
GCA_013630555.1_PDT000773864.1_genomic,4
GCA_016852245.1_PDT000932700.1_genomic,4
GCA_010192925.1_PDT000436969.1_genomic,4
GCA_017971385.1_PDT001005631.1_genomic,4
GCA_019106325.1_PDT001081509.1_genomic,4
GCA_007613215.1_PDT000486485.1_genomic,4
GCA_007528225.1_PDT000476806.1_genomic,4
GCA_006267335.1_PDT000290208.2_genomic,4
GCA_016175785.1_PDT000712534.1_genomic,4
GCA_021033285.1_PDT001188091.1_genomic,4
GCA_017257655.1_PDT000976684.1_genomic,4
GCA_014320775.1_PDT000821738.1_genomic,4
GCA_013241915.1_ASM1324191v1_genomic,4
GCA_007619915.1_PDT000539371.1_genomic,4
GCA_007064625.1_PDT000244155.2_genomic,4
GCA_008643615.1_PDT000085718.2_genomic,4
GCA_016421455.1_ASM1642145v1_genomic,4
GCA_007476545.1_PDT000279351.2_genomic,4
GCA_005857245.1_PDT000495553.1_genomic,4
GCA_005616145.1_PDT000385346.1_genomic,4
GCA_013260495.1_ASM1326049v1_genomic,4
GCA_005660195.1_PDT000467853.1_genomic,4
GCA_007067205.1_PDT000244252.2_genomic,4
GCA_005553155.1_PDT000394677.1_genomic,4
GCA_010787155.1_PDT000302669.2_genomic,4
GCA_002033125.1_ASM203312v1_genomic,4
GCA_000389395.1_64.H.00_genomic,4
GCA_020816975.1_PDT001172364.1_genomic,4
GCA_007837495.1_PDT000126393.2_genomic,4
GCA_006274995.1_PDT000304856.2_genomic,4
GCA_010164955.1_PDT000278933.2_genomic,4
GCA_005660335.1_PDT000467901.1_genomic,4
GCA_008582345.1_PDT000059781.2_genomic,4
GCA_005449625.1_PDT000387915.1_genomic,4
GCA_008047235.1_PDT000036919.3_genomic,4
GCA_005687815.1_PDT000384393.1_genomic,4
GCA_016629845.1_PDT000931849.1_genomic,4
GCA_009586945.1_PDT000271152.2_genomic,4
GCA_013207695.1_ASM1320769v1_genomic,4
GCA_007856135.1_PDT000550044.1_genomic,4
GCA_009527035.1_PDT000257632.2_genomic,4
GCA_008202925.1_PDT000558708.1_genomic,4
GCF_021474345.1_ASM2147434v1_genomic,4
GCA_008313215.1_PDT000579987.1_genomic,4
GCA_007590165.1_PDT000458707.1_genomic,4
GCA_020900015.1_PDT001178886.1_genomic,4
GCA_005541195.1_PDT000381747.1_genomic,4
GCA_016385005.1_PDT000322256.1_genomic,4
GCA_010743035.1_PDT000655472.1_genomic,4
GCA_017828155.1_PDT000999926.1_genomic,4
GCA_009621355.1_PDT000537103.1_genomic,4
GCA_005899405.1_PDT000123183.2_genomic,4
GCA_011478035.1_PDT000636766.1_genomic,4
GCA_011237415.1_PDT000678247.1_genomic,4
GCA_010188665.1_PDT000435900.1_genomic,4
GCA_006781105.1_PDT000357004.1_genomic,4
GCA_006090135.1_PDT000068416.2_genomic,7
GCA_010543405.1_PDT000152210.2_genomic,7
GCA_011712955.1_PDT000709784.1_genomic,7
GCA_006837505.1_PDT000359592.3_genomic,7
GCA_011729895.1_PDT000710348.1_genomic,7
GCA_015943765.1_PDT000896741.1_genomic,7
GCA_016433925.1_PDT000925759.1_genomic,7
GCA_017371955.1_PDT000985418.1_genomic,7
GCA_011636815.1_PDT000564939.1_genomic,7
GCA_017070835.1_PDT000951280.1_genomic,7
GCA_017611425.1_PDT000992800.1_genomic,7
GCA_020876935.1_PDT001174879.1_genomic,7
GCA_009997865.1_PDT000034445.3_genomic,7
GCA_014049505.1_PDT000801010.1_genomic,7
GCA_007209775.1_PDT000331819.1_genomic,7
GCA_021057585.1_PDT001195762.1_genomic,7
GCA_006977105.1_PDT000329480.1_genomic,7
GCA_009297165.1_PDT000214639.2_genomic,7
GCA_009121465.1_PDT000187785.2_genomic,7
GCA_008747315.1_PDT000572989.2_genomic,7
GCA_006637425.1_PDT000260175.2_genomic,7
GCA_019342805.1_PDT001095485.1_genomic,7
GCA_010565085.1_PDT000056815.2_genomic,7
GCA_010862045.1_PDT000652137.1_genomic,7
GCA_010956795.1_PDT000625296.1_genomic,7
GCA_011149475.1_PDT000297669.2_genomic,7
GCA_010509655.1_PDT000056596.2_genomic,7
GCA_015176305.1_PDT000873724.1_genomic,7
GCA_005586115.1_PDT000470138.1_genomic,7
GCA_006597005.1_PDT000347132.1_genomic,7
GCA_019186125.1_PDT001085741.1_genomic,7
GCA_008739755.1_PDT000099237.2_genomic,7
GCA_013801145.1_PDT000748150.1_genomic,7
GCA_006104595.1_PDT000177678.2_genomic,7
GCA_011096965.1_PDT000054033.2_genomic,7
GCA_010426065.1_PDT000054348.2_genomic,7
GCA_006951805.1_PDT000208316.2_genomic,7
GCA_008438605.1_PDT000263666.2_genomic,7
GCA_003895135.1_PDT000381800.1_genomic,7
GCA_006702565.1_PDT000319533.1_genomic,7
GCA_006016815.1_PDT000052418.2_genomic,7
GCA_005896545.1_PDT000393139.1_genomic,7
GCA_019874165.1_PDT001122800.1_genomic,7
GCA_008046055.1_PDT000037352.3_genomic,7
GCA_007069705.1_PDT000245567.2_genomic,7
GCA_007812075.1_PDT000542746.1_genomic,7
GCA_019006685.1_PDT001075976.1_genomic,7
GCA_007533945.1_PDT000484242.1_genomic,7
GCA_006998705.1_PDT000342017.1_genomic,7
GCA_006942745.1_PDT000184975.2_genomic,7
GCF_047981265.1_ASM4798126v1_genomic,7
GCA_014262765.1_PDT000817003.1_genomic,7
GCA_010947715.1_PDT000566866.1_genomic,7
GCA_007373765.1_PDT000415738.1_genomic,7
GCA_018454165.1_PDT001044788.1_genomic,7
GCA_008689065.1_ASM868906v1_genomic,7
GCA_020703455.1_PDT001166417.1_genomic,7
GCA_005667875.1_PDT000482280.1_genomic,7
GCA_007299735.1_PDT000380002.1_genomic,7
GCA_015443745.1_PDT000888733.1_genomic,7
GCA_011095345.1_PDT000052946.2_genomic,7
GCA_008887085.1_PDT000599358.1_genomic,7
GCA_006847415.1_PDT000039179.2_genomic,7
GCA_006599865.1_PDT000350906.1_genomic,7
GCA_006011325.1_PDT000039103.2_genomic,7
GCA_013635285.1_PDT000773538.1_genomic,7
GCA_020902015.1_PDT001177893.1_genomic,7
GCA_008615655.1_PDT000081237.2_genomic,7
GCA_009163105.1_PDT000192973.2_genomic,7
GCA_005827065.1_PDT000447390.1_genomic,7
GCA_011286945.1_PDT000682041.1_genomic,7
GCA_006664765.1_PDT000356376.1_genomic,7
GCA_020275465.1_PDT001144567.1_genomic,7
GCA_006550575.1_PDT000353912.1_genomic,7
GCA_015127015.1_PDT000871646.1_genomic,7
GCA_019918465.1_PDT001125977.1_genomic,7
GCA_013874895.1_PDT000798093.1_genomic,7
GCA_007278435.1_PDT000349744.1_genomic,7
GCA_010557205.1_PDT000050284.2_genomic,7
GCA_005459545.1_PDT000405217.1_genomic,7
GCA_006113985.1_PDT000213034.2_genomic,7
GCA_011413095.1_PDT000098918.2_genomic,7
GCA_006133895.1_PDT000232898.2_genomic,7
GCA_007682865.1_PDT000476379.1_genomic,7
GCA_008816435.1_PDT000598235.1_genomic,7
GCA_006641345.1_PDT000318549.1_genomic,7
GCA_005980145.1_PDT000176304.2_genomic,7
GCA_006486785.1_PDT000526279.1_genomic,7
GCA_019288895.1_PDT001092708.1_genomic,7
GCA_019133875.1_PDT001082071.1_genomic,7
GCA_015115695.1_PDT000855421.1_genomic,7
GCA_008524325.1_PDT000135105.2_genomic,7
GCA_006730845.1_PDT000364119.1_genomic,7
GCA_010573825.1_PDT000297638.2_genomic,7
GCA_013672495.1_PDT000770379.1_genomic,7
GCA_011498565.1_PDT000706150.1_genomic,7
GCA_020670925.1_ASM2067092v1_genomic,7
GCA_002200715.1_ASM220071v1_genomic,7
GCF_014712625.1_ASM1471262v1_genomic,7
GCA_006248195.1_PDT000257033.2_genomic,7
GCA_020916585.1_PDT001177823.1_genomic,7
GCA_019786145.1_PDT001117239.1_genomic,7
GCA_005694155.1_PDT000392160.1_genomic,7
GCA_004189835.1_PDT000339203.1_genomic,7
GCA_010439315.1_PDT000057557.2_genomic,7
GCA_020764875.1_PDT001168202.1_genomic,7
GCA_009180885.1_PDT000199064.2_genomic,7
GCA_005994685.1_PDT000201478.2_genomic,7
GCA_019379095.1_PDT001097177.1_genomic,7
GCA_020606235.1_PDT001157225.6_genomic,7
GCA_007413485.1_PDT000455476.1_genomic,7
GCA_013521575.1_PDT000783875.1_genomic,7
GCA_010125525.1_PDT000160764.2_genomic,7
GCA_001586525.1_ASM158652v1_genomic,7
GCA_018204995.1_PDT001016030.1_genomic,7
GCA_008433145.1_PDT000214994.2_genomic,7
GCA_011409495.1_PDT000107254.2_genomic,7
GCA_010570685.1_PDT000198258.2_genomic,7
GCA_018505125.1_PDT001047299.1_genomic,7
GCA_020019715.1_PDT001131370.1_genomic,7
GCA_007795715.1_PDT000533350.1_genomic,7
GCA_010864355.1_PDT000652758.1_genomic,7
GCA_020078545.1_PDT001134090.1_genomic,7
GCA_009502595.1_PDT000239909.2_genomic,7
GCA_008851845.1_PDT000122325.2_genomic,7
GCA_005610405.1_PDT000343496.1_genomic,7
GCA_013747395.1_PDT000761998.1_genomic,7
GCA_018773105.1_PDT001063068.1_genomic,7
GCA_005560695.1_PDT000412528.1_genomic,7
GCA_006390875.1_PDT000171710.3_genomic,7
GCA_007763015.1_PDT000123521.3_genomic,7
GCA_006095235.1_PDT000115361.2_genomic,7
GCA_006187565.1_PDT000278413.2_genomic,7
GCA_006242235.1_PDT000240103.2_genomic,7
GCA_019698075.1_PDT001112966.1_genomic,7
GCA_006050135.1_PDT000207060.2_genomic,7
GCA_011527305.1_PDT000049945.2_genomic,7
GCA_007225735.1_PDT000335106.1_genomic,7
GCA_009530295.1_PDT000266013.3_genomic,7
GCA_006511245.1_PDT000263823.2_genomic,7
GCA_007306215.1_PDT000382497.1_genomic,7
GCA_009284285.1_PDT000212738.2_genomic,7
GCA_011119415.1_PDT000223002.2_genomic,7
GCA_017535525.1_PDT000987070.1_genomic,7
GCA_005451485.1_PDT000389847.1_genomic,7
GCA_020078745.1_PDT001134056.1_genomic,7
GCA_016374605.1_PDT000356577.1_genomic,7
GCA_015047405.1_PDT000857646.1_genomic,7
GCA_015251685.1_PDT000880071.1_genomic,7
GCA_007555995.1_PDT000285427.2_genomic,7
GCA_010439955.1_PDT000122142.2_genomic,7
GCA_006471515.1_PDT000036212.2_genomic,7
GCA_007171315.1_PDT000329520.1_genomic,7
GCA_006782525.1_PDT000357441.1_genomic,7
GCA_014162055.1_PDT000807420.1_genomic,7
GCA_011237855.1_PDT000672620.1_genomic,7
GCA_010691375.1_PDT000057383.2_genomic,7
GCA_009336255.1_PDT000222499.2_genomic,7
GCA_017293965.1_PDT000978178.1_genomic,7
GCA_018201415.1_PDT001015673.1_genomic,7
GCA_006571405.1_PDT000222534.2_genomic,7
GCA_018979845.1_PDT001029089.1_genomic,7
GCA_013729505.1_PDT000763004.1_genomic,7
GCA_009149985.1_PDT000608795.1_genomic,7
GCF_001474385.1_Salmonella_enterica_CVM_43773_v1.0_genomic,7
GCA_017162305.1_ASM1716230v1_genomic,7
GCA_011435275.1_PDT000647813.1_genomic,7
GCA_006742405.1_PDT000375315.1_genomic,7
GCA_020867365.1_PDT001173950.1_genomic,7
GCA_008214865.1_PDT000559281.1_genomic,7
GCA_017969185.1_PDT001005752.1_genomic,7
GCA_006072775.1_PDT000231067.2_genomic,7
GCA_013628175.1_PDT000773945.1_genomic,7
GCA_013583315.1_PDT000789256.1_genomic,7
GCA_009355095.1_PDT000617567.1_genomic,7
GCA_011787385.1_PDT000684761.1_genomic,7
GCA_006062615.1_PDT000221229.2_genomic,7
GCA_005440335.1_PDT000344465.1_genomic,7
GCA_007343495.1_PDT000398948.1_genomic,7
GCA_013644495.1_PDT000773080.1_genomic,7
GCA_009367835.1_PDT000225254.2_genomic,7
GCA_011677895.1_PDT000690181.1_genomic,7
GCA_006412235.1_PDT000520003.1_genomic,7
GCA_019200315.1_PDT001086243.1_genomic,7
GCA_006990465.1_PDT000386510.1_genomic,7
GCA_003888285.1_PDT000328876.1_genomic,7
GCA_006189865.1_PDT000279403.2_genomic,7
GCA_005966765.1_PDT000135336.2_genomic,7
GCA_011554095.1_PDT000630903.1_genomic,7
GCF_041126725.1_ASM4112672v1_genomic,7
GCA_006088955.1_PDT000062105.2_genomic,7
GCA_020826715.1_PDT001172873.1_genomic,7
GCA_019648655.1_PDT001109951.1_genomic,7
GCA_014521245.1_PDT000833439.1_genomic,7
GCA_017126515.1_PDT000949341.1_genomic,7
GCA_006155125.1_PDT000253341.2_genomic,7
GCA_016723825.1_PDT000938432.1_genomic,7
GCA_001880015.1_ASM188001v1_genomic,7
GCA_011796175.1_PDT000685040.1_genomic,7
GCA_007397015.1_PDT000434211.1_genomic,7
GCA_004241225.1_PDT000381778.1_genomic,7
GCA_007743615.1_PDT000041214.4_genomic,7
GCA_018181895.1_PDT001014574.1_genomic,7
GCA_008884305.1_PDT000128918.2_genomic,7
GCA_004272185.1_PDT000180620.2_genomic,7
GCA_007973225.1_PDT000556806.1_genomic,7
GCA_013501315.1_PDT000785160.1_genomic,7
GCA_014539125.1_PDT000835988.1_genomic,7
GCA_018442605.1_PDT001044402.1_genomic,7
GCA_005685615.1_PDT000381230.1_genomic,7
GCA_011732975.1_PDT000710165.1_genomic,7
GCA_003886775.1_PDT000327560.1_genomic,7
GCA_005651315.1_PDT000433847.1_genomic,7
GCA_006161025.1_PDT000239719.2_genomic,7
GCA_005610655.1_PDT000344421.1_genomic,7
GCA_017346955.1_PDT000982760.1_genomic,7
GCA_016631305.1_PDT000931800.1_genomic,7
GCA_008186885.1_PDT000573761.1_genomic,7
GCA_006004865.1_PDT000509326.1_genomic,7
GCA_014087745.1_PDT000802996.1_genomic,7
GCA_010386945.1_PDT000652763.1_genomic,7
GCA_014111185.1_PDT000804123.1_genomic,7
GCA_016996755.1_PDT000966604.1_genomic,7
GCA_006907985.1_PDT000139508.3_genomic,7
GCA_010549645.1_PDT000101773.2_genomic,7
GCA_011337685.1_PDT000671596.1_genomic,7
GCA_011431975.1_PDT000188416.2_genomic,7
GCA_010522035.1_PDT000651692.1_genomic,7
GCA_008561635.1_PDT000586982.1_genomic,7
GCA_009545615.1_PDT000254116.2_genomic,7
GCA_005735715.1_PDT000478669.1_genomic,7
GCA_006990685.1_PDT000388135.1_genomic,7
GCA_007068915.1_PDT000244782.2_genomic,7
GCA_008832575.1_PDT000111525.2_genomic,7
GCA_007485885.1_PDT000297063.2_genomic,7
GCA_009998605.1_PDT000056569.2_genomic,7
GCA_011216785.1_PDT000669413.1_genomic,7
GCA_005452205.1_PDT000390514.1_genomic,7
GCA_014997965.1_PDT000863892.1_genomic,7
GCA_020699755.1_PDT001164569.1_genomic,7
GCA_006189125.1_PDT000279394.2_genomic,7
GCA_006903265.1_PDT000134447.2_genomic,7
GCA_011121405.1_PDT000233879.2_genomic,7
GCA_007172675.1_PDT000329746.1_genomic,7
GCA_007884125.1_PDT000551931.1_genomic,7
GCA_017907595.1_PDT001002731.1_genomic,7
GCA_014140325.1_PDT000806447.1_genomic,7
GCA_018197295.1_PDT001015977.1_genomic,7
GCA_011245655.1_PDT000672874.1_genomic,7
GCA_010395205.1_PDT000057523.2_genomic,7
GCA_008734815.1_PDT000099062.2_genomic,7
GCA_010754335.1_PDT000192352.2_genomic,7
GCA_006119305.1_PDT000220741.2_genomic,7
GCA_005952895.1_PDT000086250.2_genomic,7
GCA_006255415.1_PDT000273103.2_genomic,7
GCA_005517015.1_PDT000498902.1_genomic,7
GCA_009066525.1_PDT000183239.2_genomic,7
GCA_013258405.1_ASM1325840v1_genomic,7
GCA_015929005.1_PDT000897349.1_genomic,7
GCA_015054625.1_PDT000870390.1_genomic,7
GCA_006581245.1_PDT000324428.1_genomic,7
GCA_006972245.1_PDT000215742.2_genomic,7
GCA_018721875.1_PDT001058597.1_genomic,7
GCA_013615955.1_PDT000774379.1_genomic,7
GCA_019785905.1_PDT001117255.1_genomic,7
GCA_015696765.1_PDT000899676.1_genomic,7
GCA_019275855.1_PDT001090797.1_genomic,7
GCA_009324275.1_PDT000218845.2_genomic,7
GCA_018393335.1_PDT001040445.1_genomic,7
GCA_017123575.1_PDT000949751.1_genomic,7
GCA_006485575.1_PDT000526341.1_genomic,7
GCA_021056485.1_PDT001195850.1_genomic,7
GCA_016416715.1_ASM1641671v1_genomic,7
GCA_007591925.1_PDT000459902.1_genomic,7
GCA_019545755.1_PDT001102120.1_genomic,7
GCA_017022555.1_PDT000957249.1_genomic,7
GCA_008865845.1_PDT000105506.2_genomic,7
GCA_007604435.1_PDT000475621.1_genomic,7
GCA_011669445.1_PDT000678072.1_genomic,7
GCA_010756855.1_PDT000195292.2_genomic,7
GCA_006142095.1_PDT000239674.2_genomic,7
GCA_018836295.1_PDT001065268.1_genomic,7
GCA_006463265.1_PDT000523390.1_genomic,7
GCA_010867025.1_PDT000646702.1_genomic,7
GCA_007805385.1_PDT000540164.1_genomic,7
GCA_021074185.1_PDT001197211.1_genomic,7
GCA_006930655.1_PDT000317278.1_genomic,7
GCA_017562885.1_PDT000988973.1_genomic,7
GCA_019948255.1_PDT001128903.1_genomic,7
GCA_014818965.1_PDT000850052.1_genomic,7
GCF_028492935.1_ASM2849293v1_genomic,7
GCA_015957325.1_PDT000893952.1_genomic,7
GCA_010725825.1_PDT000059148.2_genomic,7
GCA_006559445.1_PDT000337761.1_genomic,7
GCA_010142795.1_PDT000277025.2_genomic,7
GCA_007142365.1_PDT000317848.1_genomic,7
GCA_019153105.1_PDT001083412.1_genomic,7
GCA_011693335.1_PDT000691242.1_genomic,7
GCA_007669605.1_PDT000473661.1_genomic,7
GCA_008716395.1_PDT000592147.1_genomic,7
GCA_003912475.1_PDT000341307.1_genomic,7
GCA_011412355.1_PDT000154075.2_genomic,7
GCA_006455685.1_PDT000522618.1_genomic,7
GCA_006049475.1_PDT000206238.2_genomic,7
GCA_005906205.1_PDT000500802.1_genomic,7
GCA_006510205.1_PDT000249467.2_genomic,7
GCA_009473905.1_PDT000235595.2_genomic,7
GCA_010518735.1_PDT000125398.2_genomic,7
GCA_009561535.1_PDT000253875.2_genomic,7
GCA_008683815.1_ASM868381v1_genomic,7
GCA_005835345.1_PDT000467029.1_genomic,7
GCA_006823485.1_PDT000340911.1_genomic,7
GCA_018993125.1_PDT001074614.1_genomic,7
GCA_013729825.1_PDT000763005.1_genomic,7
GCA_008506265.1_PDT000359535.1_genomic,7
GCA_006909695.1_PDT000148384.2_genomic,7
GCA_009074665.1_PDT000186839.2_genomic,7
GCA_016646525.1_PDT000932510.1_genomic,7
GCA_007149525.1_PDT000323040.1_genomic,7
GCA_011557555.1_PDT000625926.1_genomic,7
GCA_007267025.1_PDT000343954.1_genomic,7
GCA_008959235.1_PDT000602945.1_genomic,7
GCA_016060875.1_PDT000913328.1_genomic,7
GCA_009034065.1_PDT000181177.2_genomic,7
GCA_007841675.1_PDT000311915.2_genomic,7
GCA_018772065.1_PDT001063159.1_genomic,7
GCA_009644195.1_PDT000607376.1_genomic,7
GCA_008359985.1_PDT000582379.1_genomic,7
GCA_015049025.1_PDT000857576.1_genomic,7
GCA_020342675.1_PDT001145262.1_genomic,7
GCA_008055875.1_PDT000055298.2_genomic,7
GCA_006607525.1_PDT000356417.1_genomic,7
GCA_009594765.1_PDT000622707.1_genomic,7
GCA_020550025.1_PDT001158252.1_genomic,7
GCA_002057185.1_ASM205718v1_genomic,7
GCA_005445045.1_PDT000382055.1_genomic,7
GCA_006810125.1_PDT000492534.2_genomic,7
GCA_007170315.1_PDT000329672.1_genomic,7
GCA_008613065.1_PDT000077034.2_genomic,7
GCA_007484225.1_PDT000289150.2_genomic,7
GCA_006117845.1_PDT000219606.2_genomic,7
GCA_008842805.1_PDT000601844.1_genomic,7
GCA_019158435.1_PDT001083134.1_genomic,7
GCA_010698865.1_PDT000040036.3_genomic,7
GCA_010670405.1_PDT000131668.2_genomic,7
GCA_020972785.1_PDT001183403.1_genomic,7
GCA_009356115.1_PDT000617110.1_genomic,7
GCA_007451805.1_PDT000538204.1_genomic,7
GCA_018115485.1_PDT001009706.1_genomic,7
GCA_010636065.1_PDT000054879.2_genomic,7
GCA_016148335.1_PDT000917441.1_genomic,7
GCA_019067545.1_PDT001079147.1_genomic,7
GCA_006935595.1_PDT000324750.1_genomic,7
GCA_008312815.1_PDT000579956.1_genomic,7
GCA_020260665.1_PDT001142898.1_genomic,7
GCA_014738775.1_PDT000845048.1_genomic,7
GCA_008580455.1_PDT000059650.2_genomic,7
GCA_009579945.1_PDT000269726.2_genomic,7
GCA_008523465.1_PDT000135251.2_genomic,7
GCA_010658445.1_PDT000265710.2_genomic,7
GCA_016727105.1_PDT000938313.1_genomic,7
GCA_009201485.1_PDT000201942.2_genomic,7
GCA_013118195.1_PDT000739708.1_genomic,7
GCA_005419555.1_PDT000403717.1_genomic,7
GCA_019043205.1_PDT001078156.1_genomic,7
GCA_013171015.1_PDT000745213.1_genomic,7
GCA_010980475.1_PDT000628567.1_genomic,7
GCA_011436575.1_PDT000644760.1_genomic,7
GCA_007019965.1_PDT000215023.2_genomic,7
GCA_009514295.1_PDT000248195.2_genomic,7
GCA_014183675.1_PDT000809278.1_genomic,7
GCA_010593645.1_PDT000222121.2_genomic,7
GCA_020084105.1_PDT001133971.1_genomic,7
GCA_011497345.1_PDT000683071.1_genomic,7
GCA_006212165.1_PDT000338398.1_genomic,7
GCA_020691095.1_PDT001165572.1_genomic,7
GCA_008695765.1_PDT000221909.2_genomic,7
GCA_007641535.1_PDT000311641.2_genomic,7
GCA_006209505.1_PDT000310588.2_genomic,7
GCA_011159035.1_PDT000311573.2_genomic,7
GCA_006115565.1_PDT000215637.2_genomic,7
GCA_013534175.1_PDT000783677.1_genomic,7
GCA_007000005.1_PDT000342471.1_genomic,7
GCA_009347985.1_PDT000616713.1_genomic,7
GCA_020985725.1_PDT001184930.1_genomic,7
GCA_019239035.1_PDT001088434.1_genomic,7
GCA_010841665.1_PDT000663435.1_genomic,7
GCA_013763035.1_PDT000760112.1_genomic,7
GCA_020583875.1_PDT001156823.7_genomic,7
GCA_013104555.1_PDT000734187.1_genomic,7
GCA_003117755.1_ASM311775v1_genomic,7
GCA_008915245.1_PDT000140146.2_genomic,7
GCA_019461035.1_PDT001105176.1_genomic,7
GCA_014692005.1_PDT000841498.1_genomic,7
GCA_006537865.1_PDT000532919.1_genomic,7
GCA_018227345.1_PDT001016792.1_genomic,7
GCA_008951765.1_PDT000602440.1_genomic,7
GCA_017337485.1_PDT000983409.1_genomic,7
GCA_018172415.1_PDT001011988.1_genomic,7
GCA_008451045.1_PDT000343773.1_genomic,7
GCA_020491765.1_PDT001150610.1_genomic,7
GCA_009142145.1_PDT000180012.2_genomic,7
GCA_020946365.1_PDT001175931.1_genomic,7
GCA_020979705.1_PDT001184706.1_genomic,7
GCA_019163255.1_PDT001083918.1_genomic,7
GCA_004226365.1_PDT000356927.1_genomic,7
GCA_005697035.1_PDT000393002.1_genomic,7
GCA_010525415.1_PDT000655418.1_genomic,7
GCA_008719175.1_PDT000592398.1_genomic,7
GCA_020958615.1_PDT001175350.1_genomic,7
GCA_007288645.1_PDT000351733.1_genomic,7
GCA_004242545.1_PDT000409656.1_genomic,7
GCA_014064005.1_PDT000802292.1_genomic,7
GCA_010387095.1_PDT000654661.1_genomic,7
GCA_006593085.1_PDT000340485.1_genomic,7
GCA_003895855.1_PDT000344012.1_genomic,7
GCA_017107145.1_PDT000973827.1_genomic,7
GCA_006923295.1_PDT000171705.2_genomic,7
GCA_007289775.1_PDT000377513.1_genomic,7
GCA_014664755.1_PDT000839396.1_genomic,7
GCA_010536415.1_PDT000027657.3_genomic,7
GCA_008649015.1_PDT000094715.2_genomic,7
GCA_007206335.1_PDT000331002.1_genomic,7
GCA_019499045.1_PDT001106139.1_genomic,7
GCA_018483185.1_PDT001024755.1_genomic,7
GCA_008862065.1_PDT000600876.1_genomic,7
GCA_005967075.1_PDT000140602.2_genomic,7
GCA_011274825.1_PDT000672022.1_genomic,7
GCA_008389775.1_PDT000584001.1_genomic,7
GCA_005610595.1_PDT000343631.1_genomic,7
GCA_007323455.1_PDT000387498.1_genomic,7
GCA_006138255.1_PDT000234833.2_genomic,7
GCA_006808605.1_PDT000485555.2_genomic,7
GCA_008836085.1_PDT000122469.2_genomic,7
GCA_020512955.1_PDT001151648.1_genomic,7
GCA_009519155.1_PDT000253908.2_genomic,7
GCA_006945925.1_PDT000189201.2_genomic,7
GCA_007641055.1_PDT000297422.2_genomic,7
GCA_010483955.1_PDT000656417.1_genomic,7
GCA_011795325.1_PDT000685085.1_genomic,7
GCA_007353375.1_PDT000408820.1_genomic,7
GCA_008701045.1_PDT000250416.2_genomic,7
GCA_019707215.1_PDT001113795.1_genomic,7
GCA_017105945.1_PDT000973921.1_genomic,7
GCA_020344135.1_PDT001145693.1_genomic,7
GCA_000240885.2_ASM24088v2_genomic,7
GCA_007618835.1_PDT000539202.1_genomic,7
GCA_017638605.1_PDT000993260.1_genomic,7
GCA_019274395.1_PDT001090888.1_genomic,7
GCA_005841945.1_PDT000480068.1_genomic,7
GCA_020231875.1_PDT001143674.1_genomic,7
GCA_006606725.1_PDT000356517.1_genomic,7
GCA_005971125.1_PDT000144674.2_genomic,7
GCA_006304345.1_PDT000260492.2_genomic,7
GCA_007959445.1_PDT000556490.1_genomic,7
GCA_006177585.1_PDT000265552.2_genomic,7
GCA_006206655.1_PDT000300952.2_genomic,7
GCA_014780715.1_PDT000849660.1_genomic,7
GCA_010414565.1_PDT000225947.2_genomic,7
GCA_014449375.1_PDT000828035.1_genomic,7
GCA_008971985.1_PDT000603895.1_genomic,7
GCA_010256605.1_PDT000447922.1_genomic,7
GCA_007022275.1_PDT000219435.2_genomic,7
GCA_005725835.1_PDT000476595.1_genomic,7
GCA_009618835.1_PDT000607101.1_genomic,7
GCA_008513035.1_PDT000584848.1_genomic,7
GCA_014521505.1_PDT000833576.1_genomic,7
GCA_008508045.1_PDT000365495.1_genomic,7
GCA_006624525.1_PDT000370962.1_genomic,7
GCA_008686485.1_ASM868648v1_genomic,7
GCA_010916535.1_PDT000565040.1_genomic,7
GCA_009216885.1_PDT000207540.2_genomic,7
GCA_007087905.1_PDT000259252.2_genomic,7
GCA_006158825.1_PDT000236433.2_genomic,7
GCA_010396025.1_PDT000137066.2_genomic,7
GCA_020235675.1_PDT001143518.1_genomic,7
GCA_019834145.1_PDT001120772.1_genomic,7
GCA_007890845.1_PDT000554098.1_genomic,7
GCA_015448265.1_PDT000888298.1_genomic,7
GCA_018354485.1_PDT001025808.1_genomic,7
GCA_016437765.1_PDT000925553.1_genomic,7
GCA_008923945.1_PDT000138093.2_genomic,7
GCA_004174515.1_PDT000329036.1_genomic,7
GCA_010846005.1_PDT000662424.1_genomic,7
GCA_008675555.1_PDT000096617.2_genomic,7
GCA_006683165.1_PDT000467199.2_genomic,7
GCA_006808745.1_PDT000486164.2_genomic,7
GCA_013511745.1_PDT000784419.1_genomic,7
GCA_011414475.1_PDT000163142.3_genomic,7
GCA_010713155.1_PDT000081245.2_genomic,7
GCA_008262865.1_PDT000576710.1_genomic,7
GCA_019497665.1_PDT001105677.1_genomic,7
GCA_006423495.1_PDT000521351.1_genomic,7
GCA_013642615.1_PDT000773176.1_genomic,7
GCA_014455795.1_PDT000828330.1_genomic,7
GCA_007081465.1_PDT000253261.2_genomic,7
GCA_008877625.1_PDT000122470.2_genomic,7
GCA_009587885.1_PDT000271720.2_genomic,7
GCA_005602055.1_PDT000496219.1_genomic,7
GCA_013873635.1_PDT000798190.1_genomic,7
GCA_010386245.1_PDT000640297.1_genomic,7
GCA_004225705.1_PDT000387484.1_genomic,7
GCA_016140715.1_PDT000917895.1_genomic,7
GCA_005743115.1_PDT000482399.1_genomic,7
GCA_005796955.1_PDT000403673.1_genomic,7
GCF_047458355.1_ASM4745835v1_genomic,7
GCA_010759935.1_PDT000152354.2_genomic,7
GCA_009228285.1_PDT000610964.1_genomic,7
GCA_006254975.1_PDT000268995.2_genomic,7
GCA_008478885.1_PDT000137101.2_genomic,7
GCA_005555155.1_PDT000405169.1_genomic,7
GCA_007245095.1_PDT000339034.1_genomic,7
GCA_006255815.1_PDT000273590.2_genomic,7
GCA_020065265.1_PDT001133662.1_genomic,7
GCA_013566115.1_PDT000781440.1_genomic,7
GCA_013785105.1_PDT000750995.1_genomic,7
GCA_015874925.1_PDT000901442.1_genomic,7
GCA_005934925.1_PDT000037913.2_genomic,7
GCA_003120235.1_ASM312023v1_genomic,7
GCA_011306075.1_PDT000679680.1_genomic,7
GCA_006322965.1_PDT000306625.2_genomic,7
GCA_006254595.1_PDT000273081.2_genomic,7
GCA_020020455.1_PDT001131320.1_genomic,7
GCA_013099215.1_PDT000735413.1_genomic,7
GCA_020668035.1_PDT001161149.1_genomic,7
GCA_014396125.1_PDT000821985.1_genomic,7
GCA_008481345.1_PDT000151237.2_genomic,7
GCA_007059365.1_PDT000240023.2_genomic,7
GCA_018980805.1_PDT001029031.1_genomic,7
GCA_005754275.1_PDT000066319.2_genomic,7
GCA_007514705.1_PDT000464945.1_genomic,7
GCA_010453075.1_PDT000144635.2_genomic,7
GCA_020614115.1_PDT001161120.1_genomic,7
GCA_015099115.1_PDT000855811.1_genomic,7
GCA_006049215.1_PDT000206184.2_genomic,7
GCA_013737595.1_PDT000762619.1_genomic,7
GCA_011275145.1_PDT000673078.1_genomic,7
GCA_013505815.1_PDT000784361.1_genomic,7
GCA_006047195.1_PDT000199160.2_genomic,7
GCA_000486365.2_ASM48636v2_genomic,7
GCA_017657495.1_PDT000989157.2_genomic,7
GCA_018116465.1_PDT001009656.1_genomic,7
GCA_013726005.1_PDT000763129.1_genomic,7
GCA_013499785.1_PDT000785259.1_genomic,7
GCA_006396895.1_PDT000518211.1_genomic,7
GCA_015848675.1_PDT000904901.1_genomic,7
GCA_013571435.1_PDT000781055.1_genomic,7
GCA_011504045.1_PDT000702876.1_genomic,7
GCA_006312705.1_PDT000279012.2_genomic,7
GCA_020919875.1_PDT001177500.1_genomic,7
GCA_008599165.1_PDT000587896.1_genomic,7
GCA_016408645.1_ASM1640864v1_genomic,7
GCA_010546925.1_PDT000104726.2_genomic,7
GCA_002858555.1_ASM285855v1_genomic,7
GCA_005680035.1_PDT000329042.1_genomic,7
GCA_016914025.1_ASM1691402v1_genomic,7
GCA_009481785.1_PDT000620969.1_genomic,7
GCA_007083835.1_PDT000257798.2_genomic,7
GCA_005672475.1_PDT000496222.1_genomic,7
GCA_007376925.1_PDT000418549.1_genomic,7
GCA_008845425.1_PDT000600650.1_genomic,7
GCA_013571075.1_PDT000781113.1_genomic,7
GCA_006217785.1_PDT000517774.1_genomic,7
GCA_006186265.1_PDT000277809.2_genomic,7
GCA_019277835.1_PDT001090607.1_genomic,7
GCA_011385115.1_PDT000705978.1_genomic,7
GCA_008403295.1_PDT000586118.1_genomic,7
GCA_009322755.1_PDT000218639.2_genomic,7
GCA_005664655.1_PDT000479040.1_genomic,7
GCA_020279205.1_PDT001142927.1_genomic,7
GCA_007200035.1_PDT000223392.2_genomic,7
GCA_018405445.1_PDT001042091.1_genomic,7
GCA_014750725.1_PDT000733466.1_genomic,7
GCA_008002665.1_PDT000047072.3_genomic,7
GCA_013757695.1_PDT000760279.1_genomic,7
GCA_007654335.1_PDT000457546.1_genomic,7
GCA_006707025.1_PDT000323850.1_genomic,7
GCA_018299165.1_PDT001021776.1_genomic,7
GCF_041366055.1_ASM4136605v1_genomic,7
GCA_006691345.1_PDT000051946.3_genomic,7
GCA_006603825.1_PDT000353870.1_genomic,7
GCA_010889195.1_PDT000630087.1_genomic,7
GCA_010463925.1_PDT000644810.1_genomic,7
GCA_013770785.1_PDT000755535.1_genomic,7
GCA_011192435.1_PDT000632304.1_genomic,7
GCA_020260605.1_PDT001143164.1_genomic,7
GCA_005556255.1_PDT000407329.1_genomic,7
GCA_005951345.1_PDT000081215.2_genomic,7
GCA_011799745.1_PDT000685340.1_genomic,7
GCA_011416775.1_PDT000043586.5_genomic,7
GCA_008268165.1_PDT000577492.1_genomic,7
GCA_018100645.1_PDT001008825.1_genomic,7
GCA_017324365.1_PDT000979340.1_genomic,7
GCA_014784865.1_PDT000849437.1_genomic,7
GCA_007398115.1_PDT000439526.1_genomic,7
GCA_009518395.1_PDT000253873.2_genomic,7
GCA_009439695.1_PDT000232536.2_genomic,7
GCA_010551645.1_PDT000178822.2_genomic,7
GCA_018314035.1_PDT001022107.1_genomic,7
GCA_020238675.1_PDT001143629.1_genomic,7
GCA_007495185.1_PDT000310952.2_genomic,7
GCA_007257375.1_PDT000341498.1_genomic,7
GCA_007519325.1_PDT000470706.1_genomic,7
GCA_006770085.1_PDT000232275.4_genomic,7
GCA_008443665.1_PDT000317520.1_genomic,7
GCA_005739115.1_PDT000487354.1_genomic,7
GCA_008907865.1_PDT000133362.2_genomic,7
GCA_016311025.1_PDT000921885.1_genomic,7
GCA_007566185.1_PDT000299777.2_genomic,7
GCA_006138215.1_PDT000234935.2_genomic,7
GCA_008526415.1_PDT000162056.2_genomic,7
GCA_013772645.1_PDT000754293.1_genomic,7
GCA_008688975.1_ASM868897v1_genomic,7
GCA_010445275.1_PDT000655236.1_genomic,7
GCA_006521815.1_PDT000390704.1_genomic,7
GCA_007550695.1_PDT000275889.2_genomic,7
GCA_005976835.1_PDT000159023.2_genomic,7
GCA_002106665.1_ASM210666v1_genomic,7
GCA_010626805.1_PDT000224324.2_genomic,7
GCA_010753595.1_PDT000188304.2_genomic,7
GCA_019588585.1_PDT001108484.1_genomic,7
GCA_020392865.1_PDT001146484.1_genomic,7
GCA_003078255.1_ASM307825v1_genomic,7
GCF_041124785.1_ASM4112478v1_genomic,7
GCA_006209145.1_PDT000311951.2_genomic,7
GCA_009998845.1_PDT000002104.2_genomic,7
GCA_008760135.1_PDT000594004.1_genomic,7
GCA_007241055.1_PDT000338006.1_genomic,7
GCA_005932035.1_PDT000000566.2_genomic,7
GCA_006260975.1_PDT000287264.2_genomic,7
GCA_012107515.1_PDT000719864.1_genomic,7
GCA_013565795.1_PDT000781437.1_genomic,7
GCA_009324695.1_PDT000218890.2_genomic,7
GCA_006121475.1_PDT000226175.2_genomic,7
GCA_005560575.1_PDT000412545.1_genomic,7
GCA_008437085.1_PDT000224610.2_genomic,7
GCA_010681545.1_PDT000059247.2_genomic,7
GCA_019276655.1_PDT001090757.1_genomic,7
GCA_011257695.1_PDT000624420.1_genomic,7
GCA_019383515.1_PDT001096891.1_genomic,7
GCA_019277575.1_PDT001090662.1_genomic,7
GCA_008593765.1_PDT000587612.1_genomic,7
GCA_014587935.1_PDT000724515.1_genomic,7
GCA_007616385.1_PDT000533270.1_genomic,7
GCA_020901415.1_PDT001177965.1_genomic,7
GCA_006869885.1_PDT000060705.2_genomic,7
GCA_011127035.1_PDT000264824.2_genomic,7
GCA_020998735.1_PDT001182454.1_genomic,7
GCA_008683905.1_ASM868390v1_genomic,7
GCA_014581215.1_PDT000724936.1_genomic,7
GCA_003759705.1_PDT000399071.1_genomic,7
GCA_009210665.1_PDT000205911.2_genomic,7
GCA_010445595.1_PDT000299729.2_genomic,7
GCA_005417075.1_PDT000393907.1_genomic,7
GCA_010489875.1_PDT000658860.1_genomic,7
GCA_019679535.1_PDT001110910.1_genomic,7
GCA_020961895.1_PDT001183176.1_genomic,7
GCA_019907315.1_PDT001125687.1_genomic,7
GCA_018995785.1_PDT001074534.1_genomic,7
GCA_019388175.1_PDT001097444.1_genomic,7
GCA_010939775.1_PDT000636557.1_genomic,7
GCA_006610385.1_PDT000361130.1_genomic,7
GCA_018724165.1_PDT001058323.1_genomic,7
GCA_007158785.1_PDT000326342.1_genomic,7
GCA_006935955.1_PDT000326011.1_genomic,7
GCA_008428345.1_PDT000141554.2_genomic,7
GCA_006171985.1_PDT000257880.2_genomic,7
GCA_019406525.1_PDT001098838.1_genomic,7
GCA_007299935.1_PDT000379942.1_genomic,7
GCA_019437905.1_PDT001100420.1_genomic,7
GCA_010860885.1_PDT000639868.1_genomic,7
GCA_008773175.1_PDT000595727.1_genomic,7
GCA_010455095.1_PDT000205125.2_genomic,7
GCA_006829485.1_PDT000364079.1_genomic,7
GCA_014540205.1_PDT000835927.1_genomic,7
GCA_014965755.1_PDT000862277.1_genomic,7
GCA_014452375.1_PDT000828507.1_genomic,7
GCA_006111155.1_PDT000206232.2_genomic,7
GCA_010444495.1_PDT000646791.1_genomic,7
GCA_006390475.1_PDT000148947.3_genomic,7
GCA_000189175.2_ASM18917v2_genomic,7
GCA_009105645.1_PDT000607679.1_genomic,7
GCA_003899195.1_PDT000356670.1_genomic,7
GCA_019145675.1_PDT001082890.1_genomic,7
GCA_010667205.1_PDT000055152.2_genomic,7
GCA_010141255.1_PDT000275895.2_genomic,7
GCA_011287225.1_PDT000673896.1_genomic,7
GCA_005449725.1_PDT000387949.1_genomic,7
GCA_000748325.1_CFSAN000216_01.0_genomic,7
GCA_006690005.1_PDT000040331.4_genomic,7
GCA_016442325.1_PDT000925320.1_genomic,7
GCA_019384115.1_PDT001096860.1_genomic,7
GCA_015326285.1_PDT000883979.1_genomic,7
GCA_020207215.1_PDT001141459.1_genomic,7
GCA_017125055.1_PDT000949446.1_genomic,7
GCA_011609485.1_PDT000688282.1_genomic,7
GCA_014739615.1_PDT000844956.1_genomic,7
GCA_011199135.1_PDT000668762.1_genomic,7
GCA_008975565.1_PDT000149799.2_genomic,7
GCA_008527375.1_PDT000181320.2_genomic,7
GCA_013664135.1_PDT000770792.1_genomic,7
GCA_006050095.1_PDT000207075.2_genomic,7
GCA_007181515.1_PDT000003572.3_genomic,7
GCA_007109925.1_PDT000275451.2_genomic,7
GCA_010641725.1_PDT000059171.2_genomic,7
GCA_006891015.1_PDT000105372.2_genomic,7
GCA_014277155.1_PDT000817474.1_genomic,7
GCA_011613445.1_PDT000628396.1_genomic,7
GCA_014777385.1_PDT000848725.1_genomic,7
GCA_018391565.1_PDT001040614.1_genomic,7
GCA_009296965.1_PDT000214627.2_genomic,7
GCA_007232155.1_PDT000182729.2_genomic,7
GCA_008962735.1_PDT000603151.1_genomic,7
GCA_006118125.1_PDT000219823.2_genomic,7
GCA_010408945.1_PDT000254219.2_genomic,7
GCA_009371605.1_PDT000617769.1_genomic,7
GCA_006533855.1_PDT000532684.1_genomic,7
GCA_016945095.1_PDT000971991.1_genomic,7
GCA_000748385.1_CFSAN000953_01.0_genomic,7
GCA_007337535.1_PDT000395785.1_genomic,7
GCA_015254535.1_PDT000879809.1_genomic,7
GCA_018190395.1_PDT001015355.1_genomic,7
GCA_008785805.1_PDT000594777.1_genomic,7
GCA_010797075.1_PDT000096982.2_genomic,7
GCA_007241715.1_PDT000338120.1_genomic,7
GCF_041371115.1_ASM4137111v1_genomic,7
GCA_018217295.1_PDT001016361.1_genomic,7
GCA_006625425.1_PDT000372963.1_genomic,7
GCA_008467345.1_PDT000586012.1_genomic,7
GCA_006883765.1_PDT000068819.2_genomic,7
GCA_016494445.1_PDT000928041.1_genomic,7
GCA_017658735.1_PDT000992999.1_genomic,7
GCA_014113305.1_PDT000804288.1_genomic,7
GCA_008678095.1_PDT000590325.1_genomic,7
GCA_005702555.1_PDT000407288.1_genomic,7
GCA_010607145.1_PDT000258232.2_genomic,7
GCA_011205575.1_PDT000668703.1_genomic,7
GCA_010644785.1_PDT000053855.2_genomic,7
GCA_008499205.1_PDT000072799.4_genomic,7
GCA_003869135.1_PDT000034305.3_genomic,7
GCA_015681135.1_PDT000896828.1_genomic,7
GCA_020613755.1_PDT001161134.1_genomic,7
GCA_007221775.1_PDT000334785.1_genomic,7
GCA_006265495.1_PDT000288026.2_genomic,7
GCA_020772675.1_PDT001169225.1_genomic,7
GCA_020729445.1_PDT001167397.1_genomic,7
GCA_007320415.1_PDT000386748.1_genomic,7
GCA_020863065.1_PDT001174187.1_genomic,7
GCA_020273165.1_PDT001143745.1_genomic,7
GCA_019000385.1_PDT001074423.1_genomic,7
GCA_014951185.1_PDT000862943.1_genomic,7
GCA_010986295.1_PDT000683109.1_genomic,7
GCA_014564475.1_PDT000729764.1_genomic,7
GCA_002106375.1_ASM210637v1_genomic,7
GCA_013558455.1_PDT000789781.1_genomic,7
GCA_020032655.1_PDT001131741.1_genomic,7
GCA_007268485.1_PDT000344222.1_genomic,7
GCA_011463845.1_PDT000636003.1_genomic,7
GCA_020867485.1_PDT001173942.1_genomic,7
GCA_017803295.1_PDT000998519.1_genomic,7
GCA_008178045.1_PDT000570969.1_genomic,7
GCA_006877845.1_PDT000065920.2_genomic,7
GCA_018574825.1_PDT001048767.1_genomic,7
GCA_006489955.1_PDT000044663.2_genomic,7
GCA_011396975.1_PDT000220106.2_genomic,7
GCA_005526325.1_PDT000392277.1_genomic,7
GCA_013795385.1_PDT000749488.1_genomic,7
GCA_005923685.1_PDT000509122.1_genomic,7
GCA_005846285.1_PDT000482125.1_genomic,7
GCA_019543915.1_PDT001102233.1_genomic,7
GCA_014046525.1_PDT000800059.1_genomic,7
GCA_001535215.1_ASM153521v1_genomic,7
GCA_011556595.1_PDT000625944.1_genomic,7
GCA_005483695.1_PDT000451339.1_genomic,7
GCA_020207075.1_PDT001141609.1_genomic,7
GCA_007399545.1_PDT000441336.1_genomic,7
GCA_009418845.1_PDT000620397.1_genomic,7
GCA_007067005.1_PDT000244311.2_genomic,7
GCA_010687445.1_PDT000087522.2_genomic,7
GCA_020945145.1_PDT001176008.1_genomic,7
GCA_011605985.1_PDT000285696.2_genomic,7
GCA_007196375.1_PDT000113747.2_genomic,7
GCA_006252015.1_PDT000265489.2_genomic,7
GCA_017111405.1_PDT000973507.1_genomic,7
GCA_010790615.1_PDT000650054.1_genomic,7
GCA_007517545.1_PDT000469601.1_genomic,7
GCA_020727205.1_PDT001167290.1_genomic,7
GCA_010693525.1_PDT000036311.2_genomic,7
GCA_011113355.1_PDT000153196.2_genomic,7
GCA_018867165.1_PDT001067768.1_genomic,7
GCA_011737415.1_PDT000712327.1_genomic,7
GCA_017235915.1_PDT000939830.1_genomic,7
GCA_020001925.1_PDT001130376.1_genomic,7
GCA_011437955.1_PDT000053129.2_genomic,7
GCA_010743845.1_PDT000653276.1_genomic,7
GCA_018415465.1_PDT001042858.1_genomic,7
GCA_004223425.1_PDT000148953.2_genomic,7
GCA_009574965.1_PDT000265885.2_genomic,7
GCA_020212815.1_PDT001141893.1_genomic,7
GCA_015524405.1_PDT000891281.1_genomic,7
GCA_006922555.1_PDT000171704.2_genomic,7
GCA_002062415.1_ASM206241v1_genomic,7
GCA_013876775.1_PDT000798022.1_genomic,7
GCA_017183415.1_PDT000943807.1_genomic,7
GCA_006613285.1_PDT000362664.1_genomic,7
GCA_013159345.1_PDT000744400.1_genomic,7
GCA_006917525.1_PDT000259447.2_genomic,7
GCA_020913885.1_PDT001179209.1_genomic,7
GCA_010525895.1_PDT000205839.2_genomic,7
GCA_013721525.1_PDT000764453.1_genomic,7
GCA_010565865.1_PDT000049151.2_genomic,7
GCA_005932355.1_PDT000037521.2_genomic,7
GCA_007993325.1_ASM799332v1_genomic,7
GCA_011474655.1_PDT000638864.1_genomic,7
GCA_011091465.1_PDT000052774.2_genomic,7
GCA_008519115.1_PDT000123207.2_genomic,7
GCA_009219935.1_PDT000209756.2_genomic,7
GCA_005707875.1_PDT000412756.1_genomic,7
GCA_020729245.1_PDT001167421.1_genomic,7
GCA_017523035.1_PDT000987261.1_genomic,7
GCA_020067985.1_PDT001133792.1_genomic,7
GCA_000188375.2_ASM18837v2_genomic,7
GCA_003869635.1_PDT000027696.3_genomic,7
GCA_014769375.1_PDT000847608.1_genomic,7
GCA_015158155.1_PDT000853551.1_genomic,7
GCA_009044965.1_PDT000167810.2_genomic,7
GCA_006298485.1_PDT000239973.2_genomic,7
GCA_018842075.1_PDT001066468.1_genomic,7
GCA_017797345.1_PDT000998923.1_genomic,7
GCA_018625595.1_PDT001057271.1_genomic,7
GCA_018124645.1_PDT001010828.1_genomic,7
GCA_005597355.1_PDT000489307.1_genomic,7
GCA_014949725.1_PDT000863476.1_genomic,7
GCA_019932435.1_PDT001127583.1_genomic,7
GCA_006468985.1_PDT000524447.1_genomic,7
GCA_020959035.1_PDT001175308.1_genomic,7
GCA_017486545.1_PDT000985975.1_genomic,7
GCA_015241215.1_PDT000878024.1_genomic,7
GCA_005942805.1_PDT000049113.2_genomic,7
GCA_018843455.1_PDT001066396.1_genomic,7
GCA_011329685.1_PDT000637475.1_genomic,7
GCA_010848245.1_PDT000648107.1_genomic,7
GCA_009483625.1_PDT000620965.1_genomic,7
GCA_020020235.1_PDT001131238.1_genomic,7
GCA_013586175.1_PDT000789381.1_genomic,7
GCA_010757835.1_PDT000198265.2_genomic,7
GCA_009594445.1_PDT000274605.2_genomic,7
GCA_008839225.1_PDT000600285.1_genomic,7
GCA_003744075.1_PDT000399067.1_genomic,7
GCA_015922525.1_PDT000897794.1_genomic,7
GCA_011549875.1_PDT000629670.1_genomic,7
GCA_006665205.1_PDT000356516.1_genomic,7
GCA_019683095.1_PDT001110989.1_genomic,7
GCA_020549185.1_PDT001158268.1_genomic,7
GCA_008162745.1_PDT000569366.1_genomic,7
GCA_020898575.1_PDT001178046.1_genomic,7
GCA_006410345.1_PDT000519989.1_genomic,7
GCA_007712045.1_PDT000544390.1_genomic,7
GCA_003324915.1_ASM332491v1_genomic,7
GCA_009563915.1_PDT000254483.2_genomic,7
GCA_008972335.1_PDT000603957.1_genomic,7
GCA_006844365.1_PDT000027680.2_genomic,7
GCA_006021055.1_PDT000065469.2_genomic,7
GCA_018523275.1_PDT001042999.1_genomic,7
GCA_011219615.1_PDT000671200.1_genomic,7
GCA_014806325.1_PDT000850721.1_genomic,7
GCA_006646665.1_PDT000330173.1_genomic,7
GCA_010387315.3_PDT000655752.3_genomic,7
GCA_014913045.1_PDT000860043.1_genomic,7
GCA_011798405.1_PDT000685347.1_genomic,7
GCA_007423705.1_PDT000464406.1_genomic,7
GCA_015645525.1_ASM1564552v1_genomic,7
GCA_020269225.1_PDT001142883.1_genomic,7
GCA_009210125.1_PDT000205886.2_genomic,7
GCA_006895485.1_PDT000108210.2_genomic,7
GCA_011559325.1_PDT000631649.1_genomic,7
GCA_013164185.1_PDT000743570.1_genomic,7
GCA_008469205.1_PDT000085843.2_genomic,7
GCA_021064945.1_PDT001195234.1_genomic,7
GCA_007310195.1_PDT000384571.1_genomic,7
GCA_006521355.1_PDT000368614.1_genomic,7
GCA_013532135.1_PDT000781675.1_genomic,7
GCA_017923915.1_PDT001004678.1_genomic,7
GCA_015925165.1_PDT000897639.1_genomic,7
GCA_005649595.1_PDT000430203.1_genomic,7
GCA_013162575.1_PDT000743796.1_genomic,7
GCA_007472995.1_PDT000058476.2_genomic,7
GCA_006023395.1_PDT000095202.2_genomic,7
GCA_015298565.1_PDT000882677.1_genomic,7
GCA_019303035.1_PDT001093526.1_genomic,7
GCA_006819325.1_PDT000324965.1_genomic,7
GCA_014588675.1_PDT000724378.1_genomic,7
GCA_011748525.1_PDT000711263.1_genomic,7
GCA_007400605.1_PDT000444807.1_genomic,7
GCA_020609315.1_PDT001161017.1_genomic,7
GCA_014704965.1_PDT000842190.1_genomic,7
GCA_016636365.1_PDT000932036.1_genomic,7
GCA_007540755.1_PDT000537398.1_genomic,7
GCA_006164225.1_PDT000241844.2_genomic,7
GCA_009354315.1_PDT000617047.1_genomic,7
GCA_008881285.1_PDT000123460.2_genomic,7
GCA_005919145.1_PDT000505022.1_genomic,7
GCA_013562515.1_PDT000789697.1_genomic,7
GCA_006602245.1_PDT000353454.1_genomic,7
GCA_014785105.1_PDT000849425.1_genomic,7
GCF_046842585.1_ASM4684258v1_genomic,7
GCA_007245635.1_PDT000339066.1_genomic,7
GCA_019516125.1_ASM1951612v1_genomic,7
GCA_011076895.1_PDT000042952.4_genomic,7
GCA_010803045.1_PDT000655448.1_genomic,7
GCA_006919115.1_PDT000167721.2_genomic,7
GCA_010710815.1_PDT000660735.1_genomic,7
GCA_005907985.1_PDT000500887.1_genomic,7
GCA_008485245.1_PDT000205881.2_genomic,7
GCA_006154565.1_PDT000244521.2_genomic,7
GCA_005753755.1_PDT000497609.1_genomic,7
GCA_009239525.1_PDT000612067.1_genomic,7
GCA_020227655.1_PDT001142352.1_genomic,7
GCA_010707495.1_PDT000658910.1_genomic,7
GCA_011436875.1_PDT000644421.1_genomic,7
GCA_014272445.1_PDT000819579.1_genomic,7
GCA_006708725.1_PDT000329102.1_genomic,7
GCA_011714295.1_PDT000709740.1_genomic,7
GCA_006848765.1_PDT000039110.2_genomic,7
GCA_018461405.1_PDT001044415.1_genomic,7
GCF_041127505.1_ASM4112750v1_genomic,7
GCA_007201615.1_PDT000254096.2_genomic,7
GCA_009475515.1_PDT000236195.2_genomic,7
GCA_011514365.1_PDT000282044.2_genomic,7
GCA_005534485.1_PDT000185835.2_genomic,7
GCA_016912355.1_ASM1691235v1_genomic,7
GCA_008887505.1_PDT000599442.1_genomic,7
GCA_008966775.1_PDT000603406.1_genomic,7
GCA_005466635.1_PDT000413638.1_genomic,7
GCA_000189075.2_ASM18907v2_genomic,7
GCA_010450395.1_PDT000650784.1_genomic,7
GCA_020219575.1_PDT001143029.1_genomic,7
GCA_009399145.1_PDT000227590.2_genomic,7
GCA_006596185.1_PDT000344578.1_genomic,7
GCA_010371125.1_PDT000300448.2_genomic,7
GCA_020820055.1_PDT001172608.1_genomic,7
GCA_006319505.1_PDT000304833.2_genomic,7
GCA_005588715.1_PDT000478813.1_genomic,7
GCA_006908605.1_PDT000144186.2_genomic,7
GCA_007727425.1_PDT000547715.1_genomic,7
GCA_005418155.1_PDT000405185.1_genomic,7
GCA_009188385.1_PDT000610298.1_genomic,7
GCA_007205005.1_PDT000112797.2_genomic,7
GCA_018188115.1_PDT001015478.1_genomic,7
GCA_006082875.1_PDT000001204.2_genomic,7
GCA_008213515.1_PDT000559129.1_genomic,7
GCA_004260785.1_PDT000350755.1_genomic,7
GCA_011467495.1_PDT000707567.1_genomic,7
GCA_006746795.1_PDT000465749.2_genomic,7
GCA_007165685.1_PDT000328781.1_genomic,7
GCA_009345955.1_PDT000616509.1_genomic,7
GCA_007456775.1_PDT000539369.1_genomic,7
GCA_017012115.1_PDT000973016.1_genomic,7
GCA_007697425.1_PDT000544924.1_genomic,7
GCA_006132595.1_PDT000232469.2_genomic,7
GCA_007008125.1_PDT000335017.1_genomic,7
GCA_005723235.1_PDT000440258.1_genomic,7
GCA_005969485.1_PDT000140584.2_genomic,7
GCA_020752195.1_PDT001167986.1_genomic,7
GCA_010442135.1_PDT000178613.2_genomic,7
GCA_015100655.1_PDT000855738.1_genomic,7
GCA_006414355.1_PDT000520237.1_genomic,7
GCA_016641445.1_PDT000932343.1_genomic,7
GCA_006306985.1_PDT000265803.2_genomic,7
GCA_014600545.1_PDT000836896.1_genomic,7
GCA_015033605.1_PDT000869378.1_genomic,7
GCA_007075725.1_PDT000248131.2_genomic,7
GCA_010544915.1_PDT000195106.2_genomic,7
GCA_006178635.1_PDT000266657.2_genomic,7
GCA_008044915.1_PDT000043263.5_genomic,7
GCA_011709355.1_PDT000709004.1_genomic,7
GCA_014390885.1_PDT000827522.1_genomic,7
GCA_008024115.1_PDT000044740.3_genomic,7
GCA_016094715.1_PDT000913713.1_genomic,7
GCA_019088705.1_PDT001079696.1_genomic,7
GCA_002055075.1_ASM205507v1_genomic,7
GCA_010441315.1_PDT000296650.2_genomic,7
GCA_015323505.1_PDT000884079.1_genomic,7
GCA_013093355.1_PDT000733675.1_genomic,7
GCA_007076605.1_PDT000252815.2_genomic,7
GCA_005682715.1_PDT000356958.1_genomic,7
GCA_007476005.1_PDT000278951.2_genomic,7
GCA_010826645.1_PDT000643568.1_genomic,7
GCA_008449085.1_PDT000282930.4_genomic,7
GCA_000748265.1_CFSAN000213_01.0_genomic,7
GCA_006264415.1_PDT000281680.2_genomic,7
GCA_013517855.1_PDT000784406.1_genomic,7
GCA_006411755.1_PDT000520053.1_genomic,7
GCA_009412285.1_PDT000619427.1_genomic,7
GCA_018011135.1_PDT001006466.1_genomic,7
GCA_007641835.1_PDT000310721.2_genomic,7
GCA_018454265.1_PDT001044786.1_genomic,7
GCA_009288885.1_PDT000214262.2_genomic,7
GCA_018451185.1_PDT001044949.1_genomic,7
GCA_021072565.1_PDT001197213.1_genomic,7
GCA_018101655.1_PDT001009118.1_genomic,8
GCA_006968185.1_PDT000211413.2_genomic,8
GCA_009354675.1_PDT000617067.1_genomic,8
GCA_007085545.1_PDT000258107.2_genomic,8
GCA_006049675.1_PDT000206651.2_genomic,8
GCA_006666885.1_PDT000357425.1_genomic,8
GCA_010478935.1_PDT000645981.1_genomic,8
GCA_020221355.1_PDT001143205.1_genomic,8
GCA_017925455.1_PDT001004599.1_genomic,8
GCA_008994315.1_PDT000158517.2_genomic,8
GCA_005420775.1_PDT000412387.1_genomic,8
GCA_008699925.1_PDT000241510.2_genomic,8
GCA_008639065.1_PDT000082256.2_genomic,8
GCA_014247045.1_PDT000814925.1_genomic,8
GCA_010393365.1_PDT000131183.2_genomic,8
GCA_018773465.1_PDT001063035.1_genomic,8
GCA_011787875.1_PDT000684693.1_genomic,8
GCA_005590495.1_PDT000480108.1_genomic,8
GCA_009471945.1_PDT000235109.2_genomic,8
GCA_007633595.1_PDT000286885.2_genomic,8
GCA_005532495.1_PDT000002703.2_genomic,8
GCA_005554055.1_PDT000403412.1_genomic,8
GCA_005980525.1_PDT000173408.2_genomic,8
GCA_017352955.1_PDT000983351.1_genomic,8
GCA_013091875.1_PDT000735080.1_genomic,8
GCA_006558965.1_PDT000331964.1_genomic,8
GCA_020078265.1_PDT001134139.1_genomic,8
GCA_003770925.1_PDT000402989.1_genomic,8
GCA_008077695.1_PDT000056669.2_genomic,8
GCA_010573765.1_PDT000213106.2_genomic,8
GCA_007536235.1_PDT000500649.1_genomic,8
GCA_008884735.1_PDT000599206.1_genomic,8
GCA_019021665.1_PDT001076258.1_genomic,8
GCA_016347925.1_PDT000922679.1_genomic,8
GCA_015856285.1_PDT000903223.1_genomic,8
GCA_008742435.1_PDT000099637.2_genomic,8
GCA_019785705.1_PDT001117263.1_genomic,8
GCA_005749955.1_PDT000494216.1_genomic,8
GCA_011353205.1_PDT000673033.1_genomic,8
GCA_009585085.1_PDT000269425.2_genomic,8
GCA_009566815.1_PDT000258228.2_genomic,8
GCA_007809135.1_PDT000542007.1_genomic,8
GCA_005526455.1_PDT000392604.1_genomic,8
GCA_009253645.1_PDT000213080.2_genomic,8
GCA_021075325.1_PDT001197478.1_genomic,8
GCA_006971405.1_PDT000213165.2_genomic,8
GCA_009319195.1_PDT000216479.2_genomic,8
GCA_006035145.1_PDT000201081.2_genomic,8
GCA_008263535.1_PDT000576771.1_genomic,8
GCA_011182495.1_PDT000634386.1_genomic,8
GCA_011425125.2_SMRTLINK_genomic,8
GCA_016942955.1_PDT000972074.1_genomic,8
GCA_005979265.1_PDT000163817.2_genomic,8
GCA_013564655.1_PDT000787983.1_genomic,8
GCF_022603875.1_ASM2260387v1_genomic,8
GCA_001474305.1_Salmonella_enterica_CVM_43768_v1.0_genomic,8
GCA_014132955.1_PDT000806110.1_genomic,8
GCA_008533495.1_PDT000268918.2_genomic,8
GCA_009314315.1_PDT000094133.3_genomic,8
GCA_013117465.1_PDT000740511.1_genomic,8
GCA_019473005.1_PDT001104333.1_genomic,8
GCA_008750355.1_PDT000099699.2_genomic,8
GCA_011563105.1_PDT000288675.2_genomic,8
GCA_008925165.1_PDT000139604.2_genomic,8
GCA_019954995.1_PDT001126610.1_genomic,8
GCA_010865645.1_PDT000642332.1_genomic,8
GCA_006549935.1_PDT000350925.1_genomic,8
GCA_006866725.1_PDT000049964.2_genomic,8
GCA_018626795.1_PDT001057175.1_genomic,8
GCA_011522685.1_PDT000053612.3_genomic,8
GCA_007744835.1_PDT000045933.4_genomic,8
GCA_007039555.1_PDT000231183.2_genomic,8
GCA_007230235.1_PDT000081556.5_genomic,8
GCA_011437935.1_PDT000053537.3_genomic,8
GCA_007028605.1_PDT000224281.2_genomic,8
GCA_009563845.1_PDT000254454.2_genomic,8
GCA_017335825.1_PDT000983575.1_genomic,8
GCA_011575845.1_PDT000105417.2_genomic,8
GCA_007509425.1_PDT000458275.1_genomic,8
GCA_020225375.1_PDT001142765.1_genomic,8
GCA_014659595.1_PDT000840566.1_genomic,8
GCA_011565025.1_PDT000628384.1_genomic,8
GCA_006870365.1_PDT000060152.3_genomic,8
GCA_003910235.1_PDT000337342.1_genomic,8
GCA_016440465.1_PDT000925402.1_genomic,8
GCA_006778325.1_PDT000353849.1_genomic,8
GCA_020189695.1_PDT001140447.1_genomic,8
GCA_011182035.1_PDT000632110.1_genomic,8
GCA_013659015.1_PDT000771451.1_genomic,8
GCA_009758535.1_ASM975853v1_genomic,8
GCA_015877725.1_PDT000901033.1_genomic,8
GCA_013552695.1_PDT000783560.1_genomic,8
GCA_019498625.1_PDT001106183.1_genomic,8
GCA_015439465.1_PDT000888969.1_genomic,8
GCA_008439045.1_PDT000297461.2_genomic,8
GCA_013652275.1_PDT000771972.1_genomic,8
GCF_041126505.1_ASM4112650v1_genomic,8
GCA_014691795.1_PDT000841534.1_genomic,8
GCA_006695405.1_PDT000086549.3_genomic,8
GCA_006343215.1_PDT000518533.1_genomic,8
GCA_010929275.1_PDT000288413.2_genomic,8
GCA_009011675.1_PDT000604607.1_genomic,8
GCA_007514265.1_PDT000464724.1_genomic,8
GCA_010932555.1_PDT000113149.2_genomic,8
GCF_041404905.1_ASM4140490v1_genomic,8
GCA_007489045.1_PDT000302871.2_genomic,8
GCA_011209325.1_PDT000671858.1_genomic,8
GCA_005833945.1_PDT000465348.1_genomic,8
GCA_008355285.1_PDT000581308.1_genomic,8
GCA_006413375.1_PDT000520161.1_genomic,8
GCA_020568355.1_PDT001158174.3_genomic,8
GCA_006588025.1_PDT000331980.1_genomic,8
GCA_005937025.1_PDT000040346.2_genomic,8
GCA_006010705.1_PDT000038337.2_genomic,8
GCA_011283285.1_PDT000674122.1_genomic,8
GCA_009367555.1_PDT000224769.2_genomic,8
GCA_005709095.1_PDT000422968.1_genomic,8
GCA_018270995.1_PDT001018375.1_genomic,8
GCA_013150685.1_PDT000743710.1_genomic,8
GCA_009203805.1_PDT000203253.2_genomic,8
GCA_011483775.1_PDT000053346.2_genomic,8
GCA_006208605.1_PDT000302876.2_genomic,8
GCA_009226925.1_PDT000610501.1_genomic,8
GCA_007335595.1_PDT000394329.1_genomic,8
GCA_007654715.1_PDT000458081.1_genomic,8
GCA_004358925.1_ASM435892v1_genomic,8
GCA_018387225.1_PDT001029099.1_genomic,8
GCA_005697915.1_PDT000394635.1_genomic,8
GCA_009167165.1_PDT000195813.2_genomic,8
GCA_007689505.1_PDT000537077.1_genomic,8
GCA_014275275.1_PDT000817650.1_genomic,8
GCA_007712925.1_PDT000544594.1_genomic,8
GCA_008535965.1_PDT000371774.1_genomic,8
GCA_005693175.1_PDT000390484.1_genomic,8
GCA_011790105.1_PDT000684740.1_genomic,8
GCA_017110485.1_PDT000973589.1_genomic,8
GCA_010016165.1_PDT000653533.1_genomic,8
GCA_006450815.1_PDT000522255.1_genomic,8
GCA_007418825.1_PDT000458987.1_genomic,8
GCA_009864245.1_ASM986424v1_genomic,8
GCA_008655835.1_PDT000082406.2_genomic,8
GCA_006678925.1_PDT000372938.1_genomic,8
GCA_015869585.1_PDT000906125.1_genomic,8
GCA_003747465.1_PDT000398735.1_genomic,8
GCA_006690825.1_PDT000035173.4_genomic,8
GCA_008212865.1_PDT000559248.1_genomic,8
GCA_014131835.1_PDT000806104.1_genomic,8
GCA_007375285.1_PDT000417374.1_genomic,8
GCA_005725775.1_PDT000476576.1_genomic,8
GCA_006196985.1_PDT000287468.2_genomic,8
GCA_014323005.1_ASM1432300v1_genomic,8
GCA_009011715.1_PDT000604610.1_genomic,8
GCA_013516315.1_PDT000785846.1_genomic,8
GCA_013702505.1_PDT000796396.1_genomic,8
GCA_007702905.1_PDT000546020.1_genomic,8
GCA_019848965.1_PDT001121064.1_genomic,8
GCA_008412305.1_PDT000125887.2_genomic,8
GCA_006878165.1_PDT000068404.2_genomic,8
GCA_008991745.1_PDT000157438.2_genomic,8
GCA_020173185.1_PDT001138281.1_genomic,8
GCA_008651835.1_PDT000085191.2_genomic,8
GCA_019640455.1_PDT001109673.1_genomic,8
GCA_008553415.1_PDT000312011.2_genomic,8
GCA_006009565.1_PDT000035313.2_genomic,8
GCA_014792325.1_PDT000848885.1_genomic,8
GCA_005606395.1_PDT000048156.2_genomic,8
GCA_008423905.1_PDT000135009.2_genomic,8
GCA_009501615.1_PDT000238363.2_genomic,8
GCA_008448535.1_PDT000336234.1_genomic,8
GCA_008815175.1_PDT000598133.1_genomic,8
GCA_009248225.1_PDT000211834.2_genomic,8
GCA_013507515.1_PDT000784285.1_genomic,8
GCA_008027495.1_PDT000041236.3_genomic,8
GCA_011202495.1_PDT000665116.1_genomic,8
GCA_014068655.1_PDT000801919.1_genomic,8
GCA_001051625.3_ASM105162v3_genomic,8
GCA_008537075.1_PDT000375883.1_genomic,8
GCA_007159415.1_PDT000326423.1_genomic,8
GCA_017836735.1_PDT000999577.1_genomic,8
GCA_014292175.1_PDT000820004.1_genomic,8
GCA_013103155.1_PDT000734059.1_genomic,8
GCA_011463075.1_PDT000636413.1_genomic,8
GCA_010885575.1_PDT000053494.2_genomic,8
GCA_011788505.1_PDT000684754.1_genomic,8
GCA_005938365.1_ASM593836v1_genomic,8
GCA_007843235.1_PDT000549431.1_genomic,8
GCA_010694485.1_PDT000002107.2_genomic,8
GCA_007547175.1_PDT000031415.3_genomic,8
GCA_008244125.1_PDT000575688.1_genomic,8
GCA_005967785.1_PDT000133681.3_genomic,8
GCA_006428775.1_PDT000521667.1_genomic,8
GCA_006635105.1_PDT000086611.3_genomic,8
GCA_006415095.1_PDT000520299.1_genomic,8
GCA_017044055.1_PDT000953891.1_genomic,8
GCA_008029655.2_PDT000040757.7_genomic,8
GCA_018979705.1_PDT001029088.1_genomic,8
GCF_050564445.1_ASM5056444v1_genomic,8
GCA_004292445.1_ASM429244v1_genomic,8
GCA_011295015.1_PDT000706237.1_genomic,8
GCA_010516235.1_PDT000148711.2_genomic,8
GCA_009225285.1_PDT000610391.1_genomic,8
GCA_006095855.1_PDT000113077.2_genomic,8
GCA_005939205.1_PDT000040832.3_genomic,8
GCA_008493105.1_PDT000315956.1_genomic,8
GCA_010842585.1_PDT000644019.1_genomic,8
GCA_020136875.1_PDT001134587.1_genomic,8
GCA_006867805.1_PDT000052430.2_genomic,8
GCA_010570345.1_PDT000646332.1_genomic,8
GCA_008519565.1_PDT000123204.2_genomic,8
GCA_008225905.1_PDT000559865.1_genomic,8
GCA_009532095.1_PDT000269937.2_genomic,8
GCA_017376235.1_PDT000984001.1_genomic,8
GCA_010622155.1_PDT000219841.2_genomic,8
GCA_007011165.1_PDT000338083.1_genomic,8
GCA_009314495.1_PDT000105765.3_genomic,8
GCA_007437445.1_PDT000473921.1_genomic,8
GCA_020896235.1_PDT001178055.1_genomic,8
GCA_008390615.1_PDT000584065.1_genomic,8
GCA_006105875.1_PDT000187069.2_genomic,8
GCA_009212565.1_PDT000206493.2_genomic,8
GCA_007287255.1_PDT000351648.1_genomic,8
GCA_015958055.1_PDT000893941.1_genomic,8
GCA_020948675.1_PDT001175795.1_genomic,8
GCA_010696105.1_PDT000036516.2_genomic,8
GCA_010844665.1_PDT000645889.1_genomic,8
GCA_010973955.1_PDT000051585.2_genomic,8
GCA_017036005.1_PDT000954510.1_genomic,8
GCA_006100835.1_PDT000154710.2_genomic,8
GCA_008925665.1_PDT000139598.2_genomic,8
GCA_008654815.1_PDT000095273.2_genomic,8
GCA_008709495.1_PDT000591867.1_genomic,8
GCA_017202235.1_PDT000942396.1_genomic,8
GCA_003409365.1_ASM340936v1_genomic,8
GCA_019362785.1_ASM1936278v1_genomic,8
GCA_020705215.1_PDT001166657.1_genomic,8
GCA_005947725.1_PDT000062111.2_genomic,8
GCA_008773035.1_PDT000595723.1_genomic,8
GCA_007880125.1_PDT000551754.1_genomic,8
GCA_005758695.1_PDT000316093.1_genomic,8
GCA_008961265.1_PDT000602907.1_genomic,8
GCA_014950585.1_PDT000862964.1_genomic,8
GCA_017803855.1_PDT000999794.1_genomic,8
GCA_008434105.1_PDT000220961.2_genomic,8
GCA_010848505.1_PDT000644054.1_genomic,8
GCA_020175115.1_PDT001138389.1_genomic,8
GCA_008105345.1_PDT000058221.2_genomic,8
GCA_010943515.1_PDT000597429.1_genomic,8
GCA_019384175.1_PDT001096855.1_genomic,8
GCA_008262305.1_PDT000576592.1_genomic,8
GCA_004226885.1_PDT000148960.2_genomic,8
GCA_011081645.1_PDT000024323.3_genomic,8
GCA_007730785.1_PDT000547925.1_genomic,8
GCA_020469785.1_PDT001141842.1_genomic,8
GCA_007862305.1_PDT000550501.1_genomic,8
GCA_005775945.1_PDT000391247.1_genomic,8
GCA_004243865.1_PDT000410211.1_genomic,8
GCA_005700895.1_PDT000406925.1_genomic,8
GCA_019595305.1_PDT001108817.1_genomic,8
GCA_009322835.1_PDT000218651.2_genomic,8
GCA_007808035.1_PDT000542035.1_genomic,8
GCA_006890165.1_PDT000105345.2_genomic,8
GCA_013615755.1_PDT000774389.1_genomic,8
GCA_007228095.1_PDT000335988.1_genomic,8
GCA_013591095.1_PDT000789416.1_genomic,8
GCA_007381585.1_PDT000422130.1_genomic,8
GCA_020899015.1_PDT001178842.1_genomic,8
GCA_016588835.1_PDT000929882.1_genomic,8
GCA_020489265.1_PDT001150437.1_genomic,8
GCA_008501425.1_PDT000344514.1_genomic,8
GCA_007490725.1_PDT000304817.2_genomic,8
GCA_002061735.1_ASM206173v1_genomic,8
GCA_009589765.1_PDT000272544.2_genomic,8
GCA_010888135.1_PDT000296644.2_genomic,8
GCA_006502095.1_PDT000247338.2_genomic,8
GCA_019897085.1_PDT001125087.1_genomic,8
GCA_009527975.1_PDT000269692.2_genomic,8
GCA_006187905.1_PDT000278602.2_genomic,8
GCA_017280495.1_PDT000842080.1_genomic,8
GCA_014820085.1_PDT000849966.1_genomic,8
GCA_007704345.1_PDT000546171.1_genomic,8
GCA_005704195.1_PDT000408642.1_genomic,8
GCA_014468835.1_PDT000829025.1_genomic,8
GCA_021058745.1_PDT001195680.1_genomic,8
GCA_014725065.1_PDT000843265.1_genomic,8
GCA_001240565.1_Salmonella_enterica_CVM_N43478_v1.0_genomic,8
GCA_008267005.1_PDT000577188.1_genomic,8
GCA_008094845.1_PDT000057060.2_genomic,8
GCA_005630275.1_PDT000409118.1_genomic,8
GCA_007358195.1_PDT000409837.1_genomic,8
GCA_008455865.1_PDT000360851.1_genomic,8
GCA_006322945.1_PDT000306619.2_genomic,8
GCA_009163965.1_PDT000195200.2_genomic,8
GCA_015654145.1_PDT000893225.1_genomic,8
GCA_006591875.1_PDT000338283.1_genomic,8
GCA_011170835.1_PDT000292575.2_genomic,8
GCA_005723275.1_PDT000440250.1_genomic,8
GCA_018354805.1_PDT001025800.1_genomic,8
GCA_014952005.1_PDT000862606.1_genomic,8
GCA_008106225.1_PDT000058218.2_genomic,8
GCA_008759435.1_PDT000593950.1_genomic,8
GCA_002242365.1_ASM224236v1_genomic,8
GCA_008778335.1_PDT000594503.1_genomic,8
GCA_015440985.1_PDT000888889.1_genomic,8
GCA_014280815.1_PDT000819789.1_genomic,8
GCA_007424905.1_PDT000465502.1_genomic,8
GCA_005570835.1_PDT000429269.1_genomic,8
GCA_009407185.1_PDT000618642.1_genomic,8
GCA_013733805.1_PDT000762803.1_genomic,8
GCA_009161645.1_PDT000193487.2_genomic,8
GCA_011178995.1_PDT000568535.1_genomic,8
GCA_014078565.1_PDT000802865.1_genomic,8
GCA_005767815.1_PDT000382715.1_genomic,8
GCA_011102095.1_PDT000053510.3_genomic,8
GCA_005762395.1_PDT000362349.1_genomic,8
GCA_008869605.1_PDT000115202.2_genomic,8
GCA_011128755.1_PDT000271021.2_genomic,8
GCA_017564275.1_PDT000989004.1_genomic,8
GCA_007453205.1_PDT000539099.1_genomic,8
GCA_007627975.1_PDT000057041.2_genomic,8
GCA_013481245.1_PDT000793972.1_genomic,8
GCA_020468705.1_PDT001148651.1_genomic,8
GCA_007659365.1_PDT000464764.1_genomic,8
GCA_014537935.1_PDT000836047.1_genomic,8
GCA_008648895.1_PDT000094079.2_genomic,8
GCA_020067925.1_PDT001133800.1_genomic,8
GCA_014165195.1_PDT000807638.1_genomic,8
GCA_015034145.1_PDT000869355.1_genomic,8
GCA_006202305.1_PDT000295801.2_genomic,8
GCA_007521585.1_PDT000473547.1_genomic,8
GCA_017376695.1_PDT000983977.1_genomic,8
GCA_010836425.1_PDT000643396.1_genomic,8
GCA_005616075.1_PDT000385321.1_genomic,8
GCA_017366805.1_PDT000984404.1_genomic,8
GCA_014771215.1_PDT000847467.1_genomic,8
GCA_006063775.1_PDT000222364.2_genomic,8
GCA_007388625.1_PDT000428754.1_genomic,8
GCA_006198885.1_PDT000286184.3_genomic,8
GCA_010388465.1_PDT000660301.1_genomic,8
GCA_012281705.1_PDT000721690.1_genomic,8
GCA_016241015.1_PDT000920187.1_genomic,8
GCA_020707175.1_PDT001166900.1_genomic,8
GCA_020197635.1_PDT001140439.1_genomic,8
GCA_009553575.1_PDT000245834.2_genomic,8
GCA_008361675.1_PDT000582502.1_genomic,8
GCA_020549545.1_PDT001157296.5_genomic,8
GCA_007377385.1_PDT000418559.1_genomic,8
GCA_001240425.1_Salmonella_enterica_CVM_N43465_v1.0_genomic,8
GCA_007961285.1_PDT000556549.1_genomic,8
GCA_007042735.1_PDT000232729.2_genomic,8
GCA_015861545.1_PDT000901826.1_genomic,8
GCA_008929685.1_PDT000139785.2_genomic,8
GCA_007209535.1_PDT000331786.1_genomic,8
GCA_019598155.1_PDT001108976.1_genomic,8
GCA_011596425.1_PDT000043218.5_genomic,8
GCA_020922355.1_PDT001177364.1_genomic,8
GCA_005620215.1_PDT000389583.1_genomic,8
GCA_007476205.1_PDT000279011.2_genomic,8
GCA_007367445.1_PDT000414662.1_genomic,8
GCA_006094895.1_PDT000121095.2_genomic,8
GCA_014961835.1_PDT000862446.1_genomic,8
GCA_010539155.1_PDT000150917.2_genomic,8
GCA_009219685.1_PDT000209655.2_genomic,8
GCA_007546815.1_PDT000545345.1_genomic,8
GCA_009668565.1_ASM966856v1_genomic,8
GCA_005950825.1_PDT000068820.2_genomic,8
GCA_010807705.1_PDT000651442.1_genomic,8
GCA_008248585.1_PDT000573492.1_genomic,8
GCA_006102755.1_PDT000183023.2_genomic,8
GCA_005543095.1_PDT000385291.1_genomic,8
GCA_011313495.1_PDT000599309.1_genomic,8
GCA_015198265.1_PDT000851669.1_genomic,8
GCA_009110465.1_PDT000607702.1_genomic,8
GCA_004118745.1_ASM411874v1_genomic,8
GCA_009476935.1_PDT000236924.2_genomic,8
GCA_003776745.1_PDT000403000.1_genomic,8
GCA_014063445.1_PDT000802246.1_genomic,8
GCA_014786305.1_PDT000849337.1_genomic,8
GCA_006125595.1_PDT000230411.2_genomic,8
GCA_005589125.1_PDT000478915.1_genomic,8
GCA_011520825.1_PDT000630283.1_genomic,8
GCA_010445015.1_PDT000653400.1_genomic,8
GCA_020490955.1_PDT001150629.1_genomic,8
GCA_014910865.1_PDT000860581.1_genomic,8
GCA_008462945.1_PDT000372345.1_genomic,8
GCA_006203845.1_PDT000296754.2_genomic,8
GCA_009177985.1_PDT000198048.2_genomic,8
GCA_009099045.1_PDT000176353.2_genomic,8
GCA_009584925.1_PDT000269420.2_genomic,8
GCA_007804315.1_PDT000539939.1_genomic,8
GCA_009208885.1_PDT000205805.2_genomic,8
GCA_015031555.1_PDT000869489.1_genomic,8
GCA_017173635.1_PDT000946143.1_genomic,8
GCA_013732575.1_PDT000762859.1_genomic,8
GCA_008264945.1_PDT000577046.1_genomic,8
GCA_008788725.1_PDT000594351.1_genomic,8
GCA_009407545.1_PDT000618660.1_genomic,8
GCA_009373875.1_PDT000226721.2_genomic,8
GCA_018808685.1_PDT001049631.1_genomic,8
GCA_005772625.1_PDT000389510.1_genomic,8
GCA_011480115.1_PDT000565748.1_genomic,8
GCA_007711105.1_PDT000546998.1_genomic,8
GCA_010729855.1_PDT000656254.1_genomic,8
GCA_006854655.1_PDT000042147.2_genomic,8
GCA_009003185.1_PDT000604139.1_genomic,8
GCA_006118085.1_PDT000220931.2_genomic,8
GCA_006976045.1_PDT000328426.1_genomic,8
GCA_011157515.1_PDT000306978.2_genomic,8
GCA_005401035.1_PDT000362380.1_genomic,8
GCA_011578455.1_PDT000303693.2_genomic,8
GCA_009188225.1_PDT000610150.1_genomic,8
GCA_006157545.1_PDT000272355.2_genomic,8
GCA_005692395.1_PDT000389904.1_genomic,8
GCA_006795705.1_PDT000372774.1_genomic,8
GCA_015536665.1_PDT000891890.1_genomic,8
GCA_019276455.1_PDT001090756.1_genomic,8
GCA_010141875.1_PDT000275937.2_genomic,8
GCA_013578235.1_PDT000788897.1_genomic,8
GCA_016142955.1_PDT000917800.1_genomic,8
GCA_013510685.1_PDT000784078.1_genomic,8
GCA_007618715.1_PDT000538684.1_genomic,8
GCA_003742845.1_PDT000397377.1_genomic,8
GCA_013752675.1_PDT000760581.1_genomic,8
GCA_016409055.1_ASM1640905v1_genomic,8
GCA_004176015.1_PDT000329360.1_genomic,8
GCA_007552075.1_PDT000278939.2_genomic,8
GCA_014233965.1_PDT000814233.1_genomic,8
GCA_013565015.1_PDT000787974.1_genomic,8
GCA_008985885.1_PDT000154023.2_genomic,8
GCA_007415285.1_PDT000457059.1_genomic,8
GCA_011241695.1_PDT000672930.1_genomic,8
GCA_006172625.1_PDT000259475.2_genomic,8
GCA_008093305.1_PDT000056966.2_genomic,8
GCA_005975085.1_PDT000154892.2_genomic,8
GCA_010132275.1_PDT000271268.2_genomic,8
GCA_011264255.1_PDT000659250.1_genomic,8
GCA_019588805.1_PDT001108500.1_genomic,8
GCA_020946025.1_PDT001175949.1_genomic,8
GCA_007206555.1_PDT000330909.1_genomic,8
GCA_009000015.1_PDT000603901.1_genomic,8
GCA_017606865.1_PDT000991352.1_genomic,8
GCA_020593805.1_PDT001159698.1_genomic,8
GCA_019364155.1_ASM1936415v1_genomic,8
GCA_008606325.1_PDT000064651.2_genomic,8
GCA_008602945.1_PDT000588248.1_genomic,8
GCA_014300625.1_PDT000820759.1_genomic,8
GCA_006953845.1_PDT000163710.2_genomic,8
GCA_006393995.1_PDT000505182.1_genomic,8
GCA_013656095.1_PDT000771589.1_genomic,8
GCA_006883965.1_PDT000069062.2_genomic,8
GCA_016348805.1_PDT000922615.1_genomic,8
GCA_007340735.1_PDT000398492.1_genomic,8
GCA_009556775.1_PDT000247852.2_genomic,8
GCA_019578495.1_PDT001107943.1_genomic,8
GCA_009335175.1_PDT000221654.2_genomic,8
GCA_019707055.1_PDT001113636.1_genomic,8
GCA_006693165.1_PDT000053923.3_genomic,8
GCA_008009375.1_PDT000039927.2_genomic,8
GCA_011105515.1_PDT000148787.2_genomic,8
GCA_003897255.1_PDT000385649.1_genomic,8
GCA_015143155.1_PDT000854460.1_genomic,8
GCA_014665135.1_PDT000839419.1_genomic,8
GCA_014291555.1_PDT000820033.1_genomic,8
GCA_006310745.1_PDT000279447.2_genomic,8
GCA_013121195.1_PDT000738014.1_genomic,8
GCA_008472365.1_PDT000121282.2_genomic,8
GCA_019149505.1_PDT001082914.1_genomic,8
GCA_014777695.1_PDT000848737.1_genomic,8
GCA_013534455.1_PDT000783516.1_genomic,8
GCA_019742715.1_PDT001116052.1_genomic,8
GCA_020214185.1_PDT001141755.1_genomic,8
GCA_009482335.1_PDT000620981.1_genomic,8
GCA_007234055.1_PDT000336305.1_genomic,8
GCA_003198995.1_ASM319899v1_genomic,8
GCA_008911645.1_PDT000136777.2_genomic,8
GCA_007835995.1_PDT000125113.2_genomic,8
GCA_008024895.1_PDT000044191.3_genomic,8
GCA_008409685.1_PDT000121296.2_genomic,8
GCA_005566655.1_PDT000417932.1_genomic,8
GCA_007137085.1_PDT000316269.1_genomic,8
GCA_013692235.1_PDT000767262.1_genomic,8
GCA_013873685.1_PDT000798187.1_genomic,8
GCA_013722235.1_PDT000764550.1_genomic,8
GCA_007353235.1_PDT000407011.1_genomic,8
GCA_003922195.1_PDT000394516.1_genomic,8
GCA_015211085.1_PDT000877191.1_genomic,8
GCA_018188355.1_PDT001015466.1_genomic,8
GCA_014979645.1_PDT000864187.1_genomic,8
GCA_005480795.1_PDT000420900.1_genomic,8
GCA_015371785.1_PDT000888260.1_genomic,8
GCA_014613795.1_PDT000837827.1_genomic,8
GCA_010982775.1_PDT000292833.2_genomic,8
GCA_006686425.1_PDT000495861.2_genomic,8
GCA_008862945.1_PDT000601028.1_genomic,8
GCA_005931555.1_PDT000000653.2_genomic,8
GCA_005937005.1_PDT000039946.2_genomic,8
GCA_016243195.1_PDT000920150.1_genomic,8
GCA_019497895.1_PDT001106193.1_genomic,8
GCA_006430795.1_PDT000522184.1_genomic,8
GCA_013874695.1_PDT000798137.1_genomic,8
GCA_009059825.1_PDT000167917.2_genomic,8
GCA_003874275.1_PDT000292474.2_genomic,8
GCA_006662805.1_PDT000354806.1_genomic,8
GCA_008313325.1_PDT000580001.1_genomic,8
GCA_008547475.1_PDT000321233.1_genomic,8
GCA_005770865.1_PDT000387877.1_genomic,8
GCA_008245205.1_PDT000558728.1_genomic,8
GCA_013699465.1_PDT000767185.1_genomic,8
GCA_007068645.1_PDT000244600.2_genomic,8
GCA_007861985.1_PDT000550500.1_genomic,8
GCA_005676435.1_PDT000042385.2_genomic,8
GCA_015842795.1_PDT000905268.1_genomic,8
GCA_007388825.1_PDT000428782.1_genomic,8
GCA_005534175.1_PDT000315770.1_genomic,8
GCA_007164585.1_PDT000328325.1_genomic,8
GCA_009179525.1_PDT000198458.2_genomic,8
GCA_007180415.1_PDT000051508.2_genomic,8
GCA_009443855.1_PDT000620675.1_genomic,8
GCA_011249335.1_PDT000671590.1_genomic,8
GCA_007382645.1_PDT000422262.1_genomic,8
GCA_021072945.1_PDT001197102.1_genomic,8
GCA_019086765.1_PDT001080077.1_genomic,8
GCA_019256525.1_PDT001088234.1_genomic,8
GCA_005696655.1_PDT000392965.1_genomic,8
GCA_009284965.1_PDT000213144.2_genomic,8
GCA_006288795.1_PDT000313073.2_genomic,8
GCA_018187815.1_PDT001015493.1_genomic,8
GCA_006277105.1_PDT000306555.2_genomic,8
GCA_014707675.1_PDT000843138.1_genomic,8
GCA_006473885.1_PDT000525362.1_genomic,8
GCA_020459165.1_PDT001149249.1_genomic,8
GCA_011588665.1_PDT000624860.1_genomic,8
GCA_007339195.1_PDT000398062.1_genomic,8
GCA_015908245.1_PDT000908141.1_genomic,8
GCA_007561205.1_PDT000287716.2_genomic,8
GCA_019061745.1_PDT001078986.1_genomic,8
GCA_015012195.1_PDT000859092.1_genomic,8
GCA_021069485.1_PDT001197153.1_genomic,8
GCA_005852925.1_PDT000489403.1_genomic,8
GCA_006578945.1_PDT000319767.1_genomic,8
GCA_020159025.1_PDT001137383.1_genomic,8
GCA_005692695.1_PDT000390225.1_genomic,8
GCF_020404685.1_ASM2040468v1_genomic,8
GCA_019804685.1_PDT001118994.1_genomic,8
GCA_014959845.1_PDT000862534.1_genomic,8
GCA_007956805.1_PDT000556338.1_genomic,8
GCA_008505915.1_PDT000359501.1_genomic,8
GCA_013119755.1_PDT000739619.1_genomic,8
GCA_004250915.1_PDT000394433.1_genomic,8
GCA_014924215.1_PDT000864768.1_genomic,8
GCA_007862625.1_PDT000550562.1_genomic,8
GCA_006807725.1_PDT000483956.2_genomic,8
GCA_007555135.1_PDT000285589.2_genomic,8
GCA_013713465.2_PDT000766732.3_genomic,8
GCA_017275475.1_PDT000842398.1_genomic,8
GCA_010775775.1_PDT000265121.2_genomic,8
GCA_008729775.1_PDT000097074.2_genomic,8
GCA_003786365.1_PDT000400552.1_genomic,8
GCA_003198255.1_ASM319825v1_genomic,8
GCA_004185805.1_PDT000335090.1_genomic,8
GCA_009329715.1_PDT000220844.2_genomic,8
GCA_014068335.1_PDT000801956.1_genomic,8
GCA_011637175.1_PDT000002735.4_genomic,8
GCA_006343165.1_PDT000518527.1_genomic,8
GCA_014244695.1_PDT000816024.1_genomic,8
GCA_006752285.1_PDT000036560.4_genomic,8
GCA_019536095.1_PDT001106621.1_genomic,8
GCA_011730655.1_PDT000710911.1_genomic,8
GCA_004249745.1_PDT000386858.1_genomic,8
GCA_014984065.1_PDT000862098.1_genomic,8
GCA_010402915.1_PDT000644561.1_genomic,8
GCA_013508345.1_PDT000784192.1_genomic,8
GCA_019721575.1_PDT001114739.1_genomic,8
GCA_006685105.1_PDT000483446.2_genomic,8
GCA_008629015.1_PDT000589115.1_genomic,8
GCA_007040405.2_ASM704040v2_genomic,8
GCA_017353155.1_PDT000983207.1_genomic,8
GCA_006110435.1_PDT000207117.2_genomic,8
GCA_008560925.1_PDT000586382.1_genomic,8
GCA_003409425.1_ASM340942v1_genomic,8
GCA_019855955.1_PDT001121446.1_genomic,8
GCA_009348895.1_PDT000616769.1_genomic,8
GCA_011687675.1_PDT000688553.1_genomic,8
GCA_005601115.1_PDT000495466.1_genomic,8
GCA_007972275.1_PDT000557484.1_genomic,8
GCA_006970485.1_PDT000212306.2_genomic,8
GCA_014244955.1_PDT000816038.1_genomic,8
GCA_017489145.1_PDT000985843.1_genomic,8
GCA_012317945.1_PDT000722102.1_genomic,8
GCA_011790305.1_PDT000684705.1_genomic,8
GCA_008654115.1_PDT000086400.2_genomic,8
GCA_007254655.1_PDT000340362.1_genomic,8
GCA_013667755.1_PDT000770632.1_genomic,8
GCA_005519075.1_ASM551907v1_genomic,8
GCA_011116055.1_PDT000200126.2_genomic,8
GCA_007229255.1_PDT000126497.2_genomic,8
GCA_010460485.1_PDT000641649.1_genomic,8
GCA_007656015.1_PDT000458979.1_genomic,8
GCA_019226405.1_PDT001089382.1_genomic,8
GCA_012243705.1_PDT000720857.1_genomic,8
GCA_014472815.1_PDT000829783.1_genomic,8
GCA_010871585.1_PDT000299727.2_genomic,8
GCA_006691215.1_PDT000003518.4_genomic,8
GCA_009549815.1_PDT000239162.2_genomic,8
GCA_008521055.1_PDT000134941.2_genomic,8
GCA_020657255.1_PDT001163330.1_genomic,8
GCA_010435405.1_PDT000647013.1_genomic,8
GCA_017340255.1_PDT000983231.1_genomic,8
GCA_011083285.1_PDT000003414.3_genomic,8
GCA_009257205.1_PDT000571438.2_genomic,8
GCA_006949605.1_PDT000199019.2_genomic,8
GCA_014359205.1_PDT000822910.1_genomic,8
GCA_009123305.1_PDT000187979.2_genomic,8
GCA_014612435.1_PDT000837858.1_genomic,8
GCA_015850255.1_PDT000904713.1_genomic,8
GCA_006826845.1_PDT000353827.1_genomic,8
GCA_006329705.1_PDT000313096.2_genomic,8
GCA_007508385.1_PDT000458319.1_genomic,8
GCA_009512975.1_PDT000247057.2_genomic,8
GCA_007151845.1_PDT000323401.1_genomic,8
GCA_017571735.1_ASM1757173v1_genomic,8
GCA_008660995.1_PDT000589657.1_genomic,8
GCA_008957025.1_PDT000602624.1_genomic,8
GCA_019709275.1_PDT001113769.1_genomic,8
GCA_020919335.1_PDT001177667.1_genomic,8
GCA_008661115.1_PDT000589669.1_genomic,8
GCA_008684105.1_ASM868410v1_genomic,8
GCA_007868245.1_PDT000550884.1_genomic,8
GCA_011148575.1_PDT000263599.2_genomic,8
GCA_007616195.1_PDT000533230.1_genomic,8
GCA_009366555.1_PDT000224672.2_genomic,8
GCA_006082255.1_PDT000510629.1_genomic,8
GCA_014679465.1_PDT000841575.1_genomic,8
GCA_006429435.1_PDT000521709.1_genomic,8
GCA_011582925.1_PDT000214116.2_genomic,8
GCA_006264295.1_PDT000281632.2_genomic,8
GCA_014059785.1_PDT000801787.1_genomic,8
GCA_006743185.1_PDT000376904.1_genomic,8
GCA_003726075.1_ASM372607v1_genomic,8
GCA_011790265.1_PDT000684680.1_genomic,8
GCA_015689275.1_PDT000897240.1_genomic,8
GCA_014124885.1_PDT000804517.1_genomic,8
GCA_007089085.1_PDT000260366.2_genomic,8
GCA_008377025.1_PDT000582900.1_genomic,8
GCA_011190955.1_PDT000566627.1_genomic,8
GCA_010155015.1_PDT000277544.2_genomic,8
GCA_015596805.1_PDT000892916.1_genomic,8
GCA_015174245.1_PDT000873943.1_genomic,8
GCA_014562175.1_PDT000730752.1_genomic,8
GCA_008990705.1_PDT000156374.2_genomic,8
GCA_013616155.1_PDT000774361.1_genomic,8
GCA_008104005.1_PDT000057880.2_genomic,8
GCA_006325705.1_PDT000309070.2_genomic,8
GCA_009477545.1_PDT000237081.2_genomic,8
GCA_013676355.1_PDT000769392.1_genomic,8
GCA_020408545.1_PDT001148353.1_genomic,8
GCA_008523145.1_PDT000135159.2_genomic,8
GCA_015078135.1_PDT000870860.1_genomic,8
GCA_020922015.1_PDT001177383.1_genomic,8
GCA_018075685.1_PDT001007705.1_genomic,8
GCA_017329845.1_PDT000982692.1_genomic,8
GCA_010173855.1_PDT000279188.2_genomic,8
GCA_017181655.1_PDT000945451.1_genomic,8
GCA_009528455.1_PDT000238483.2_genomic,8
GCA_003409235.1_ASM340923v1_genomic,8
GCA_018976305.1_PDT001072688.1_genomic,8
GCA_010992655.1_PDT000631332.1_genomic,8
GCA_010778275.1_PDT000278870.2_genomic,8
GCA_011456535.1_PDT000001726.3_genomic,8
GCA_005624615.1_PDT000393865.1_genomic,8
GCA_006969115.1_PDT000211513.2_genomic,8
GCA_009131705.1_PDT000190614.2_genomic,8
GCA_013158625.1_PDT000744411.1_genomic,8
GCA_005824245.1_PDT000430778.1_genomic,8
GCA_007682905.1_PDT000475855.1_genomic,8
GCA_010156855.1_PDT000277755.2_genomic,8
GCA_008825905.1_PDT000598908.1_genomic,8
GCF_003409235.1_ASM340923v1_genomic,8
GCA_013632015.1_PDT000773722.1_genomic,8
GCA_015219205.1_PDT000876780.1_genomic,8
GCA_020824235.1_PDT001172883.1_genomic,8
GCA_008724655.1_PDT000593249.1_genomic,8
GCA_011719175.1_PDT000710665.1_genomic,8
GCA_011320695.1_PDT000632075.1_genomic,8
GCA_008944645.1_PDT000145899.2_genomic,8
GCA_009529475.1_PDT000238369.2_genomic,8
GCA_005949025.1_PDT000062642.2_genomic,8
GCA_006998565.1_PDT000341925.1_genomic,8
GCA_007586335.1_PDT000457544.1_genomic,8
GCA_007316905.1_PDT000380586.1_genomic,8
GCA_014065945.1_PDT000802090.1_genomic,8
GCA_015591455.1_PDT000892681.1_genomic,8
GCA_008741875.1_PDT000099566.2_genomic,8
GCA_011420915.1_PDT000112400.2_genomic,8
GCA_014351335.1_PDT000826948.1_genomic,8
GCA_014587315.1_PDT000724163.1_genomic,8
GCA_014215335.1_PDT000810122.1_genomic,8
GCA_014357595.1_PDT000823001.1_genomic,8
GCA_007240455.1_PDT000064845.4_genomic,8
GCA_015298405.1_PDT000883377.1_genomic,8
GCA_019542395.1_PDT001106872.1_genomic,8
GCA_005636375.1_PDT000411023.1_genomic,8
GCA_004226385.1_PDT000405120.1_genomic,8
GCA_011428935.1_PDT000152370.2_genomic,8
GCA_013814185.1_PDT000747547.1_genomic,8
GCA_019760715.1_PDT001116720.1_genomic,8
GCA_018261295.1_PDT001018181.1_genomic,8
GCA_014629435.1_PDT000838652.1_genomic,8
GCA_009401225.1_PDT000229832.2_genomic,8
GCA_009341015.1_PDT000616454.1_genomic,8
GCA_014209915.1_PDT000810040.1_genomic,8
GCA_009178165.1_PDT000198097.2_genomic,8
GCA_019345135.1_PDT001096235.1_genomic,8
GCA_017111725.1_PDT000973457.1_genomic,8
GCA_009256905.1_PDT000496826.2_genomic,8
GCA_015249875.1_PDT000880633.1_genomic,8
GCA_013701285.1_PDT000796989.1_genomic,8
GCA_018573985.1_PDT001048809.1_genomic,8
GCA_006640185.1_PDT000307320.2_genomic,8
GCA_011243595.1_PDT000673068.1_genomic,8
GCA_016440125.1_PDT000925444.1_genomic,8
GCA_005668685.1_PDT000483268.1_genomic,8
GCA_014243935.1_PDT000814724.1_genomic,8
GCA_008531035.1_PDT000232663.2_genomic,8
GCA_011450815.1_PDT000032295.3_genomic,8
GCA_013769845.1_PDT000755767.1_genomic,8
GCA_011261025.1_PDT000628455.1_genomic,8
GCA_016416505.1_ASM1641650v1_genomic,8
GCA_008470905.1_PDT000108230.2_genomic,8
GCA_011191675.1_PDT000568525.1_genomic,8
GCA_009553685.1_PDT000245650.2_genomic,8
GCA_005403905.1_PDT000480031.1_genomic,8
GCA_020999735.1_PDT001186893.1_genomic,8
GCA_009044165.1_PDT000607606.1_genomic,8
GCA_007077445.1_PDT000249391.2_genomic,8
GCA_010004535.1_PDT000297470.2_genomic,8
GCA_008009185.1_PDT000039645.2_genomic,8
GCA_005991305.1_PDT000195284.2_genomic,8
GCA_013915785.1_PDT000798969.1_genomic,8
GCA_007818325.1_PDT000549473.1_genomic,8
GCA_008677395.1_PDT000101791.2_genomic,8
GCA_005528095.1_PDT000416135.1_genomic,8
GCA_011219505.1_PDT000671602.1_genomic,8
GCA_006598025.1_PDT000347819.1_genomic,8
GCA_006254675.1_PDT000268907.2_genomic,8
GCA_011554975.1_PDT000296238.2_genomic,8
GCA_014298455.1_PDT000820891.1_genomic,8
GCA_007924985.1_PDT000547180.1_genomic,8
GCA_013257755.1_ASM1325775v1_genomic,8
GCA_013666095.1_PDT000770728.1_genomic,8
GCA_013721625.1_PDT000764448.1_genomic,8
GCA_007479025.1_PDT000280939.2_genomic,8
GCA_008742155.1_PDT000099577.4_genomic,8
GCA_009354035.1_PDT000617034.1_genomic,8
GCA_006519485.1_PDT000099673.7_genomic,8
GCA_010743375.1_PDT000656189.1_genomic,8
GCA_003119735.1_ASM311973v1_genomic,8
GCA_006811445.1_PDT000026424.4_genomic,8
GCA_019882285.1_PDT001123528.1_genomic,8
GCA_007088585.1_PDT000260028.2_genomic,8
GCA_019590425.1_PDT001108638.1_genomic,8
GCA_008769975.1_PDT000100039.2_genomic,8
GCA_017587575.1_PDT000991203.1_genomic,8
GCA_010799275.1_PDT000655489.1_genomic,8
GCA_019577875.1_PDT001107979.1_genomic,8
GCA_009069985.1_PDT000186931.2_genomic,8
GCA_019293545.1_PDT001093255.1_genomic,8
GCA_007815295.1_PDT000044556.4_genomic,8
GCA_005931535.1_PDT000000594.2_genomic,8
GCA_004176725.1_PDT000327390.1_genomic,8
GCA_001479885.1_Salmonella_enterica_CVM_N38869-SQ_v1.0_genomic,8
GCA_005628095.1_PDT000405207.1_genomic,8
GCF_003253355.1_ASM325335v1_genomic,8
GCA_011787345.1_PDT000684673.1_genomic,8
GCA_011208065.1_PDT000645825.1_genomic,8
GCA_000483775.1_ASM48377v1_genomic,8
GCA_019154385.1_PDT001083350.1_genomic,8
GCA_014281415.1_PDT000819836.1_genomic,8
GCA_005706155.1_PDT000412520.1_genomic,8
GCA_009213205.1_PDT000206572.2_genomic,8
GCA_006027095.1_PDT000106153.2_genomic,8
GCA_013701205.1_PDT000796993.1_genomic,8
GCA_008299925.1_PDT000579170.1_genomic,8
GCA_005868435.1_PDT000501641.1_genomic,8
GCA_005685475.1_PDT000382081.1_genomic,8
GCA_005754755.1_PDT000499783.1_genomic,8
GCA_014277305.1_PDT000817574.1_genomic,8
GCA_011235795.1_PDT000672935.1_genomic,8
GCF_029625635.1_ASM2962563v1_genomic,8
GCA_010489775.1_PDT000644713.1_genomic,8
GCA_009288205.1_PDT000214212.2_genomic,8
GCA_016145615.1_PDT000917629.1_genomic,8
GCA_013447535.1_PDT000793034.1_genomic,8
GCA_006858005.1_PDT000048198.2_genomic,8
GCA_010965815.2_ASM1096581v2_genomic,8
GCA_008951305.1_PDT000602409.1_genomic,8
GCA_009334455.1_PDT000222603.2_genomic,8
GCA_020657615.1_PDT001163582.1_genomic,8
GCA_017930275.1_PDT001004773.1_genomic,8
GCA_009441505.1_PDT000620468.1_genomic,8
GCA_007635095.1_PDT000294829.2_genomic,8
GCA_010720515.1_PDT000002913.3_genomic,8
GCA_017186175.1_PDT000943703.1_genomic,8
GCA_010481155.1_PDT000643437.1_genomic,8
GCA_009472525.1_PDT000235418.2_genomic,8
GCA_017278515.1_PDT000842241.1_genomic,8
GCA_007796305.1_PDT000533327.1_genomic,8
GCA_007047565.1_PDT000234675.2_genomic,8
GCA_019597335.1_PDT001108914.1_genomic,8
GCA_015480265.1_PDT000889662.1_genomic,8
GCA_018535185.1_PDT001048295.1_genomic,8
GCA_010560055.1_PDT000211465.2_genomic,8
GCA_011274465.1_PDT000671698.1_genomic,8
GCA_020866585.1_PDT001173996.1_genomic,8
GCA_015033865.1_PDT000869348.1_genomic,8
GCA_001243655.1_Salmonella_enterica_CVM_N46857_v1.0_genomic,8
GCA_013684095.1_PDT000768125.1_genomic,8
GCA_007179335.1_PDT000036566.3_genomic,8
GCA_017800195.1_PDT000999608.1_genomic,8
GCA_020432805.1_PDT001148625.1_genomic,8
GCA_014816665.1_PDT000850133.1_genomic,8
GCA_006881065.1_PDT000092425.2_genomic,8
GCA_006744965.1_PDT000373095.1_genomic,8
GCA_002106135.1_ASM210613v1_genomic,8
GCA_008645915.1_PDT000093225.3_genomic,8
GCA_008654615.1_PDT000095184.2_genomic,8
GCA_008665775.1_PDT000590113.1_genomic,8
GCA_001569885.1_ASM156988v1_genomic,8
GCA_011735435.1_PDT000710341.1_genomic,8
GCA_018959795.1_PDT001072140.1_genomic,8
GCA_011545145.1_PDT000181597.2_genomic,8
GCA_007387805.1_PDT000426937.1_genomic,8
GCA_010789395.1_PDT000215174.2_genomic,8
GCA_008996755.1_PDT000163501.2_genomic,8
GCA_005754155.1_PDT000029768.2_genomic,8
GCA_017121045.1_PDT000949894.1_genomic,8
GCA_010734435.1_PDT000148806.2_genomic,8
GCA_018036345.1_PDT000893738.1_genomic,8
GCA_014886155.1_PDT000851151.1_genomic,8
GCA_014358115.1_PDT000823053.1_genomic,8
GCA_014431105.1_PDT000814674.1_genomic,8
GCA_007755695.1_PDT000094822.4_genomic,8
GCA_011144475.1_PDT000263629.2_genomic,8
GCA_019545395.1_PDT001106917.1_genomic,8
GCA_020946045.1_PDT001175947.1_genomic,8
GCA_006621885.1_PDT000367905.1_genomic,8
GCA_010407905.1_PDT000177264.2_genomic,8
GCA_019976315.1_PDT001129466.1_genomic,8
GCA_020903175.1_PDT001179109.1_genomic,8
GCA_014690445.1_PDT000841379.1_genomic,8
GCA_013721305.1_PDT000764525.1_genomic,8
GCA_006293435.1_PDT000429596.1_genomic,8
GCA_014395905.1_PDT000822186.1_genomic,8
GCA_019157415.1_PDT001083193.1_genomic,8
GCA_009523475.1_PDT000269059.2_genomic,8
GCA_010573165.1_PDT000641302.1_genomic,8
GCA_006723075.1_PDT000354027.1_genomic,8
GCA_018548215.1_PDT001041667.1_genomic,8
GCA_019253765.1_PDT001090206.1_genomic,8
GCA_010386715.1_PDT000650750.1_genomic,8
GCA_020700455.1_PDT001164537.1_genomic,8
GCA_019473025.1_PDT001104330.1_genomic,8
GCA_010871845.1_PDT000281471.2_genomic,8
GCA_008024055.1_PDT000044222.3_genomic,8
GCA_004180585.1_PDT000331593.1_genomic,8
GCA_009553615.1_PDT000244991.2_genomic,8
GCA_006216065.1_PDT000517403.1_genomic,8
GCA_020275285.1_PDT001143406.1_genomic,8
GCA_002554155.1_ASM255415v1_genomic,8
GCA_005740955.1_PDT000481234.1_genomic,8
GCA_000171415.1_ASM17141v1_genomic,8
GCA_005761235.1_PDT000354106.1_genomic,8
GCA_009598635.1_PDT000622930.1_genomic,8
GCA_008773875.1_PDT000595773.1_genomic,8
GCA_020237865.1_PDT001142086.1_genomic,8
GCA_008699585.1_PDT000241495.2_genomic,8
GCA_014277885.1_PDT000817535.1_genomic,8
GCA_019559375.1_PDT001101830.1_genomic,8
GCA_006838765.1_PDT000497174.2_genomic,8
GCA_005991125.1_PDT000193589.2_genomic,8
GCA_004247695.1_PDT000390508.1_genomic,8
GCA_020127445.1_PDT001023085.1_genomic,8
GCA_009570505.1_PDT000260535.2_genomic,8
GCA_020468665.1_PDT001148659.1_genomic,8
GCA_006866285.1_PDT000060246.2_genomic,8
GCA_008096645.1_PDT000057194.2_genomic,8
GCA_006892905.1_PDT000105470.2_genomic,8
GCA_008505075.1_PDT000358918.1_genomic,8
GCA_014684505.1_PDT000841607.1_genomic,8
GCA_006255035.1_PDT000272382.2_genomic,8
GCA_014504255.1_PDT000831106.1_genomic,8
GCA_015028435.1_PDT000869928.1_genomic,8
GCA_007226265.1_PDT000335904.1_genomic,8
GCA_008612945.1_PDT000070046.2_genomic,8
GCA_017294475.1_PDT000978199.1_genomic,8
GCA_018424985.1_PDT001044030.1_genomic,8
GCA_017364125.1_PDT000984372.1_genomic,8
GCA_020174365.1_PDT001138262.1_genomic,8
GCA_008708715.1_PDT000591789.1_genomic,8
GCA_019737015.1_PDT001115446.1_genomic,8
GCA_018385585.1_PDT001037680.1_genomic,8
GCA_010685585.1_PDT000211085.2_genomic,8
GCA_011290285.1_PDT000624737.1_genomic,8
GCA_005536365.1_PDT000333233.1_genomic,8
GCA_006868105.1_PDT000052230.2_genomic,8
GCA_006198305.1_PDT000288492.2_genomic,8
GCA_006841325.1_PDT000001369.2_genomic,8
GCA_008722695.1_PDT000592615.1_genomic,8
GCA_019026005.1_PDT001077241.1_genomic,8
GCA_006986465.1_PDT000345105.1_genomic,8
GCA_008551615.1_PDT000586098.1_genomic,8
GCA_008758975.1_PDT000593955.1_genomic,8
GCA_003754765.1_PDT000398996.1_genomic,8
GCA_017831635.1_PDT000999804.1_genomic,8
GCA_007863665.1_PDT000550545.1_genomic,8
GCA_003749085.1_PDT000398801.1_genomic,8
GCA_017489345.1_PDT000985832.1_genomic,8
GCA_008431185.1_PDT000171931.2_genomic,8
GCA_008047795.1_PDT000037507.3_genomic,8
GCA_019062485.1_PDT001078939.1_genomic,8
GCA_019668965.1_PDT001110417.1_genomic,8
GCA_008521765.1_PDT000134390.2_genomic,8
GCA_006271735.1_PDT000299931.2_genomic,8
GCA_007676205.1_PDT000475683.1_genomic,8
GCA_009516095.1_PDT000251035.2_genomic,8
GCA_016566195.1_PDT000928689.1_genomic,8
GCA_007023815.1_PDT000219434.2_genomic,8
GCA_008748715.1_PDT000593766.1_genomic,8
GCA_006689165.1_PDT000038694.4_genomic,8
GCA_013984715.1_PDT000799577.1_genomic,8
GCA_008469725.1_PDT000086048.2_genomic,8
GCA_015840635.1_PDT000905387.1_genomic,8
GCA_014184055.1_PDT000809320.1_genomic,8
GCA_002242395.1_ASM224239v1_genomic,8
GCA_006039095.1_PDT000162231.2_genomic,8
GCA_010430275.1_PDT000214852.2_genomic,8
GCA_019274155.1_PDT001090906.1_genomic,8
GCA_020752155.1_PDT001167995.1_genomic,8
GCA_003913515.1_PDT000341495.1_genomic,8
GCA_014707115.1_PDT000843171.1_genomic,8
GCF_041124985.1_ASM4112498v1_genomic,8
GCA_017174795.1_PDT000946020.1_genomic,8
GCA_003917915.1_PDT000385106.1_genomic,8
GCA_015218385.1_PDT000876832.1_genomic,8
GCA_008073875.1_PDT000056452.3_genomic,8
GCA_006124695.1_PDT000227201.2_genomic,8
GCA_016420725.1_ASM1642072v1_genomic,8
GCA_006975325.1_PDT000329006.1_genomic,8
GCA_018292465.1_PDT001019078.1_genomic,8
GCA_014355355.1_PDT000824043.1_genomic,8
GCA_004245195.1_PDT000409642.1_genomic,8
GCA_006073375.1_PDT000303517.2_genomic,8
GCA_009516115.1_PDT000251045.2_genomic,8
GCA_017126215.1_PDT000949364.1_genomic,8
GCA_006689045.1_PDT000037899.4_genomic,8
GCA_014245815.1_PDT000814976.1_genomic,8
GCA_013783965.1_PDT000751058.1_genomic,8
GCA_008175665.1_PDT000570366.1_genomic,8
GCA_010810565.1_PDT000647750.1_genomic,8
GCA_005653915.1_PDT000447404.1_genomic,8
GCA_018260075.1_PDT001018194.1_genomic,8
GCA_008424825.1_PDT000138065.2_genomic,8
GCA_015126275.1_PDT000871840.1_genomic,8
GCA_009598895.1_PDT000622970.1_genomic,8
GCA_006570685.1_PDT000219415.2_genomic,8
GCA_007887385.1_PDT000553447.1_genomic,8
GCA_017250355.1_PDT000938954.1_genomic,8
GCA_016602865.1_PDT000930277.1_genomic,8
GCA_011430555.1_PDT000650719.1_genomic,8
GCA_008526155.1_PDT000171504.2_genomic,8
GCA_005413675.1_PDT000380699.1_genomic,8
GCA_020844445.1_PDT001173769.1_genomic,8
GCA_018208905.1_PDT001016272.1_genomic,8
GCA_005753685.1_PDT000497587.1_genomic,8
GCA_012283005.1_PDT000721285.1_genomic,8
GCA_007765595.1_PDT000239389.3_genomic,8
GCA_019544255.1_PDT001102199.1_genomic,8
GCA_007307955.1_PDT000382981.1_genomic,8
GCA_020642255.1_PDT001161988.1_genomic,8
GCA_009587625.1_PDT000271413.2_genomic,8
GCA_020171155.1_PDT001138259.1_genomic,8
GCA_011218135.1_PDT000669070.1_genomic,8
GCA_005642015.1_PDT000415905.1_genomic,8
GCA_006199385.1_PDT000290206.2_genomic,8
GCA_018905095.1_PDT001070494.1_genomic,8
GCA_008160125.1_PDT000568943.1_genomic,8
GCA_017261875.1_PDT000976840.1_genomic,8
GCA_006694125.1_PDT000067426.3_genomic,8
GCA_014886775.1_PDT000851260.1_genomic,8
GCA_001716195.1_ASM171619v1_genomic,8
GCA_008519765.1_PDT000126344.2_genomic,8
GCA_006461065.1_PDT000523148.1_genomic,8
GCA_010156955.1_PDT000277798.2_genomic,8
GCA_017299655.1_PDT000977207.1_genomic,8
GCA_016971815.1_PDT000968839.1_genomic,8
GCA_009109165.1_PDT000192851.2_genomic,8
GCA_005427655.1_PDT000467959.1_genomic,8
GCA_006581985.1_PDT000328504.1_genomic,8
GCA_014455115.1_PDT000828368.1_genomic,8
GCA_020174105.1_PDT001138349.1_genomic,8
GCA_013713685.1_PDT000766720.1_genomic,8
GCA_007643935.1_PDT000311373.2_genomic,9
GCA_007620035.1_PDT000539454.1_genomic,9
GCA_013548155.1_PDT000789839.1_genomic,9
GCA_004264925.1_PDT000237995.2_genomic,9
GCA_010543685.1_PDT000185630.2_genomic,9
GCA_016321005.1_PDT000240772.2_genomic,9
GCA_008859215.1_PDT000599945.1_genomic,9
GCA_006216545.1_PDT000517439.1_genomic,9
GCA_017266575.1_PDT000896370.1_genomic,9
GCA_007576145.1_PDT000315160.2_genomic,9
GCA_007380305.1_PDT000418722.1_genomic,9
GCA_008396315.1_PDT000584831.1_genomic,9
GCA_011521365.1_PDT000295951.2_genomic,9
GCA_011552775.1_PDT000281459.2_genomic,9
GCA_011201895.1_PDT000668823.1_genomic,9
GCA_005855685.1_PDT000492029.1_genomic,9
GCA_014831395.1_ASM1483139v1_genomic,9
GCA_020706355.1_PDT001166756.1_genomic,9
GCF_002056375.1_ASM205637v1_genomic,9
GCF_045504895.1_ASM4550489v1_genomic,9
GCA_003743965.1_PDT000398811.1_genomic,9
GCA_017278735.1_PDT000842229.1_genomic,9
GCA_015294145.1_PDT000883339.1_genomic,9
GCA_006266955.1_PDT000289568.2_genomic,9
GCA_011164555.1_PDT000314800.2_genomic,9
GCA_006467365.1_PDT000523950.1_genomic,9
GCA_006825265.1_PDT000351328.1_genomic,9
GCA_011570565.1_PDT000299210.2_genomic,9
GCA_005938945.1_PDT000041032.2_genomic,9
GCA_014119985.1_PDT000805985.1_genomic,9
GCA_014995345.1_PDT000866260.1_genomic,9
GCA_006554405.1_PDT000201493.2_genomic,9
GCA_009069635.1_PDT000185730.2_genomic,9
GCA_012283085.1_PDT000721282.1_genomic,9
GCA_011094105.1_PDT000053005.2_genomic,9
GCA_009032105.1_PDT000180507.2_genomic,9
GCA_020972365.1_PDT001183430.1_genomic,9
GCA_014587535.1_PDT000724498.1_genomic,9
GCA_007089225.1_PDT000260412.2_genomic,9
GCA_010920795.1_PDT000634797.1_genomic,9
GCA_019680355.1_PDT001110820.1_genomic,9
GCA_013829585.1_PDT000730904.2_genomic,9
GCA_007881905.1_PDT000551745.1_genomic,9
GCA_008022435.1_PDT000043626.4_genomic,9
GCA_010978975.1_PDT000301559.2_genomic,9
GCA_010928595.1_PDT000298836.2_genomic,9
GCA_001366435.1_10493_1_44_genomic,9
GCA_010650905.1_PDT000256419.2_genomic,9
GCA_010509015.1_PDT000043285.5_genomic,9
GCA_020415005.1_PDT001147638.1_genomic,9
GCA_016325185.1_PDT000259999.2_genomic,9
GCA_014504475.1_PDT000831098.1_genomic,9
GCA_017061915.1_PDT000951841.1_genomic,9
GCA_016318845.1_PDT000286393.2_genomic,9
GCA_011424325.1_PDT000247781.2_genomic,9
GCA_003901305.1_PDT000379201.1_genomic,9
GCA_009594285.1_PDT000274593.2_genomic,9
GCA_007634795.1_PDT000294235.2_genomic,9
GCA_016255905.1_PDT000556407.1_genomic,9
GCA_013222655.1_ASM1322265v1_genomic,9
GCA_015373325.1_PDT000887969.1_genomic,9
GCA_007394375.1_PDT000432303.1_genomic,9
GCA_016740615.1_PDT000931106.1_genomic,9
GCA_007440405.1_PDT000475634.1_genomic,9
GCA_006655185.1_PDT000347436.1_genomic,9
GCA_008138625.1_PDT000569905.1_genomic,9
GCA_012040235.1_PDT000718796.1_genomic,9
GCA_014150165.1_PDT000806711.1_genomic,9
GCA_015658045.1_PDT000895948.1_genomic,9
GCA_010704845.1_PDT000053217.2_genomic,9
GCA_006533655.1_PDT000532648.1_genomic,9
GCA_006750585.1_PDT000488869.2_genomic,9
GCA_010991615.1_PDT000299006.2_genomic,9
GCA_009060865.1_PDT000180571.2_genomic,9
GCA_011490045.1_PDT000682506.1_genomic,9
GCA_006793235.1_PDT000367904.1_genomic,9
GCA_019541735.1_PDT001106882.1_genomic,9
GCA_008103865.1_PDT000057801.2_genomic,9
GCA_009434555.1_PDT000231560.2_genomic,9
GCA_013631475.1_PDT000773758.1_genomic,9
GCA_006948085.1_PDT000197097.2_genomic,9
GCA_008965015.1_PDT000603324.1_genomic,9
GCA_019899905.1_PDT001125183.1_genomic,9
GCA_016967395.1_PDT000970078.1_genomic,9
GCA_005979105.1_PDT000168345.2_genomic,9
GCA_009233025.1_PDT000611648.1_genomic,9
GCA_006038615.1_PDT000173500.2_genomic,9
GCA_006579105.1_PDT000322189.1_genomic,9
GCA_001149025.1_10592_2_7_genomic,9
GCA_008719015.1_PDT000592408.1_genomic,9
GCA_005817385.1_PDT000418619.1_genomic,9
GCA_016351565.1_PDT000922493.1_genomic,9
GCA_010286005.1_PDT000580873.1_genomic,9
GCA_009350495.1_PDT000616923.1_genomic,9
GCA_018017595.1_PDT000990510.1_genomic,9
GCA_017067455.1_PDT000951475.1_genomic,9
GCA_011154995.1_PDT000307947.2_genomic,9
GCA_020064415.1_PDT001131418.1_genomic,9
GCA_020584715.1_PDT001157843.3_genomic,9
GCA_006949545.1_PDT000198939.2_genomic,9
GCA_011694775.1_PDT000691076.1_genomic,9
GCA_011590415.1_PDT000314679.2_genomic,9
GCA_006962585.1_PDT000205779.2_genomic,9
GCA_005917765.1_PDT000505135.1_genomic,9
GCA_006124095.1_PDT000227840.2_genomic,9
GCA_006604535.1_PDT000355371.1_genomic,9
GCA_010980615.1_PDT000302154.2_genomic,9
GCA_018870665.1_PDT001067576.1_genomic,9
GCA_016361225.1_PDT000244263.2_genomic,9
GCA_016369925.1_PDT000263836.2_genomic,9
GCA_009144045.1_PDT000180128.2_genomic,9
GCA_000754375.1_ASM75437v1_genomic,9
GCA_014092515.1_PDT000803549.1_genomic,9
GCA_010941115.1_PDT000054293.2_genomic,9
GCA_006190845.1_PDT000280932.2_genomic,9
GCA_009120945.1_PDT000179432.2_genomic,9
GCA_017791845.1_PDT000999640.1_genomic,9
GCA_000330445.1_ASM33044v1_genomic,9
GCA_004187675.1_PDT000337353.1_genomic,9
GCA_015375365.1_PDT000885228.1_genomic,9
GCA_010942315.1_PDT000042950.4_genomic,9
GCA_015028355.1_PDT000869926.1_genomic,9
GCA_009622935.1_PDT000606724.1_genomic,9
GCA_011277185.1_PDT000682578.1_genomic,9
GCA_014356775.1_PDT000823015.1_genomic,9
GCA_007274595.1_PDT000349664.1_genomic,9
GCA_005753275.1_PDT000497083.1_genomic,9
GCA_015125575.1_PDT000871850.1_genomic,9
GCA_006049875.1_PDT000206721.2_genomic,9
GCA_010635965.1_PDT000002952.3_genomic,9
GCA_006095955.1_PDT000111476.2_genomic,9
GCA_009413565.1_PDT000619509.1_genomic,9
GCA_007161725.1_PDT000327525.1_genomic,9
GCA_015212885.1_PDT000877145.1_genomic,9
GCA_002038385.1_ASM203838v1_genomic,9
GCA_019055415.1_PDT001078262.1_genomic,9
GCA_007146865.1_PDT000320342.1_genomic,9
GCA_010771555.1_PDT000247699.2_genomic,9
GCA_021063865.1_PDT001195528.1_genomic,9
GCA_014665035.1_PDT000839380.1_genomic,9
GCA_020727585.1_PDT001167253.1_genomic,9
GCA_017587535.1_PDT000991204.1_genomic,9
GCA_003921775.1_PDT000390268.1_genomic,9
GCA_013157325.1_PDT000744520.1_genomic,9
GCA_008724575.1_PDT000593246.1_genomic,9
GCA_009580425.1_PDT000269536.2_genomic,9
GCA_014157575.1_PDT000807316.1_genomic,9
GCA_006537025.1_PDT000532869.1_genomic,9
GCA_007294055.1_PDT000378299.1_genomic,9
GCA_015957425.1_PDT000893964.1_genomic,9
GCA_009444415.1_PDT000620691.1_genomic,9
GCA_011730315.1_PDT000710322.1_genomic,9
GCA_017486825.1_PDT000985964.1_genomic,9
GCA_008902365.1_PDT000601968.1_genomic,9
GCA_019993805.1_PDT001130226.1_genomic,9
GCA_007428845.1_PDT000467181.1_genomic,9
GCA_011219405.1_PDT000671463.1_genomic,9
GCA_011429155.1_PDT000643843.1_genomic,9
GCA_007685385.1_PDT000477413.1_genomic,9
GCA_007696645.1_PDT000544265.1_genomic,9
GCA_018101595.1_PDT001009122.1_genomic,9
GCA_001119445.1_9870_8_38_genomic,9
GCA_009043145.1_PDT000607652.1_genomic,9
GCA_010911995.1_PDT000643884.1_genomic,9
GCA_019381635.1_PDT001096983.1_genomic,9
GCA_008147385.1_PDT000571333.1_genomic,9
GCA_001132925.1_10541_2_49_genomic,9
GCA_007424115.1_PDT000464807.1_genomic,9
GCA_017926095.1_PDT001004569.1_genomic,9
GCA_006643185.1_PDT000322388.1_genomic,9
GCA_018945375.1_PDT001069407.1_genomic,9
GCA_017231715.1_PDT000940437.1_genomic,9
GCA_006403875.1_PDT000519530.1_genomic,9
GCA_011536265.1_PDT000300280.2_genomic,9
GCA_009471925.1_PDT000235106.2_genomic,9
GCA_010889235.1_PDT000053577.2_genomic,9
GCA_019361715.1_ASM1936171v1_genomic,9
GCA_014970205.1_PDT000866956.1_genomic,9
GCA_008583655.1_PDT000060064.2_genomic,9
GCA_010962415.1_PDT000303161.2_genomic,9
GCA_001159785.1_10593_2_28_genomic,9
GCA_005572755.1_PDT000430491.1_genomic,9
GCA_014520905.1_PDT000833514.1_genomic,9
GCA_011212765.1_PDT000665089.1_genomic,9
GCA_010649005.1_PDT000125581.2_genomic,9
GCA_015921845.1_PDT000897841.1_genomic,9
GCA_017183315.1_PDT000944607.1_genomic,9
GCA_016250255.1_PDT000920271.1_genomic,9
GCA_005824445.1_PDT000430830.1_genomic,9
GCA_009105565.1_PDT000184085.2_genomic,9
GCA_000329545.1_ASM32954v1_genomic,9
GCA_014473825.1_PDT000829720.1_genomic,9
GCA_004256065.1_PDT000410371.1_genomic,9
GCA_009134075.1_PDT000179971.2_genomic,9
GCA_006772815.1_PDT000347296.1_genomic,9
GCA_019535955.1_PDT001106625.1_genomic,9
GCA_007346615.1_PDT000402852.1_genomic,9
GCA_008708935.1_PDT000591823.1_genomic,9
GCA_010879185.1_PDT000564323.1_genomic,9
GCA_001359055.1_10060_6_92_genomic,9
GCA_006452935.1_PDT000522346.1_genomic,9
GCA_019203305.1_PDT001087834.1_genomic,9
GCA_007879985.1_PDT000551589.1_genomic,9
GCA_006768525.1_PDT000330043.1_genomic,9
GCA_008426345.1_PDT000135397.3_genomic,9
GCA_010461445.1_PDT000268103.2_genomic,9
GCA_006251675.1_PDT000264274.2_genomic,9
GCA_007143745.1_PDT000318922.1_genomic,9
GCA_015033345.1_PDT000869396.1_genomic,9
GCA_013870935.1_PDT000798316.1_genomic,9
GCA_018886195.1_PDT001070323.1_genomic,9
GCA_008950975.1_PDT000149931.2_genomic,9
GCA_006463905.1_PDT000523504.1_genomic,9
GCA_008882885.1_PDT000066945.3_genomic,9
GCA_011150795.1_PDT000302681.2_genomic,9
GCA_007299495.1_PDT000379873.1_genomic,9
GCA_014448655.1_PDT000033189.3_genomic,9
GCA_016385045.1_PDT000319566.1_genomic,9
GCA_008307775.1_PDT000577570.1_genomic,9
GCA_008991085.1_PDT000157594.2_genomic,9
GCA_007481245.1_PDT000283792.2_genomic,9
GCA_009080985.1_PDT000187449.2_genomic,9
GCA_015647445.1_PDT000895977.1_genomic,9
GCA_020752995.1_PDT001168037.1_genomic,9
GCA_016163325.1_PDT000798140.1_genomic,9
GCA_016354045.1_PDT000306912.2_genomic,9
GCA_019209405.1_PDT001088556.1_genomic,9
GCA_010513375.1_PDT000647955.1_genomic,9
GCA_008606705.1_PDT000064698.2_genomic,9
GCA_002053715.1_ASM205371v1_genomic,9
GCA_020654635.1_PDT001163268.1_genomic,9
GCA_013614875.1_PDT000774431.1_genomic,9
GCA_019956695.1_PDT001126562.1_genomic,9
GCA_009246225.1_PDT000211728.2_genomic,9
GCA_021075525.1_PDT001197443.1_genomic,9
GCA_009088545.1_PDT000176326.2_genomic,9
GCA_018411265.1_PDT001042116.1_genomic,9
GCA_016227825.1_PDT000618093.1_genomic,9
GCA_015003155.1_PDT000868479.1_genomic,9
GCA_009416005.1_PDT000620160.1_genomic,9
GCA_010966695.1_PDT000053098.2_genomic,9
GCA_009578365.1_PDT000267941.2_genomic,9
GCA_013818725.1_PDT000747515.1_genomic,9
GCA_008266465.1_PDT000577050.1_genomic,9
GCA_011196215.1_PDT000655187.1_genomic,9
GCA_016326425.1_PDT000126363.2_genomic,9
GCA_013219295.1_ASM1321929v1_genomic,9
GCA_018997805.1_PDT001074479.1_genomic,9
GCA_013170905.1_PDT000745218.1_genomic,9
GCA_005634795.1_PDT000490430.1_genomic,9
GCA_008898745.1_PDT000601125.1_genomic,9
GCA_006131495.1_PDT000232268.2_genomic,9
GCA_017183395.1_PDT000943806.1_genomic,9
GCA_006651445.1_PDT000081586.5_genomic,9
GCA_014935565.1_PDT000861927.1_genomic,9
GCA_010480875.1_PDT000641443.1_genomic,9
GCA_009438495.1_PDT000232356.2_genomic,9
GCA_010184445.1_PDT000371914.1_genomic,9
GCA_021056725.1_PDT001195831.1_genomic,9
GCA_008557795.1_PDT000584309.1_genomic,9
GCA_007969705.1_PDT000556804.1_genomic,9
GCA_008833185.1_PDT000120174.2_genomic,9
GCA_015281845.1_PDT000882147.1_genomic,9
GCA_009580165.1_PDT000269428.2_genomic,9
GCA_008212065.1_PDT000559150.1_genomic,9
GCA_005851305.1_PDT000488791.1_genomic,9
GCA_005564855.1_PDT000416039.1_genomic,9
GCA_006589505.1_PDT000334486.1_genomic,9
GCA_007480365.1_PDT000283241.2_genomic,9
GCA_010967055.1_PDT000004119.3_genomic,9
GCA_007061725.1_PDT000240743.2_genomic,9
GCA_014119585.1_PDT000806052.1_genomic,9
GCA_009200785.1_PDT000201646.2_genomic,9
GCA_000353305.2_ASM35330v2_genomic,9
GCA_006651945.1_PDT000337659.1_genomic,9
GCA_011618825.1_PDT000297671.2_genomic,9
GCA_020842965.1_PDT001173744.1_genomic,9
GCA_020459135.1_PDT001149253.1_genomic,9
GCA_010567705.1_PDT000120894.2_genomic,9
GCA_010440335.1_PDT000086653.2_genomic,9
GCA_006533995.1_PDT000532651.1_genomic,9
GCA_018975485.1_PDT001072729.1_genomic,9
GCA_009620435.1_PDT000030990.2_genomic,9
GCA_011324025.1_PDT000706172.1_genomic,9
GCA_019498905.1_PDT001106143.1_genomic,9
GCA_005674995.1_PDT000499727.1_genomic,9
GCA_010238335.1_PDT000446239.1_genomic,9
GCA_016361305.1_PDT000241874.2_genomic,9
GCA_008255945.1_PDT000575834.1_genomic,9
GCA_020608915.1_PDT001161008.1_genomic,9
GCA_010458605.1_PDT000644018.1_genomic,9
GCA_009059745.1_PDT000167893.2_genomic,9
GCA_009108805.1_PDT000604838.1_genomic,9
GCA_008025935.1_PDT000044907.3_genomic,9
GCA_011399345.1_PDT000289516.2_genomic,9
GCA_011530225.1_PDT000054283.2_genomic,9
GCA_013917585.1_PDT000798373.1_genomic,9
GCA_005687475.1_PDT000385198.1_genomic,9
GCA_006393875.1_PDT000505056.1_genomic,9
GCA_017231335.1_PDT000940453.1_genomic,9
GCA_011662475.1_PDT000301257.2_genomic,9
GCA_007347015.1_PDT000403174.1_genomic,9
GCA_011134075.1_PDT000298600.2_genomic,9
GCA_008734035.1_PDT000098965.2_genomic,9
GCA_009065785.1_PDT000182842.2_genomic,9
GCA_019094685.1_PDT001080408.1_genomic,9
GCA_014562155.1_PDT000730732.1_genomic,9
GCA_019260565.1_PDT001087806.1_genomic,9
GCA_005514575.1_PDT000495824.1_genomic,9
GCA_007847775.1_PDT000549454.1_genomic,9
GCA_013593615.1_PDT000789570.1_genomic,9
GCA_006077515.1_PDT000509167.1_genomic,9
GCA_005674435.1_PDT000496744.1_genomic,9
GCA_008089785.1_PDT000031935.3_genomic,9
GCA_003067605.1_ASM306760v1_genomic,9
GCA_007025545.1_PDT000221893.2_genomic,9
GCA_008512155.1_PDT000586162.1_genomic,9
GCF_900241265.1_STY114_genomic,9
GCA_008624935.1_PDT000588784.1_genomic,9
GCF_036349195.1_ASM3634919v1_genomic,9
GCA_019511205.1_PDT001105630.1_genomic,9
GCA_006832685.1_PDT000370909.1_genomic,9
GCA_008908165.1_PDT000133737.2_genomic,9
GCA_010771775.1_PDT000247803.2_genomic,9
GCA_008652315.1_PDT000084104.2_genomic,9
GCA_017497725.1_PDT000986081.1_genomic,9
GCA_019761135.1_PDT001116721.1_genomic,9
GCA_019706495.1_PDT001113532.1_genomic,9
GCA_005691415.1_PDT000388003.1_genomic,9
GCA_005465495.1_PDT000412575.1_genomic,9
GCA_020854535.1_PDT001173853.1_genomic,9
GCA_011663375.1_PDT000690959.1_genomic,9
GCA_010481115.1_PDT000651832.1_genomic,9
GCA_004237355.1_PDT000386657.1_genomic,9
GCA_007690345.1_PDT000533245.1_genomic,9
GCA_006981445.1_PDT000379809.1_genomic,9
GCA_009082625.1_PDT000182900.2_genomic,9
GCA_009596635.1_PDT000622716.1_genomic,9
GCA_006267415.1_PDT000291046.2_genomic,9
GCA_019586405.1_ASM1958640v1_genomic,9
GCA_016216285.1_PDT000639444.1_genomic,9
GCA_014986945.1_PDT000863178.1_genomic,9
GCA_007242115.1_PDT000338168.1_genomic,9
GCA_008342405.1_PDT000579552.1_genomic,9
GCA_015246375.1_PDT000880072.1_genomic,9
GCA_015740505.1_PDT000903110.1_genomic,9
GCA_006584945.1_PDT000330000.1_genomic,9
GCA_005730215.1_PDT000451313.1_genomic,9
GCA_016352055.1_PDT000315172.2_genomic,9
GCA_014119555.1_PDT000806050.1_genomic,9
GCA_007980265.1_PDT000557822.1_genomic,9
GCA_009203625.1_PDT000203084.2_genomic,9
GCA_013223465.1_ASM1322346v1_genomic,9
GCA_006241755.1_PDT000239649.2_genomic,9
GCA_019996645.1_PDT001129598.1_genomic,9
GCA_014126065.1_PDT000804482.1_genomic,9
GCA_017898695.1_PDT001002651.1_genomic,9
GCA_001367955.1_10426_1_67_genomic,9
GCA_007404325.1_PDT000452749.1_genomic,9
GCA_009519495.1_PDT000253926.2_genomic,9
GCA_017870525.1_PDT000998777.1_genomic,9
GCA_007525745.1_PDT000475776.1_genomic,9
GCA_010128685.1_PDT000264235.2_genomic,9
GCA_016315425.1_PDT000365824.1_genomic,9
GCA_014723615.1_PDT000843305.1_genomic,9
GCA_014831315.1_ASM1483131v1_genomic,9
GCA_009178065.1_PDT000198063.2_genomic,9
GCA_020970645.1_PDT001183564.1_genomic,9
GCA_007715145.1_PDT000544708.1_genomic,9
GCA_009581665.1_PDT000270996.2_genomic,9
GCA_007415955.1_PDT000457077.1_genomic,9
GCA_016380025.1_PDT000341580.1_genomic,9
GCA_008035705.1_PDT000054553.2_genomic,9
GCA_007028925.1_PDT000224940.2_genomic,9
GCA_011449195.1_PDT000034089.3_genomic,9
GCA_006623865.1_PDT000371855.1_genomic,9
GCA_007808315.1_PDT000541980.1_genomic,9
GCA_013590675.1_PDT000789541.1_genomic,9
GCA_016300245.1_PDT000392248.1_genomic,9
GCA_013913785.1_PDT000798531.1_genomic,9
GCA_007419465.1_PDT000458239.1_genomic,9
GCA_001361615.1_10071_8_18_genomic,9
GCA_006692305.1_PDT000053426.3_genomic,9
GCA_009631875.1_PDT000031266.2_genomic,9
GCA_015665645.1_PDT000896355.1_genomic,9
GCA_008174545.1_PDT000570237.1_genomic,9
GCA_006870545.1_PDT000062214.2_genomic,9
GCA_007818725.1_PDT000148794.3_genomic,9
GCA_006087495.1_PDT000049888.2_genomic,9
GCA_007533725.1_PDT000484729.1_genomic,9
GCA_009248345.1_PDT000211832.2_genomic,9
GCA_016169165.1_PDT000762638.1_genomic,9
GCA_007406745.1_PDT000453016.1_genomic,9
GCA_008851545.1_PDT000122144.2_genomic,9
GCA_010926205.1_PDT000635873.1_genomic,9
GCA_011632625.1_PDT000687262.1_genomic,9
GCA_001366995.1_10426_1_50_genomic,9
GCA_009066625.1_PDT000182891.2_genomic,9
GCA_014251075.1_PDT000816174.1_genomic,9
GCA_014350795.1_PDT000826966.1_genomic,9
GCA_011404175.1_PDT000651870.1_genomic,9
GCA_009232765.1_PDT000611588.1_genomic,9
GCA_010434955.1_PDT000647801.1_genomic,9
GCA_009097885.1_PDT000607905.1_genomic,9
GCA_006508465.1_PDT000249245.2_genomic,9
GCA_006798595.1_PDT000344315.2_genomic,9
GCA_006941515.1_PDT000179237.3_genomic,9
GCA_007314215.1_PDT000380090.1_genomic,9
GCA_014570785.1_PDT000727445.1_genomic,9
GCA_009206365.1_PDT000203757.2_genomic,9
GCA_005663215.1_PDT000478550.1_genomic,9
GCA_002038665.1_ASM203866v1_genomic,9
GCA_007295895.1_PDT000378470.1_genomic,9
GCA_013654895.1_PDT000771868.1_genomic,9
GCA_019838445.1_PDT001120703.1_genomic,9
GCA_011154235.1_PDT000302499.2_genomic,9
GCA_008508285.1_PDT000368603.1_genomic,9
GCA_003069845.1_ASM306984v1_genomic,9
GCA_011167595.1_PDT000299453.2_genomic,9
GCA_003893355.1_PDT000381792.1_genomic,9
GCA_010850385.1_PDT000662111.1_genomic,9
GCA_017574205.1_PDT000990080.1_genomic,9
GCA_013249605.1_ASM1324960v1_genomic,9
GCA_011754935.1_PDT000714207.1_genomic,9
GCA_008611905.1_PDT000069867.2_genomic,9
GCA_018226545.1_PDT001016838.1_genomic,9
GCA_006686255.1_PDT000495390.2_genomic,9
GCA_016382885.1_PDT000330292.1_genomic,9
GCA_008751575.1_PDT000099891.4_genomic,9
GCA_017107525.1_PDT000973823.1_genomic,9
GCA_010445755.1_PDT000658698.1_genomic,9
GCA_008609805.1_PDT000069272.2_genomic,9
GCA_009330715.1_PDT000221001.2_genomic,9
GCA_001093265.1_10561_2_57_genomic,9
GCA_020969715.1_PDT001183961.1_genomic,9
GCA_009200385.1_PDT000201628.2_genomic,9
GCA_006818325.1_PDT000323834.1_genomic,9
GCA_008149365.1_PDT000571383.1_genomic,9
GCA_019111605.1_PDT001080862.1_genomic,9
GCA_002042455.1_ASM204245v1_genomic,9
GCA_010624345.1_PDT000247804.2_genomic,9
GCA_015952605.1_PDT000896404.1_genomic,9
GCA_009028905.1_PDT000180376.2_genomic,9
GCA_014933385.1_PDT000862048.1_genomic,9
GCA_005949425.1_PDT000065397.2_genomic,9
GCA_006035815.1_PDT000201501.2_genomic,9
GCA_001361715.1_10209_5_52_genomic,9
GCA_010247815.1_PDT000446813.1_genomic,9
GCA_008066815.1_PDT000038465.3_genomic,9
GCA_014121305.1_ASM1412130v1_genomic,9
GCA_008617315.1_PDT000083066.2_genomic,9
GCA_020911245.1_PDT001179343.1_genomic,9
GCA_010620425.1_PDT000227622.2_genomic,9
GCA_016963865.1_PDT000970375.1_genomic,9
GCA_013508835.1_PDT000784173.1_genomic,9
GCA_016966755.1_PDT000970097.1_genomic,9
GCA_009068245.1_PDT000171955.2_genomic,9
GCA_007495285.1_PDT000310711.2_genomic,9
GCA_016104705.1_PDT000914190.1_genomic,9
GCA_001079165.1_10060_6_46_genomic,9
GCA_013250025.1_ASM1325002v1_genomic,9
GCA_019262545.1_PDT001090365.1_genomic,9
GCA_016149555.1_PDT000917509.1_genomic,9
GCA_008200705.1_PDT000058078.2_genomic,9
GCA_009596295.1_PDT000622795.1_genomic,9
GCA_018483665.1_PDT001024748.1_genomic,9
GCA_016913565.1_ASM1691356v1_genomic,9
GCA_010498195.1_PDT000038114.3_genomic,9
GCA_003922655.1_PDT000399742.1_genomic,9
GCA_001089065.1_10607_1_63_genomic,9
GCA_005865925.1_PDT000500785.1_genomic,9
GCA_007907285.1_PDT000393224.1_genomic,9
GCA_010458585.1_PDT000643209.1_genomic,9
GCA_008203025.1_PDT000558548.1_genomic,9
GCA_006296695.1_PDT000517813.1_genomic,9
GCA_009632155.1_PDT000031294.2_genomic,9
GCA_008914485.1_PDT000137959.2_genomic,9
GCA_006667945.1_PDT000359107.1_genomic,9
GCA_011321495.1_PDT000644005.1_genomic,9
GCA_016336935.1_PDT000160116.2_genomic,9
GCA_010653405.1_PDT000058575.2_genomic,9
GCA_006580985.1_PDT000324352.1_genomic,9
GCA_009558535.1_PDT000250343.2_genomic,9
GCA_005816645.1_PDT000416869.1_genomic,9
GCA_006462985.1_PDT000523374.1_genomic,9
GCA_010261315.1_PDT000452318.1_genomic,9
GCA_014088585.1_PDT000803210.1_genomic,9
GCA_007092965.1_PDT000265811.3_genomic,9
GCA_008870105.1_PDT000113640.2_genomic,9
GCA_017534395.1_PDT000987087.1_genomic,9
GCA_010795735.1_PDT000289740.2_genomic,9
GCA_016017865.1_ASM1601786v1_genomic,9
GCA_014351845.1_PDT000826932.1_genomic,9
GCA_009248715.1_PDT000211891.2_genomic,9
GCA_018315015.1_PDT001022065.1_genomic,9
GCA_011770345.1_PDT000716754.1_genomic,9
GCA_010877785.1_PDT000300245.2_genomic,9
GCA_010478955.1_PDT000646121.1_genomic,9
GCA_014233145.1_PDT000814264.1_genomic,9
GCA_007534215.1_PDT000494165.1_genomic,9
GCA_007700945.1_PDT000545791.1_genomic,9
GCA_017845575.1_PDT001001391.1_genomic,9
GCA_011177635.1_PDT000626791.1_genomic,9
GCA_003896815.1_PDT000344894.1_genomic,9
GCA_017049375.1_PDT000953571.1_genomic,9
GCA_010262835.1_PDT000452310.1_genomic,9
GCA_008713015.1_PDT000591872.1_genomic,9
GCA_010908345.1_PDT000283607.2_genomic,9
GCA_011713075.1_PDT000709757.1_genomic,9
GCA_013641495.1_PDT000773230.1_genomic,9
GCA_002056245.1_ASM205624v1_genomic,9
GCA_020470545.1_PDT001125563.1_genomic,9
GCA_013023145.1_PDT000731942.1_genomic,9
GCA_005541135.1_PDT000381749.1_genomic,9
GCA_020919475.1_PDT001177655.1_genomic,9
GCA_009508475.1_PDT000245754.2_genomic,9
GCA_005700875.1_PDT000406913.1_genomic,9
GCA_018870525.1_PDT001067583.1_genomic,9
GCA_007393845.1_PDT000431824.1_genomic,9
GCA_011745435.1_PDT000713146.1_genomic,9
GCA_017030195.1_PDT000954913.1_genomic,9
GCA_017212075.1_PDT000941497.1_genomic,9
GCA_013769765.1_PDT000755769.1_genomic,9
GCA_021046825.1_PDT001196835.1_genomic,9
GCA_009357355.1_PDT000617596.1_genomic,9
GCA_017219355.1_PDT000975976.1_genomic,9
GCA_009641075.1_PDT000607157.1_genomic,9
GCA_005821325.1_PDT000430396.1_genomic,9
GCA_008657015.1_PDT000083018.2_genomic,9
GCA_008153125.1_PDT000571530.1_genomic,9
GCA_003904675.1_PDT000391144.1_genomic,9
GCA_008372155.1_PDT000582810.1_genomic,9
GCA_006830665.1_PDT000363132.1_genomic,9
GCA_011753835.1_PDT000713202.1_genomic,9
GCF_027382835.1_ASM2738283v1_genomic,9
GCA_008075475.1_PDT000056574.2_genomic,9
GCA_010504575.1_PDT000263402.2_genomic,9
GCA_005836385.1_PDT000469258.1_genomic,9
GCA_013554215.1_PDT000794960.1_genomic,9
GCA_003917595.1_PDT000387862.1_genomic,9
GCA_007076705.1_PDT000249395.2_genomic,9
GCA_007709165.1_PDT000546922.1_genomic,9
GCA_019407585.1_PDT001098433.1_genomic,9
GCA_005922105.1_PDT000505280.1_genomic,9
GCA_016965915.1_PDT000970271.1_genomic,9
GCA_016271165.1_PDT000478510.1_genomic,9
GCA_009253385.1_PDT000213059.2_genomic,9
GCA_006648485.1_PDT000332547.1_genomic,9
GCA_019738755.1_PDT001115298.1_genomic,9
GCA_006285435.1_PDT000311309.2_genomic,9
GCA_006732965.1_PDT000364375.1_genomic,9
GCA_011521685.1_PDT000628093.1_genomic,9
GCA_011612285.1_PDT000301956.2_genomic,9
GCA_000330325.1_ASM33032v1_genomic,9
GCA_008981435.1_PDT000151872.2_genomic,9
GCA_013540315.1_PDT000781511.1_genomic,9
GCA_010252575.1_PDT000446988.1_genomic,9
GCA_019946395.1_PDT001126781.1_genomic,9
GCA_014995125.1_PDT000866333.1_genomic,9
GCA_006324005.1_PDT000307599.2_genomic,9
GCA_020521735.1_PDT001154243.1_genomic,9
GCA_006534495.1_PDT000532699.1_genomic,9
GCA_016335615.1_PDT000922498.1_genomic,9
GCA_014588075.1_PDT000724508.1_genomic,9
GCA_016289795.1_PDT000405001.1_genomic,9
GCA_007140525.1_PDT000317103.1_genomic,9
GCA_016638825.1_PDT000932190.1_genomic,9
GCA_006430195.1_PDT000522043.1_genomic,9
GCA_021004615.1_PDT001187127.1_genomic,9
GCA_009573945.1_PDT000265159.2_genomic,9
GCA_007401365.1_PDT000451033.1_genomic,9
GCA_006813025.1_PDT000054305.3_genomic,9
GCA_014351755.1_PDT000826933.1_genomic,9
GCA_005752635.1_PDT000496466.1_genomic,9
GCA_011187035.1_PDT000564298.1_genomic,9
GCA_018079465.1_PDT001007499.1_genomic,9
GCA_008187705.1_PDT000573028.1_genomic,9
GCA_008517245.1_PDT000121128.2_genomic,9
GCA_014691965.1_PDT000841503.1_genomic,9
GCA_010814685.1_PDT000643190.1_genomic,9
GCA_007041705.1_PDT000231824.2_genomic,9
GCA_008587625.1_PDT000586575.1_genomic,9
GCA_014506845.1_PDT000830491.1_genomic,9
GCA_006470715.1_PDT000524567.1_genomic,9
GCA_006931675.1_PDT000317832.1_genomic,9
GCA_016983895.1_PDT000968088.1_genomic,9
GCA_016275685.1_PDT000434891.1_genomic,9
GCA_006676445.1_PDT000368299.1_genomic,9
GCA_001125885.1_8490_6_43_genomic,9
GCA_017926595.1_PDT001004544.1_genomic,9
GCA_018988285.1_PDT001074836.1_genomic,9
GCA_007598475.1_PDT000470686.1_genomic,9
GCA_010454255.1_PDT000195542.2_genomic,9
GCA_007605995.1_PDT000476343.1_genomic,9
GCA_020955615.1_PDT001175545.1_genomic,9
GCA_016152255.1_PDT000917342.1_genomic,9
GCA_018974465.1_PDT001072784.1_genomic,9
GCA_014624745.1_PDT000838267.1_genomic,9
GCA_008854945.1_PDT000125585.2_genomic,9
GCA_006702905.1_PDT000302919.2_genomic,9
GCA_001363275.1_10426_1_31_genomic,9
GCA_008355265.1_PDT000581217.1_genomic,9
GCA_015283125.1_PDT000882095.1_genomic,9
GCA_016947715.1_PDT000971848.1_genomic,9
GCA_015375585.1_PDT000885255.1_genomic,9
GCA_010518975.1_PDT000646132.1_genomic,9
GCA_016314685.1_PDT000366931.1_genomic,9
GCA_005410405.1_PDT000429124.1_genomic,9
GCA_006121535.1_PDT000223252.2_genomic,9
GCA_011492445.1_PDT000682675.1_genomic,9
GCA_016356165.1_PDT000292487.2_genomic,9
GCA_008110925.1_PDT000058485.2_genomic,9
GCA_010880345.1_PDT000632031.1_genomic,9
GCA_010235505.1_PDT000446298.1_genomic,9
GCA_017223595.1_PDT000940868.1_genomic,9
GCA_006638665.1_PDT000247283.3_genomic,9
GCA_009249765.1_PDT000211938.2_genomic,9
GCA_008023235.1_PDT000043723.4_genomic,9
GCA_008469405.1_PDT000085950.2_genomic,9
GCA_001239925.1_10425_1_26_genomic,9
GCA_011514285.1_PDT000305467.2_genomic,9
GCA_006522275.1_PDT000405330.1_genomic,9
GCA_010005285.1_PDT000299554.2_genomic,9
GCA_011475015.1_PDT000636642.1_genomic,9
GCA_008607125.1_PDT000064926.2_genomic,9
GCA_006270855.1_PDT000297322.2_genomic,9
GCA_010953815.1_PDT000281980.2_genomic,9
GCA_011550135.1_PDT000631262.1_genomic,9
GCA_011143615.1_PDT000301987.2_genomic,9
GCA_006536985.1_PDT000532868.1_genomic,9
GCA_006127015.1_PDT000230421.2_genomic,9
GCF_016018815.1_ASM1601881v1_genomic,9
GCA_015130695.1_PDT000855130.1_genomic,9
GCA_010531895.1_PDT000032575.2_genomic,9
GCA_008029755.1_PDT000040765.3_genomic,9
GCA_006681125.1_PDT000375382.1_genomic,9
GCA_016314225.1_PDT000370798.1_genomic,9
GCA_018425765.1_PDT001043580.1_genomic,9
GCA_014966805.1_PDT000861541.1_genomic,9
GCA_010920515.1_PDT000630948.1_genomic,9
GCA_006154405.1_PDT000260204.2_genomic,9
GCA_014600475.1_PDT000836897.1_genomic,9
GCA_008077785.1_PDT000056670.2_genomic,9
GCA_006926895.1_PDT000197781.2_genomic,9
GCA_014046085.1_PDT000800085.1_genomic,9
GCA_014958465.1_PDT000862930.1_genomic,9
GCA_010976035.1_PDT000299228.2_genomic,9
GCA_010802985.1_PDT000655438.1_genomic,9
GCA_006055455.1_PDT000212483.2_genomic,9
GCA_014736755.1_PDT000844627.1_genomic,9
GCA_008138125.1_PDT000569911.1_genomic,9
GCA_008609285.1_PDT000067186.2_genomic,9
GCA_005706295.1_PDT000412603.1_genomic,9
GCA_006470225.1_PDT000524530.1_genomic,9
GCA_017361465.1_PDT000985139.1_genomic,9
GCA_001165305.1_10592_2_2_genomic,9
GCA_015043655.1_PDT000606633.1_genomic,9
GCA_010965195.1_PDT000302770.2_genomic,9
GCA_010249945.1_PDT000446864.1_genomic,9
GCA_005992545.1_PDT000198276.2_genomic,9
GCA_007879965.1_PDT000551650.1_genomic,9
GCA_007658085.1_PDT000308354.2_genomic,9
GCA_013540915.1_PDT000781763.1_genomic,9
GCA_003733685.1_PDT000396332.1_genomic,9
GCA_006002185.1_PDT000457897.1_genomic,9
GCA_010890795.1_PDT000302076.2_genomic,9
GCA_011712495.1_PDT000709817.1_genomic,9
GCA_007887765.1_PDT000553538.1_genomic,9
GCA_006500885.1_PDT000245959.2_genomic,9
GCA_011427635.1_PDT000256717.2_genomic,9
GCA_005969855.1_PDT000139560.3_genomic,9
GCA_005571655.1_PDT000430807.1_genomic,9
GCA_016737775.1_PDT000931277.1_genomic,9
GCA_016646065.1_PDT000932536.1_genomic,9
GCA_009080065.1_PDT000187075.2_genomic,9
GCA_005761675.1_PDT000356744.1_genomic,9
GCA_009355455.1_PDT000617584.1_genomic,9
GCA_010934115.1_PDT000298682.2_genomic,9
GCA_015295195.1_PDT000883323.1_genomic,9
GCA_011586415.1_PDT000631244.1_genomic,9
GCA_019994085.1_PDT001130209.1_genomic,9
GCA_016689535.1_PDT000933444.1_genomic,9
GCA_005825825.1_PDT000439550.1_genomic,9
GCA_008095715.1_PDT000057135.2_genomic,9
GCA_010863105.1_PDT000653102.1_genomic,9
GCA_004274165.1_PDT000400222.1_genomic,9
GCA_006259095.1_PDT000281905.2_genomic,9
GCA_006835405.1_PDT000392819.2_genomic,9
GCA_011345685.1_PDT000677236.1_genomic,9
GCA_013772525.1_PDT000754299.1_genomic,9
GCA_007853575.1_PDT000549901.1_genomic,9
GCA_007614055.1_PDT000485786.1_genomic,9
GCA_011610345.1_PDT000301946.2_genomic,9
GCA_006591995.1_PDT000338247.1_genomic,9
GCA_017372375.1_ASM1737237v1_genomic,9
GCA_020018655.1_PDT001131202.1_genomic,9
GCA_005841885.1_PDT000479531.1_genomic,9
GCA_009132245.1_PDT000190826.2_genomic,9
GCA_007370505.1_PDT000415689.1_genomic,9
GCA_008741415.1_PDT000099704.4_genomic,9
GCA_017359865.1_PDT000985107.1_genomic,9
GCA_008097465.1_PDT000057330.2_genomic,9
GCA_009396405.1_PDT000226848.2_genomic,9
GCA_008265525.1_PDT000576944.1_genomic,9
GCA_014121475.1_ASM1412147v1_genomic,9
GCA_006191085.1_PDT000280919.2_genomic,9
GCA_008578345.1_PDT000059486.2_genomic,9
GCA_007094685.1_ASM709468v1_genomic,9
GCA_020206735.1_PDT001141438.1_genomic,9
GCA_005512835.1_PDT000495608.1_genomic,9
GCA_009999845.1_PDT000139046.2_genomic,9
GCA_013783345.1_PDT000751065.1_genomic,9
GCA_014248735.1_PDT000814797.1_genomic,9
GCA_006837985.1_PDT000494880.2_genomic,9
GCA_011497525.1_PDT000673124.1_genomic,9
GCA_018453045.1_PDT001044852.1_genomic,9
GCA_005958825.1_PDT000105742.2_genomic,9
GCA_016369565.1_PDT000192231.2_genomic,9
GCF_025399055.1_ASM2539905v1_genomic,9
GCA_008104905.1_PDT000058086.2_genomic,9
GCA_015865725.1_PDT000906490.1_genomic,9
GCA_008703785.1_PDT000271486.2_genomic,9
GCA_006620265.1_PDT000367139.1_genomic,9
GCA_007226555.1_PDT000123161.2_genomic,9
GCA_011540435.1_PDT000309411.2_genomic,9
GCA_006792305.1_PDT000332508.1_genomic,9
GCA_011436735.1_PDT000642265.1_genomic,9
GCA_008148565.1_PDT000571402.1_genomic,9
GCA_008044055.1_PDT000043211.5_genomic,9
GCA_016158165.1_PDT000918977.1_genomic,9
GCA_007418365.1_PDT000457795.1_genomic,9
GCA_020737195.1_PDT001167636.1_genomic,9
GCA_010894255.1_PDT000298753.2_genomic,9
GCA_006014155.1_PDT000060463.2_genomic,9
GCA_020424765.1_PDT001148798.1_genomic,9
GCA_019248755.1_PDT001089995.1_genomic,9
GCA_015375545.1_PDT000885262.1_genomic,9
GCA_013915525.1_PDT000798983.1_genomic,9
GCA_008894205.1_PDT000600371.1_genomic,9
GCA_013578275.1_PDT000788896.1_genomic,9
GCA_009000415.1_PDT000603930.1_genomic,9
GCA_008068135.1_PDT000039322.3_genomic,9
GCA_016993855.1_PDT000967019.1_genomic,9
GCA_015927525.1_PDT000897398.1_genomic,9
GCA_009381135.1_PDT000617833.1_genomic,9
GCA_017211335.1_PDT000975793.1_genomic,9
GCA_008648295.1_PDT000093897.2_genomic,9
GCA_009644075.1_PDT000607371.1_genomic,9
GCA_009181745.1_PDT000199443.2_genomic,9
GCA_010480635.1_PDT000645853.1_genomic,9
GCA_011182715.1_PDT000641271.1_genomic,9
GCA_007380465.1_PDT000418695.1_genomic,9
GCA_009475265.1_PDT000235987.2_genomic,9
GCA_019890505.1_PDT001122909.1_genomic,9
GCA_016153475.1_PDT000865455.1_genomic,9
GCA_005674535.1_PDT000497056.1_genomic,9
GCA_008078435.1_PDT000056715.2_genomic,9
GCA_011453995.1_PDT000034835.3_genomic,9
GCA_003772885.1_PDT000400175.1_genomic,9
GCA_008172225.1_PDT000570083.1_genomic,9
GCA_016646005.1_PDT000932561.1_genomic,9
GCA_011240635.1_PDT000678288.1_genomic,9
GCA_016273485.1_PDT000459117.1_genomic,9
GCA_006623625.1_PDT000370845.1_genomic,9
GCA_006936285.1_PDT000326312.1_genomic,9
GCA_007619135.1_PDT000539107.1_genomic,9
GCA_009588285.1_PDT000272416.2_genomic,9
GCA_010456165.1_PDT000227657.2_genomic,9
GCA_006342035.1_PDT000518414.1_genomic,9
GCA_011385875.1_PDT000702822.1_genomic,9
GCA_012337885.1_PDT000722057.1_genomic,9
GCA_015077595.1_PDT000870884.1_genomic,9
GCA_007334175.1_PDT000394174.1_genomic,9
GCA_008639645.1_PDT000082355.2_genomic,9
GCA_010823005.1_PDT000648264.1_genomic,9
GCA_005515675.1_PDT000497091.1_genomic,9
GCA_006171825.1_PDT000257874.2_genomic,9
GCA_020705695.1_PDT001166715.1_genomic,9
GCA_019275955.1_PDT001090786.1_genomic,9
GCA_011531505.1_PDT000291327.2_genomic,9
GCA_020207425.1_PDT001141600.1_genomic,9
GCA_019549575.1_PDT001107342.1_genomic,9
GCA_007713185.1_PDT000544676.1_genomic,9
GCA_005598195.1_PDT000489538.1_genomic,9
GCA_009478405.1_PDT000237608.2_genomic,9
GCA_009128425.1_PDT000179571.2_genomic,9
GCA_013220305.1_ASM1322030v1_genomic,9
GCA_021069245.1_PDT001197168.1_genomic,9
GCA_011476555.1_PDT000638853.1_genomic,9
GCA_008728015.1_ASM872801v1_genomic,9
GCA_009215485.1_PDT000206938.2_genomic,9
GCA_005649785.1_PDT000430333.1_genomic,9
GCA_013682235.1_PDT000768426.1_genomic,9
GCA_010416205.1_PDT000256829.2_genomic,9
GCA_007535875.1_PDT000497281.1_genomic,9
GCA_005895435.1_PDT000509103.1_genomic,9
GCA_014153575.1_PDT000806543.1_genomic,9
GCA_014767675.1_PDT000847629.1_genomic,9
GCA_007039405.1_PDT000231833.2_genomic,9
GCA_000280155.1_ASM28015v1_genomic,9
GCA_009244925.1_PDT000211310.2_genomic,9
GCA_005499435.1_PDT000480815.1_genomic,9
GCA_008006485.1_PDT000004251.3_genomic,9
GCA_009054885.1_PDT000183652.2_genomic,9
GCA_015944025.1_PDT000896405.1_genomic,9
GCA_008920425.1_PDT000602133.1_genomic,9
GCA_007783245.1_PDT000455501.1_genomic,9
GCA_014518495.1_PDT000833481.1_genomic,9
GCA_007765075.1_PDT000132426.2_genomic,9
GCA_009516855.1_PDT000253372.2_genomic,9
GCA_016267545.1_PDT000491178.1_genomic,9
GCA_006481025.1_PDT000525727.1_genomic,9
GCA_004263825.1_PDT000383001.1_genomic,9
GCA_016018915.1_ASM1601891v1_genomic,9
GCA_009618935.1_PDT000607049.1_genomic,9
GCA_006427855.1_PDT000521622.1_genomic,9
GCA_009562955.1_PDT000254457.2_genomic,9
GCA_016459285.1_PDT000926308.1_genomic,9
GCA_006663685.1_PDT000355978.1_genomic,9
GCA_016375565.1_PDT000128399.2_genomic,9
GCA_006722925.1_PDT000353943.1_genomic,9
GCA_009280925.1_PDT000212140.2_genomic,9
GCA_006133135.1_PDT000232747.2_genomic,9
GCA_019807935.1_PDT001119361.1_genomic,9
GCA_016216845.1_PDT000682895.1_genomic,9
GCA_008322725.1_PDT000579063.1_genomic,9
GCA_006066515.1_PDT000224886.2_genomic,9
GCA_016352005.1_PDT000315161.2_genomic,9
GCA_006249695.1_PDT000258195.2_genomic,9
GCA_010249715.1_PDT000446843.1_genomic,9
GCA_007612655.1_PDT000484217.1_genomic,9
GCA_010487075.1_PDT000646793.1_genomic,9
GCA_001362275.1_10349_1_29_genomic,9
GCA_017831495.1_PDT001001201.1_genomic,9
GCA_016646805.1_PDT000932499.1_genomic,9
GCA_008769315.1_PDT000596686.1_genomic,9
GCA_020234185.1_PDT001142206.1_genomic,9
GCA_007812275.1_PDT000542715.1_genomic,9
GCA_007150325.1_PDT000322115.1_genomic,9
GCA_009065765.1_PDT000182849.2_genomic,9
GCA_006331785.1_PDT000315295.2_genomic,9
GCA_014123685.1_PDT000804582.1_genomic,9
GCA_010478825.1_PDT000652677.1_genomic,9
GCA_005935845.1_PDT000039041.2_genomic,9
GCA_015127585.1_PDT000855143.1_genomic,9
GCA_004266795.1_PDT000388290.1_genomic,9
GCA_009074445.1_PDT000184358.2_genomic,9
GCA_006092155.1_PDT000092931.2_genomic,9
GCA_005858565.1_PDT000496878.1_genomic,9
GCA_015119515.1_PDT000871668.1_genomic,9
GCA_014114085.1_PDT000804271.1_genomic,9
GCA_005516995.1_PDT000499316.1_genomic,9
GCA_017077235.1_PDT000950949.1_genomic,9
GCA_007875865.1_PDT000551369.1_genomic,9
GCA_006701925.1_PDT000319553.1_genomic,9
GCA_006648345.1_PDT000333722.1_genomic,9
GCA_016241315.1_PDT000592520.1_genomic,9
GCA_007313335.1_PDT000384699.1_genomic,9
GCA_014979885.1_PDT000864173.1_genomic,9
GCA_011245515.1_PDT000671704.1_genomic,9
GCA_008863945.1_PDT000601885.1_genomic,9
GCA_005622485.1_PDT000392181.1_genomic,9
GCA_009630895.1_PDT000031206.2_genomic,9
GCA_016379445.1_PDT000344728.1_genomic,9
GCA_020545565.1_PDT001156892.5_genomic,9
GCA_006339025.1_PDT000518299.1_genomic,9
GCA_008573865.1_PDT000059069.2_genomic,9
GCA_005577495.1_PDT000448884.1_genomic,9
GCA_009117145.1_PDT000179509.2_genomic,9
GCA_010758775.1_PDT000201365.2_genomic,9
GCA_008913685.1_PDT000137431.2_genomic,9
GCA_007407225.1_PDT000453831.1_genomic,9
GCA_010954275.1_PDT000299455.2_genomic,9
GCA_011274345.1_PDT000671734.1_genomic,9
GCA_020973845.1_PDT001183260.1_genomic,9
GCA_005512495.1_PDT000494567.1_genomic,9
GCA_013704125.1_PDT000796249.1_genomic,9
GCA_013656655.1_PDT000771581.1_genomic,9
GCA_016251155.1_PDT000577442.1_genomic,9
GCA_017500585.1_PDT000988014.1_genomic,9
GCA_005512715.1_PDT000494762.1_genomic,9
GCA_011139925.1_PDT000298677.2_genomic,9
GCA_016533785.1_PDT000928266.1_genomic,9
GCA_017591315.1_PDT000991264.1_genomic,9
GCA_008819065.1_PDT000598342.1_genomic,9
GCA_003137495.1_ASM313749v1_genomic,9
GCA_004271825.1_PDT000384800.1_genomic,9
GCA_008185505.1_PDT000573582.1_genomic,9
GCA_008741655.1_PDT000099586.2_genomic,9
GCA_017257355.1_PDT000976699.1_genomic,9
GCA_011492245.1_PDT000708112.1_genomic,9
GCA_006997005.1_PDT000340702.1_genomic,9
GCA_009370355.1_PDT000226020.2_genomic,9
GCA_014358215.1_PDT000822882.1_genomic,9
GCA_013222225.1_ASM1322222v1_genomic,9
GCA_010708995.1_PDT000659337.1_genomic,9
GCA_015523745.1_PDT000891093.1_genomic,9
GCA_019953755.1_PDT001126658.1_genomic,9
GCA_011085405.1_PDT000052957.2_genomic,9
GCA_010421005.1_PDT000653115.1_genomic,9
GCA_010436575.1_PDT000644033.1_genomic,9
GCA_016335335.1_PDT000133660.2_genomic,9
GCA_008695915.1_PDT000221858.2_genomic,9
GCA_008976025.1_PDT000149712.2_genomic,9
GCA_011167035.1_PDT000299336.2_genomic,9
GCA_013219385.1_ASM1321938v1_genomic,9
GCA_010845285.1_PDT000662503.1_genomic,9
GCA_003431025.1_CFSAN063792_genomic,9
GCA_020972285.1_PDT001183442.1_genomic,9
GCA_017268145.1_PDT000842770.1_genomic,9
GCA_019517985.1_ASM1951798v1_genomic,9
GCA_006658005.1_PDT000350170.1_genomic,9
GCA_007101445.1_PDT000267290.2_genomic,9
GCA_007360495.1_PDT000411202.1_genomic,9
GCA_015024135.1_ASM1502413v1_genomic,9
GCA_013661095.1_PDT000771219.1_genomic,9
GCA_011760005.1_PDT000714602.1_genomic,9
GCA_006856565.1_PDT000046058.2_genomic,9
GCA_005717525.1_PDT000415976.1_genomic,9
GCA_005557275.1_PDT000407435.1_genomic,9
GCA_018974605.1_PDT001072771.1_genomic,9
GCA_010863645.1_PDT000652711.1_genomic,9
GCA_008910525.1_PDT000134492.2_genomic,9
GCA_006055975.1_PDT000212588.2_genomic,9
GCA_006743385.1_PDT000376876.1_genomic,9
GCA_001080345.1_10071_8_50_genomic,9
GCA_006583165.1_PDT000328551.1_genomic,9
GCA_010782315.1_PDT000282169.2_genomic,9
GCA_008173325.1_PDT000570199.1_genomic,9
GCA_006773585.1_PDT000347336.1_genomic,9
GCA_009152915.1_PDT000608075.1_genomic,9
GCA_019756715.1_PDT001116513.1_genomic,9
GCA_008457725.1_PDT000359588.1_genomic,9
GCA_008814395.1_PDT000598121.1_genomic,9
GCA_019797365.1_PDT001118209.1_genomic,9
GCA_011428035.1_PDT000173636.2_genomic,9
GCA_006167945.1_PDT000250417.2_genomic,9
GCA_011766665.1_PDT000715614.1_genomic,9
GCA_011536765.1_PDT000299651.2_genomic,9
GCA_015218845.1_PDT000876803.1_genomic,9
GCA_013117705.1_PDT000740520.1_genomic,9
GCA_011606165.1_PDT000284871.2_genomic,9
GCA_002914435.1_ASM291443v1_genomic,9
GCA_021070385.1_PDT001197227.1_genomic,9
GCA_020013075.1_PDT001130987.1_genomic,9
GCA_010489835.1_PDT000652169.1_genomic,9
GCA_017147395.1_PDT000947306.1_genomic,9
GCA_006891585.1_PDT000105743.2_genomic,9
GCA_009438095.1_PDT000232188.2_genomic,9
GCA_005409805.1_PDT000385601.1_genomic,9
GCA_010596985.1_PDT000256472.2_genomic,9
GCA_008863425.1_PDT000601792.1_genomic,9
GCA_008893345.1_PDT000600277.1_genomic,9
GCA_019155915.1_PDT001083525.1_genomic,9
GCA_011164295.1_PDT000314663.2_genomic,9
GCA_011321615.1_PDT000639079.1_genomic,9
GCA_007232595.1_PDT000183303.2_genomic,9
GCA_007060505.1_PDT000240149.2_genomic,9
GCA_017208575.1_PDT000975651.1_genomic,9
GCA_000623335.1_ASM62333v1_genomic,9
GCA_003598545.1_ASM359854v1_genomic,9
GCA_014255265.1_PDT000816300.1_genomic,9
GCA_007397775.1_PDT000435608.1_genomic,9
GCA_011439715.1_PDT000640072.1_genomic,9
GCA_019358315.1_PDT001096385.1_genomic,9
GCA_017870755.1_PDT000998742.1_genomic,9
GCA_019533915.1_PDT001106751.1_genomic,9
GCA_008656835.1_PDT000083039.2_genomic,9
GCA_009175785.1_PDT000609722.1_genomic,9
GCA_011251255.1_PDT000679688.1_genomic,9
GCA_013769565.1_PDT000755792.1_genomic,9
GCA_008775175.1_PDT000595981.1_genomic,9
GCA_020447385.1_ASM2044738v1_genomic,9
GCA_019950155.1_PDT001128848.1_genomic,9
GCA_006615565.1_PDT000364318.1_genomic,9
GCA_006764245.1_PDT000318556.1_genomic,9
GCA_009301255.1_PDT000214917.2_genomic,9
GCA_009374695.1_PDT000617255.1_genomic,9
GCA_004216355.1_PDT000334916.1_genomic,9
GCA_008056475.1_PDT000055403.2_genomic,9
GCA_011243355.1_PDT000673057.1_genomic,9
GCA_011610705.1_PDT000626039.1_genomic,9
GCA_006683395.1_PDT000479824.2_genomic,9
GCA_013755975.1_PDT000760416.1_genomic,9
GCA_005499065.1_PDT000480546.1_genomic,9
GCA_002761155.1_ASM276115v1_genomic,9
GCA_020810795.1_PDT001172029.1_genomic,9
GCA_006144155.1_PDT000463956.1_genomic,9
GCA_016543405.1_PDT000928330.1_genomic,9
GCA_017492665.1_PDT000986619.1_genomic,9
GCA_007601955.1_PDT000473730.1_genomic,9
GCA_005516475.1_PDT000497717.1_genomic,9
GCA_008625865.1_PDT000588953.1_genomic,9
GCA_013554415.1_PDT000794972.1_genomic,9
GCA_015024745.1_ASM1502474v1_genomic,9
GCA_001358575.1_10607_2_1_genomic,9
GCA_017900355.1_PDT001003441.1_genomic,9
GCA_013551995.1_PDT000787351.1_genomic,9
GCA_014059245.1_PDT000801789.1_genomic,9
GCA_019936915.1_PDT001127279.1_genomic,9
GCA_008823945.1_PDT000598874.1_genomic,"9,46"
GCA_011789005.1_PDT000684708.1_genomic,"9,46"
GCA_014561615.1_PDT000730797.1_genomic,"9,46"
GCA_007048585.1_PDT000235105.2_genomic,"9,46"
GCA_006036705.1_PDT000154722.2_genomic,"9,46"
GCA_015443845.1_PDT000888727.1_genomic,"9,46"
GCA_006013755.1_PDT000047649.2_genomic,"9,46"
GCA_006766895.1_PDT000333686.1_genomic,"9,46"
GCA_011600375.1_PDT000623813.1_genomic,"9,46"
GCA_007638545.1_PDT000300470.2_genomic,"9,46"
GCA_020693405.1_PDT001165497.1_genomic,"9,46"
GCA_006942385.1_PDT000183001.2_genomic,"9,46"
GCA_013811345.1_PDT000747592.1_genomic,"9,46"
GCA_011156415.1_PDT000311522.2_genomic,"9,46"
GCA_020692165.1_PDT001165522.1_genomic,"9,46"
GCA_008844765.1_PDT000068795.3_genomic,"9,46"
GCA_008387815.1_PDT000583848.1_genomic,"9,46"
GCA_005965125.1_PDT000133903.2_genomic,"9,46"
GCA_010401325.1_PDT000240780.2_genomic,"9,46"
GCA_020912485.1_PDT001179296.1_genomic,"9,46"
GCA_018393435.1_PDT001040436.1_genomic,"9,46"
GCA_020692185.1_PDT001165521.1_genomic,"9,46"
GCA_006867045.1_PDT000050525.2_genomic,"9,46"
GCA_005411315.1_PDT000191934.2_genomic,"9,46"
GCA_007486245.1_PDT000293163.2_genomic,"9,46"
GCA_020202315.1_PDT001140376.1_genomic,"9,46"
GCA_007484365.1_PDT000292479.2_genomic,"9,46"
GCA_006829405.1_PDT000356994.1_genomic,"9,46"
GCA_006879365.1_PDT000087424.2_genomic,"9,46"
GCA_008375725.1_PDT000582858.1_genomic,"9,46"
GCA_009384215.1_PDT000618120.1_genomic,"9,46"
GCA_014566655.1_PDT000729118.1_genomic,"9,46"
GCA_002046495.1_ASM204649v1_genomic,"9,46"
GCA_008401655.1_PDT000585976.1_genomic,"9,46"
GCA_008371995.1_PDT000582833.1_genomic,"9,46"
GCA_015008135.1_PDT000859344.1_genomic,"9,46"
GCA_016465635.1_PDT000927385.1_genomic,"9,46"
GCA_007471255.1_PDT000545234.1_genomic,"9,46"
GCA_019256285.1_PDT001088119.1_genomic,"9,46"
GCA_006847325.1_PDT000037245.2_genomic,"9,46"
GCA_005943025.1_PDT000047651.2_genomic,"9,46"
GCA_006913575.1_PDT000167567.2_genomic,"9,46"
GCA_010503175.1_PDT000125400.2_genomic,"9,46"
GCA_006103855.1_PDT000171611.2_genomic,"9,46"
GCA_015218405.1_PDT000876835.1_genomic,"9,46"
GCA_020759355.1_PDT001168654.1_genomic,"9,46"
GCA_003875475.1_PDT000134557.2_genomic,"9,46"
GCA_011644935.1_PDT000687406.1_genomic,"9,46"
GCA_005605065.1_PDT000499423.1_genomic,"9,46"
GCA_007640645.1_PDT000308737.2_genomic,"9,46"
GCA_008660415.1_PDT000589481.1_genomic,"9,46"
GCA_013440375.1_PDT000793236.1_genomic,"9,46"
GCA_006027935.1_PDT000069328.3_genomic,"9,46"
GCA_005571615.1_PDT000430689.1_genomic,"9,46"
GCA_006927815.1_PDT000191729.2_genomic,"9,46"
GCA_010971375.1_PDT000077104.3_genomic,"9,46"
GCA_006939035.1_PDT000168605.2_genomic,"9,46"
GCA_005973805.1_PDT000157371.2_genomic,"9,46"
GCA_006489655.1_PDT000042432.2_genomic,"9,46"
GCA_008377145.1_PDT000582926.1_genomic,"9,46"
GCA_005842045.1_PDT000479541.1_genomic,"9,46"
GCA_013662775.1_PDT000770969.1_genomic,"9,46"
GCA_006922695.1_PDT000171748.2_genomic,"9,46"
GCA_007603695.1_PDT000473956.1_genomic,"9,46"
GCA_015878085.1_PDT000901035.1_genomic,"9,46"
GCA_007225315.1_PDT000335859.1_genomic,"9,46"
GCA_010616285.1_PDT000661913.1_genomic,"9,46"
GCA_010397165.1_PDT000135708.2_genomic,"9,46"
GCA_006838365.1_PDT000484740.2_genomic,"9,46"
GCA_011329925.1_PDT000649179.1_genomic,"9,46"
GCA_010536315.1_PDT000034017.2_genomic,"9,46"
GCA_010948575.1_PDT000631218.1_genomic,"9,46"
GCA_005517685.1_PDT000499486.1_genomic,"9,46"
GCA_006907805.1_PDT000141616.2_genomic,"9,46"
GCA_006097815.1_PDT000133873.2_genomic,"9,46"
GCA_007442865.1_PDT000479724.1_genomic,"9,46"
GCA_006622865.1_PDT000368518.1_genomic,"9,46"
GCA_014758485.1_PDT000062122.3_genomic,"9,46"
GCA_010471125.1_PDT000221160.2_genomic,"9,46"
GCA_005810105.1_PDT000412143.1_genomic,"9,46"
GCA_008603565.1_PDT000588267.1_genomic,"9,46"
GCA_010926575.1_PDT000566636.1_genomic,"9,46"
GCA_017270575.1_PDT000976956.1_genomic,"9,46"
GCA_006481345.1_PDT000525713.1_genomic,"9,46"
GCA_003902355.1_PDT000389988.1_genomic,"9,46"
GCA_017906435.1_PDT001002799.1_genomic,"9,46"
GCA_016349765.1_PDT000922599.1_genomic,"9,46"
GCA_012042215.1_PDT000718596.1_genomic,"9,46"
GCA_006122135.1_PDT000224596.2_genomic,"9,46"
GCA_006750705.1_PDT000488870.2_genomic,"9,46"
GCA_006490075.1_PDT000044681.2_genomic,"9,46"
GCA_020489875.1_PDT001150472.1_genomic,"9,46"
GCA_012028365.1_ASM1202836v1_genomic,"9,46"
GCA_005530155.1_PDT000483754.1_genomic,"9,46"
GCA_005647895.1_PDT000429189.1_genomic,"9,46"
GCA_013756155.1_PDT000760406.1_genomic,"9,46"
GCA_005667125.1_PDT000480763.1_genomic,"9,46"
GCA_005942985.1_PDT000047639.2_genomic,"9,46"
GCA_010623065.1_PDT000222411.2_genomic,"9,46"
GCA_020693645.1_PDT001165485.1_genomic,"9,46"
GCA_011242875.1_PDT000678993.1_genomic,"9,46"
GCA_010595145.1_PDT000197741.2_genomic,"9,46"
GCA_014309695.1_PDT000821765.1_genomic,"9,46"
GCA_011277785.1_PDT000692255.1_genomic,"9,46"
GCA_010404875.1_PDT000039020.3_genomic,"9,46"
GCA_005453705.1_PDT000391466.1_genomic,"9,46"
GCA_008372915.1_PDT000582853.1_genomic,"9,46"
GCA_006954865.1_PDT000187646.2_genomic,"9,46"
GCA_006774685.1_PDT000351289.1_genomic,"9,46"
GCA_020471945.1_PDT001067069.1_genomic,"9,46"
GCA_010849045.1_PDT000643231.1_genomic,"9,46"
GCA_006318545.1_PDT000300493.2_genomic,"9,46"
GCA_007772925.1_PDT000068546.5_genomic,"9,46"
GCA_014756105.1_PDT000048753.3_genomic,"9,46"
GCA_014599565.1_PDT000836921.1_genomic,"9,46"
GCA_006269715.1_PDT000296908.2_genomic,"9,46"
GCA_008376025.1_PDT000582937.1_genomic,"9,46"
GCA_008372015.1_PDT000582792.1_genomic,"9,46"
GCA_006799265.1_PDT000332056.1_genomic,"9,46"
GCA_010626985.1_PDT000215897.2_genomic,"9,46"
GCA_015870885.1_PDT000906039.1_genomic,"9,46"
GCA_008784685.1_PDT000594786.1_genomic,"9,46"
GCA_010707975.1_PDT000660502.1_genomic,"9,46"
GCA_020693305.1_PDT001165501.1_genomic,"9,46"
GCA_010133595.1_PDT000274118.2_genomic,"9,46"
GCA_005608015.1_PDT000237834.2_genomic,"9,46"
GCA_018075965.1_PDT001007688.1_genomic,"9,46"
GCA_005407965.1_PDT000467058.1_genomic,"9,46"
GCA_008856645.1_PDT000599429.1_genomic,"9,46"
GCA_013774725.1_PDT000753892.1_genomic,"9,46"
GCA_010616225.1_PDT000259675.2_genomic,"9,46"
GCA_007485825.1_PDT000299859.2_genomic,"9,46"
GCA_006027135.1_PDT000125167.2_genomic,"9,46"
GCA_006064595.1_PDT000222698.2_genomic,"9,46"
GCA_007779425.1_PDT000410422.1_genomic,"9,46"
GCA_014566255.1_PDT000729107.1_genomic,"9,46"
GCA_010915095.1_PDT000104807.2_genomic,"9,46"
GCA_006597045.1_PDT000347137.1_genomic,"9,46"
GCA_013654215.1_PDT000771854.1_genomic,"9,46"
GCA_020701835.1_PDT001164431.1_genomic,"9,46"
GCA_017145215.1_PDT000947508.1_genomic,"9,46"
GCA_020692065.1_PDT001165525.1_genomic,"9,46"
GCA_003119135.1_ASM311913v1_genomic,"9,46"
GCA_020693685.1_PDT001165483.1_genomic,"9,46"
GCA_011194575.1_PDT000653103.1_genomic,"9,46"
GCA_006532095.1_PDT000532355.1_genomic,"9,46"
GCA_020691605.1_PDT001165547.1_genomic,"9,46"
GCA_017027515.1_PDT000955054.1_genomic,"9,46"
GCA_015218725.1_PDT000876814.1_genomic,"9,46"
GCA_006060055.1_PDT000218847.2_genomic,"9,46"
GCA_008116205.1_PDT000068627.2_genomic,"9,46"
GCA_003763905.1_PDT000399235.1_genomic,"9,46"
GCA_006915615.1_PDT000157362.2_genomic,"9,46"
GCA_008641255.1_PDT000082391.2_genomic,"9,46"
GCA_020690705.1_PDT001165592.1_genomic,"9,46"
GCA_011733595.1_PDT000710152.1_genomic,"9,46"
GCA_006954045.1_PDT000171693.2_genomic,"9,46"
GCA_010683505.1_PDT000187590.2_genomic,"9,46"
GCA_017143915.1_PDT000947545.1_genomic,"9,46"
GCA_015218365.1_PDT000876848.1_genomic,"9,46"
GCA_005498725.1_PDT000480227.1_genomic,"9,46"
GCA_006184705.1_PDT000275180.2_genomic,"9,46"
GCA_010660285.1_PDT000266007.2_genomic,"9,46"
GCA_007608835.1_PDT000477037.1_genomic,"9,46"
GCA_006613325.1_PDT000363066.1_genomic,"9,46"
GCA_013781265.1_PDT000797386.1_genomic,"9,46"
GCA_006395715.1_PDT000518186.1_genomic,"9,46"
GCA_008259005.1_PDT000576011.1_genomic,"9,46"
GCA_012028875.1_ASM1202887v1_genomic,"9,46"
GCA_005911605.1_PDT000501735.1_genomic,"9,46"
GCA_015867625.2_PDT000906405.2_genomic,"9,46"
GCA_014567175.1_PDT000729072.1_genomic,"9,46"
GCA_006740545.1_PDT000372526.1_genomic,"9,46"
GCA_004180045.1_PDT000330741.1_genomic,"9,46"
GCA_011476215.1_PDT000639091.1_genomic,"9,46"
GCA_011714095.1_PDT000709588.1_genomic,"9,46"
GCA_015120685.1_PDT000871700.1_genomic,"9,46"
GCA_005677955.1_PDT000175748.2_genomic,"9,46"
GCA_011531125.1_PDT000625816.1_genomic,"9,46"
GCA_019999645.1_PDT001130313.1_genomic,"9,46"
GCA_010914115.1_PDT000077491.3_genomic,"9,46"
GCA_007837945.1_PDT000128294.2_genomic,"9,46"
GCA_006881005.2_PDT000086934.3_genomic,"9,46"
GCA_007849295.1_PDT000549652.1_genomic,"9,46"
GCA_002060995.1_ASM206099v1_genomic,"9,46"
GCA_011214605.1_PDT000668620.2_genomic,"9,46"
GCA_006431255.1_PDT000522067.1_genomic,"9,46"
GCA_005556035.1_PDT000406652.1_genomic,"9,46"
GCA_011339625.1_PDT000674203.1_genomic,"9,46"
GCA_006272155.1_PDT000300467.2_genomic,"9,46"
GCA_010547205.1_PDT000098066.3_genomic,"9,46"
GCA_008440605.1_PDT000311972.2_genomic,"9,46"
GCA_009344935.1_PDT000616616.1_genomic,"9,46"
GCA_006117185.1_PDT000114492.3_genomic,"9,46"
GCA_009578645.1_PDT000267979.2_genomic,"9,46"
GCA_007064165.1_PDT000241665.2_genomic,"9,46"
GCA_007172215.1_PDT000329524.1_genomic,"9,46"
GCA_007709565.1_PDT000546942.1_genomic,"9,46"
GCA_020507045.1_PDT001151039.1_genomic,"9,46"
GCA_020691685.1_PDT001165543.1_genomic,"9,46"
GCA_020691945.1_PDT001165531.1_genomic,"9,46"
GCA_015090315.1_PDT000856165.1_genomic,"9,46"
GCA_010676945.1_PDT000049541.2_genomic,"9,46"
GCA_014567255.1_PDT000729075.1_genomic,"9,46"
GCA_008562855.1_PDT000587119.1_genomic,"9,46"
GCA_011230935.1_PDT000677546.1_genomic,"9,46"
GCA_005544635.1_PDT000386589.1_genomic,"9,46"
GCA_005656715.1_PDT000457223.1_genomic,"9,46"
GCA_006427035.1_PDT000521540.1_genomic,"9,46"
GCA_007112905.1_PDT000278401.2_genomic,"9,46"
GCA_020692045.1_PDT001165526.1_genomic,"9,46"
GCA_007837915.1_PDT000128296.2_genomic,"9,46"
GCA_005494905.1_PDT000478544.1_genomic,"9,46"
GCA_017103625.1_PDT000974010.1_genomic,"9,46"
GCA_016347285.1_PDT000922702.1_genomic,"9,46"
GCA_009119645.1_PDT000178540.2_genomic,"9,46"
GCA_006391695.1_PDT000208358.3_genomic,"9,46"
GCA_005817865.1_PDT000417028.1_genomic,"9,46"
GCA_010394945.1_PDT000291342.2_genomic,"9,46"
GCA_017144115.1_PDT000947539.1_genomic,"9,46"
GCA_005837745.1_PDT000470541.1_genomic,"9,46"
GCA_017144595.1_PDT000947503.1_genomic,"9,46"
GCA_010795795.1_PDT000067269.3_genomic,"9,46"
GCA_009254645.1_PDT000604291.1_genomic,"9,46"
GCA_014539905.1_PDT000836005.1_genomic,"9,46"
GCA_008399445.1_PDT000585331.1_genomic,"9,46"
GCA_011445015.1_PDT000049540.2_genomic,"9,46"
GCA_006027255.1_PDT000128287.2_genomic,"9,46"
GCA_003738345.1_PDT000396540.1_genomic,"9,46"
GCA_010391585.1_PDT000049539.2_genomic,"9,46"
GCA_005962045.1_PDT000125170.2_genomic,"9,46"
GCA_002045255.1_ASM204525v1_genomic,"9,46"
GCA_008371515.1_PDT000582793.1_genomic,"9,46"
GCA_006267675.1_PDT000291395.2_genomic,"9,46"
GCA_010705145.1_PDT000054106.2_genomic,"9,46"
GCA_010564725.1_PDT000260988.2_genomic,"9,46"
GCA_010412975.1_PDT000226631.2_genomic,"9,46"
GCA_019598745.1_PDT001108962.1_genomic,"9,46"
GCA_006779145.1_PDT000355869.1_genomic,"9,46"
GCA_006308605.1_PDT000276458.2_genomic,"9,46"
GCA_006566505.1_PDT000366892.1_genomic,"9,46"
GCA_006490035.1_PDT000044669.2_genomic,"9,46"
GCA_017020135.1_PDT000972692.1_genomic,"9,46"
GCA_020693245.1_PDT001165503.1_genomic,"9,46"
GCA_019356815.1_PDT001096450.1_genomic,"9,46"
GCA_011003915.1_PDT000688054.1_genomic,"9,46"
GCA_007085685.1_PDT000258164.2_genomic,"9,46"
GCA_017141645.1_PDT000947700.1_genomic,"9,46"
GCA_006926455.1_PDT000197934.2_genomic,"9,46"
GCA_020811275.1_PDT001172180.1_genomic,"9,46"
GCA_020692465.1_PDT001165519.1_genomic,"9,46"
GCA_005418535.1_PDT000407255.1_genomic,"9,46"
GCA_020704795.1_PDT001165511.1_genomic,"9,46"
GCA_014044805.1_PDT000800159.1_genomic,"9,46"
GCA_007561665.1_PDT000288513.2_genomic,"9,46"
GCA_010519715.1_PDT000152375.2_genomic,"9,46"
GCA_018518985.1_PDT001045789.1_genomic,"9,46"
GCA_012163595.1_PDT000720574.1_genomic,"9,46"
GCA_006953585.1_PDT000175749.2_genomic,"9,46"
GCA_010683105.1_PDT000156682.2_genomic,"9,46"
GCA_008435135.1_PDT000218905.2_genomic,"9,46"
GCA_006253055.1_PDT000266717.2_genomic,"9,46"
GCA_017141705.1_PDT000947687.1_genomic,"9,46"
GCA_014768395.1_PDT000847624.1_genomic,"9,46"
GCA_006022675.1_PDT000092991.2_genomic,"9,46"
GCA_011590845.1_PDT000305726.2_genomic,"9,46"
GCA_010926075.1_PDT000637629.1_genomic,"9,46"
GCA_011335995.1_PDT000671386.1_genomic,"9,46"
GCA_014759625.1_PDT000051574.3_genomic,"9,46"
GCA_006087115.1_PDT000046065.2_genomic,"9,46"
GCA_009616235.1_PDT000612117.1_genomic,"9,46"
GCA_005594495.1_PDT000483870.1_genomic,"9,46"
GCA_019191825.1_PDT001086203.1_genomic,"9,46"
GCA_007761005.1_PDT000111446.3_genomic,"9,46"
GCA_008912035.1_PDT000135706.2_genomic,"9,46"
GCA_016148675.2_PDT000917430.2_genomic,"9,46"
GCA_006211725.1_PDT000343413.1_genomic,"9,46"
GCA_020693285.1_PDT001165500.1_genomic,"9,46"
GCA_006563785.1_PDT000356361.1_genomic,"9,46"
GCA_011507085.1_PDT000706497.1_genomic,"9,46"
GCA_006174785.1_PDT000263883.2_genomic,"9,46"
GCA_008377285.1_PDT000582913.1_genomic,"9,46"
GCA_015182485.1_PDT000873433.1_genomic,"9,46"
GCA_003077235.1_ASM307723v1_genomic,"9,46"
GCA_006948705.1_PDT000193052.2_genomic,"9,46"
GCA_010628335.1_PDT000258252.2_genomic,"9,46"
GCA_017500295.1_PDT000988030.1_genomic,"9,46"
GCA_006915595.1_PDT000161832.2_genomic,"9,46"
GCA_018216755.1_PDT001016431.1_genomic,"9,46"
GCA_012159985.1_PDT000720533.1_genomic,"9,46"
GCA_007600475.1_PDT000472891.1_genomic,"9,46"
GCA_014369665.1_PDT000800279.1_genomic,"9,46"
GCA_010717695.1_PDT000226635.2_genomic,"9,46"
GCA_013103035.1_PDT000734405.1_genomic,"9,46"
GCA_015099405.1_PDT000855799.1_genomic,"9,46"
GCA_017015355.1_PDT000961517.1_genomic,"9,46"
GCA_006674905.1_PDT000368091.1_genomic,"9,46"
GCA_011252075.1_PDT000702858.1_genomic,"9,46"
GCA_013144345.1_PDT000743245.1_genomic,"9,46"
GCA_008375965.1_PDT000582865.1_genomic,"9,46"
GCA_007496445.1_PDT000313968.2_genomic,"9,46"
GCA_011711955.1_PDT000709818.1_genomic,"9,46"
GCA_010554445.1_PDT000146639.2_genomic,"9,46"
GCA_006490195.1_PDT000245594.2_genomic,"9,46"
GCA_014572435.1_PDT000727296.1_genomic,"9,46"
GCA_007518085.1_PDT000470743.1_genomic,"9,46"
GCA_006337915.1_PDT000518203.1_genomic,"9,46"
GCA_006267435.1_PDT000290299.2_genomic,"9,46"
GCA_018396135.1_PDT001040503.1_genomic,"9,46"
GCA_016450405.1_PDT000926103.1_genomic,"9,46"
GCA_020692005.1_PDT001165530.1_genomic,"9,46"
GCA_014251495.1_PDT000816209.1_genomic,"9,46"
GCA_010769115.1_PDT000213064.2_genomic,"9,46"
GCA_006140495.1_PDT000235930.2_genomic,"9,46"
GCA_007102965.1_PDT000268927.2_genomic,"9,46"
GCA_007293895.1_PDT000377702.1_genomic,"9,46"
GCA_007093185.1_PDT000265727.3_genomic,"9,46"
GCA_005555855.1_PDT000407144.1_genomic,"9,46"
GCA_006915655.1_PDT000157365.2_genomic,"9,46"
GCA_008808235.1_PDT000107392.2_genomic,"9,46"
GCA_008198325.1_PDT000575152.1_genomic,"9,46"
GCA_017143895.1_PDT000947541.1_genomic,"9,46"
GCA_015907085.2_PDT000908208.2_genomic,"9,46"
GCA_019898915.1_PDT001125234.1_genomic,"9,46"
GCA_019185895.1_PDT001085755.1_genomic,"9,46"
GCA_006972645.1_PDT000216412.2_genomic,"9,46"
GCA_007439965.1_PDT000475474.1_genomic,"9,46"
GCA_013756615.1_PDT000760377.1_genomic,"9,46"
GCA_008585825.1_PDT000582733.1_genomic,"9,46"
GCA_014566715.1_PDT000729113.1_genomic,"9,46"
GCA_007392725.1_PDT000430858.1_genomic,"9,46"
GCA_011130015.1_PDT000286955.2_genomic,"9,46"
GCA_006254995.1_PDT000273008.2_genomic,"9,46"
GCA_014615175.1_PDT000837712.1_genomic,"9,46"
GCA_006097375.1_PDT000134546.2_genomic,"9,46"
GCA_020610335.1_PDT001157263.3_genomic,"9,46"
GCA_016626665.1_PDT000931626.1_genomic,"9,46"
GCA_005691235.1_PDT000387981.1_genomic,"9,46"
GCA_020517525.1_PDT001154119.1_genomic,"9,46"
GCA_019889785.1_PDT001122946.1_genomic,"9,46"
GCA_018297205.1_PDT001021875.1_genomic,"9,46"
GCA_005867945.1_PDT000501112.1_genomic,"9,46"
GCA_017141265.1_PDT000947699.1_genomic,"9,46"
GCA_006993245.1_PDT000338648.1_genomic,"9,46"
GCA_017000855.1_PDT000966371.1_genomic,"9,46"
GCA_008371115.1_PDT000582855.1_genomic,"9,46"
GCA_016964035.1_PDT000970361.1_genomic,"9,46"
GCA_014593115.1_PDT000722791.1_genomic,"9,46"
GCA_013775705.1_PDT000753824.1_genomic,"9,46"
GCA_006626425.1_PDT000373094.1_genomic,"9,46"
GCA_019485385.1_PDT001103590.1_genomic,"9,46"
GCA_013121135.1_PDT000739533.1_genomic,"9,46"
GCA_020099755.1_PDT001135694.1_genomic,"9,46"
GCA_014594555.1_PDT000836653.1_genomic,"9,46"
GCA_011486285.1_PDT000682443.1_genomic,"9,46"
GCA_020242965.1_PDT001141585.1_genomic,"9,46"
GCA_005743725.1_PDT000483414.1_genomic,"9,46"
GCA_020755735.1_PDT001168005.1_genomic,"9,46"
GCA_011299455.1_PDT000677854.1_genomic,"9,46"
GCA_008146745.1_PDT000571240.1_genomic,"9,46"
GCA_007445305.1_PDT000495060.1_genomic,"9,46"
GCA_017576485.1_PDT000989857.1_genomic,"9,46"
GCA_011444175.1_PDT000034001.2_genomic,"9,46"
GCA_020903435.1_PDT001179089.1_genomic,"9,46"
GCA_013451115.1_PDT000793577.1_genomic,"9,46"
GCA_010184785.1_PDT000421867.1_genomic,"9,46"
GCA_015861785.1_PDT000906050.1_genomic,"9,46"
GCA_006337735.1_PDT000518234.1_genomic,"9,46"
GCA_006524795.1_PDT000465071.1_genomic,"9,46"
GCA_008376245.1_PDT000582946.1_genomic,"9,46"
GCA_006345565.1_PDT000128288.2_genomic,"9,46"
GCA_006758385.1_PDT000128402.2_genomic,"9,46"
GCA_014758145.1_PDT000051603.3_genomic,"9,46"
GCA_020839545.1_PDT001173384.1_genomic,"9,46"
GCA_010778995.1_PDT000281340.2_genomic,"9,46"
GCA_014450195.1_PDT000828082.1_genomic,"9,46"
GCA_010403035.1_PDT000646646.1_genomic,"9,46"
GCA_007690105.1_PDT000533141.1_genomic,"9,46"
GCA_009204025.1_PDT000203276.2_genomic,"9,46"
GCA_020693725.1_PDT001165481.1_genomic,"9,46"
GCA_005731675.1_PDT000457179.1_genomic,"9,46"
GCA_010921095.1_PDT000054965.2_genomic,"9,46"
GCA_020691085.1_PDT001165573.1_genomic,"9,46"
GCA_006926175.1_PDT000184870.2_genomic,"9,46"
GCA_006468445.1_PDT000524380.1_genomic,"9,46"
GCA_006529255.1_PDT000532176.1_genomic,"9,46"
GCA_020693745.1_PDT001165480.1_genomic,"9,46"
GCA_006920655.1_PDT000177241.2_genomic,"9,46"
GCA_008891865.1_PDT000600024.1_genomic,"9,46"
GCA_012244145.1_PDT000720946.1_genomic,"9,46"
GCA_007204075.1_PDT000111445.2_genomic,"9,46"
GCA_009441275.1_PDT000620447.1_genomic,"9,46"
GCA_008371135.1_PDT000582795.1_genomic,"9,46"
GCA_006160165.1_PDT000239214.2_genomic,"9,46"
GCA_006188165.1_PDT000278666.2_genomic,"9,46"
GCA_005907865.1_PDT000500889.1_genomic,"9,46"
GCA_011297555.1_PDT000677212.1_genomic,"9,46"
GCA_011345305.1_PDT000677158.1_genomic,"9,46"
GCA_006036395.1_PDT000203491.2_genomic,"9,46"
GCA_017231975.1_PDT000940420.1_genomic,"9,46"
GCA_009730015.1_ASM973001v1_genomic,"9,46"
GCA_007104105.1_PDT000272516.2_genomic,"9,46"
GCA_014627745.1_PDT000838750.1_genomic,"9,46"
GCA_003778885.1_PDT000402973.1_genomic,"9,46"
GCA_010618205.1_PDT000207064.2_genomic,"9,46"
GCA_006510965.1_PDT000263735.2_genomic,"9,46"
GCA_019465915.1_PDT001104706.1_genomic,"9,46"
GCA_015378765.1_PDT000888025.1_genomic,"9,46"
GCA_014886335.1_PDT000851179.1_genomic,"9,46"
GCA_005412535.1_PDT000356658.1_genomic,"9,46"
GCA_010854235.1_PDT000650338.1_genomic,"9,46"
GCA_006147915.1_PDT000510753.1_genomic,"9,46"
GCA_013511665.1_PDT000784430.1_genomic,"9,46"
GCA_006167345.1_PDT000245539.2_genomic,"9,46"
GCA_014566155.1_PDT000729109.1_genomic,"9,46"
GCA_007441725.1_PDT000476553.1_genomic,"9,46"
GCA_008372675.1_PDT000582839.1_genomic,"9,46"
GCA_011109455.1_PDT000154618.2_genomic,"9,46"
GCA_007487105.1_PDT000296904.2_genomic,"9,46"
GCA_003910015.1_PDT000338023.1_genomic,"9,46"
GCA_006070255.1_PDT000226857.2_genomic,"9,46"
GCA_011336805.1_PDT000671968.1_genomic,"9,46"
GCA_015046965.1_PDT000857687.1_genomic,"9,46"
GCA_018972425.1_PDT001073156.1_genomic,"9,46"
GCA_005980685.1_PDT000171633.2_genomic,"9,46"
GCA_017372875.1_PDT000984312.1_genomic,"9,46"
GCA_009119685.1_PDT000178616.2_genomic,"9,46"
GCA_005718495.1_PDT000418600.1_genomic,"9,46"
GCA_014520085.1_PDT000833558.1_genomic,"9,46"
GCA_005516495.1_PDT000497716.1_genomic,"9,46"
GCA_011629465.1_PDT000563088.1_genomic,"9,46"
GCA_005995605.1_PDT000208249.2_genomic,"9,46"
GCA_008150805.1_PDT000571470.1_genomic,"9,46"
GCA_014258745.1_PDT000817229.1_genomic,"9,46"
GCA_011355505.1_PDT000665046.1_genomic,"9,46"
GCA_010897015.1_PDT000302066.2_genomic,"9,46"
GCA_016627985.1_PDT000931565.1_genomic,"9,46"
GCA_015532695.1_PDT000891217.1_genomic,"9,46"
GCA_020693665.1_PDT001165484.1_genomic,"9,46"
GCA_009225905.1_PDT000610462.1_genomic,"9,46"
GCA_006042655.1_PDT000183000.2_genomic,"9,46"
GCA_008376645.1_PDT000582880.1_genomic,"9,46"
GCA_016309045.1_PDT000921977.1_genomic,"9,46"
GCA_008371735.1_PDT000582797.1_genomic,"9,46"
GCA_011277745.1_PDT000682646.1_genomic,"9,46"
GCA_020866745.1_PDT001173980.1_genomic,"9,46"
GCA_006924315.1_PDT000172224.2_genomic,"9,46"
GCA_014567115.1_PDT000729077.1_genomic,"9,46"
GCA_007484965.1_PDT000290170.2_genomic,"9,46"
GCA_014681245.1_PDT000841487.1_genomic,"9,46"
GCA_014976525.1_PDT000862839.1_genomic,"9,46"
GCA_006902645.1_PDT000133567.2_genomic,"9,46"
GCA_010772435.1_PDT000250899.2_genomic,"9,46"
GCA_008376885.1_PDT000582893.1_genomic,"9,46"
GCA_011414075.1_PDT000146449.2_genomic,"9,46"
GCA_013984275.1_PDT000799690.1_genomic,"9,46"
GCA_017144935.1_PDT000947517.1_genomic,"9,46"
GCA_014240755.1_PDT000814563.1_genomic,"9,46"
GCA_010761615.1_PDT000203663.2_genomic,"9,46"
GCA_017905295.1_PDT001002896.1_genomic,"9,46"
GCA_006296795.1_PDT000518053.1_genomic,"9,46"
GCA_007397915.1_PDT000439374.1_genomic,"9,46"
GCA_010125125.1_PDT000220229.2_genomic,"9,46"
GCA_014565775.1_PDT000729099.1_genomic,"9,46"
GCA_010751195.1_PDT000177745.2_genomic,"9,46"
GCA_010777555.1_PDT000294832.2_genomic,"9,46"
GCA_008371235.1_PDT000582799.1_genomic,"9,46"
GCA_007573745.1_PDT000313260.2_genomic,"9,46"
GCA_020756135.1_PDT001168283.1_genomic,"9,46"
GCA_020191545.1_PDT001140411.1_genomic,"9,46"
GCA_006622545.1_PDT000368097.1_genomic,"9,46"
GCA_006886165.1_PDT000095262.2_genomic,"9,46"
GCA_007488605.1_PDT000300473.2_genomic,"9,46"
GCA_019494345.1_PDT001106049.1_genomic,"9,46"
GCA_007021525.1_PDT000217402.2_genomic,"9,46"
GCA_007482665.1_PDT000287407.2_genomic,"9,46"
GCA_006938475.1_PDT000157366.2_genomic,"9,46"
GCA_005536895.1_PDT000334160.1_genomic,"9,46"
GCA_006674855.1_PDT000367328.1_genomic,"9,46"
GCA_005672395.1_PDT000496134.1_genomic,"9,46"
GCA_011275585.1_PDT000672841.1_genomic,"9,46"
GCA_006636785.1_PDT000207061.2_genomic,"9,46"
GCA_011654755.1_PDT000687003.1_genomic,"9,46"
GCA_010389215.1_PDT000042355.4_genomic,"9,46"
GCA_014539665.1_PDT000836007.1_genomic,"9,46"
GCA_005848245.1_PDT000483928.1_genomic,"9,46"
GCA_020963395.1_PDT001183620.1_genomic,"9,46"
GCA_019000445.1_PDT001074419.1_genomic,"9,46"
GCA_005813485.1_PDT000415965.1_genomic,"9,46"
GCA_006472225.1_PDT000525186.1_genomic,"9,46"
GCA_019519545.1_ASM1951954v1_genomic,"9,46"
GCA_020693625.1_PDT001165488.1_genomic,"9,46"
GCA_006472785.1_PDT000525225.1_genomic,"9,46"
GCA_010619445.1_PDT000201278.2_genomic,"9,46"
GCA_006560205.1_PDT000341758.1_genomic,"9,46"
GCA_016130005.1_PDT000918893.1_genomic,"9,46"
GCA_008146685.1_PDT000571234.1_genomic,"9,46"
GCA_020691545.1_PDT001165554.1_genomic,"9,46"
GCA_003590695.1_ASM359069v1_genomic,"9,46"
GCA_019354195.1_PDT001096589.1_genomic,"9,46"
GCA_006944165.1_PDT000186933.2_genomic,"9,46"
GCA_006516375.1_PDT000532157.1_genomic,"9,46"
GCA_020691865.1_PDT001165538.1_genomic,"9,46"
GCA_010965795.1_PDT000637592.1_genomic,"9,46"
GCA_010973755.1_PDT000049909.3_genomic,"9,46"
GCA_005953345.1_PDT000087419.2_genomic,"9,46"
GCA_006790625.1_PDT000367639.1_genomic,"9,46"
GCA_006536485.1_PDT000532847.1_genomic,"9,46"
GCA_011999245.1_PDT000717519.1_genomic,"9,46"
GCA_005899485.1_PDT000268357.3_genomic,"9,46"
GCA_011306435.1_PDT000679646.1_genomic,"9,46"
GCA_010461255.1_PDT000273095.2_genomic,"9,46"
GCA_006915715.1_PDT000157361.2_genomic,"9,46"
GCA_015323005.1_PDT000884717.1_genomic,"9,46"
GCA_006140875.1_PDT000235129.2_genomic,"9,46"
GCA_005972645.1_PDT000149581.2_genomic,"9,46"
GCA_011202575.1_PDT000669641.1_genomic,"9,46"
GCA_010614165.1_PDT000275339.2_genomic,"9,46"
GCA_020691365.1_PDT001165558.1_genomic,"9,46"
GCA_019463895.1_PDT001104983.1_genomic,"9,46"
GCA_002046425.1_ASM204642v1_genomic,"9,46"
GCA_009354015.1_PDT000617017.1_genomic,"9,46"
GCA_008665355.1_PDT000590153.1_genomic,"9,46"
GCA_008789185.1_PDT000597418.1_genomic,"9,46"
GCA_002044345.1_ASM204434v1_genomic,"9,46"
GCA_005709415.1_PDT000428495.1_genomic,"9,46"
GCA_006490275.1_PDT000044694.2_genomic,"9,46"
GCA_006534335.1_PDT000532680.1_genomic,"9,46"
GCA_010944155.1_PDT000564759.1_genomic,"9,46"
GCA_010618165.1_PDT000211425.2_genomic,"9,46"
GCA_005962065.1_PDT000125166.2_genomic,"9,46"
GCA_006778725.1_PDT000354767.1_genomic,"9,46"
GCA_001442695.1_ASM144269v1_genomic,"9,46"
GCA_008596965.1_PDT000587746.1_genomic,"9,46"
GCA_007229395.1_PDT000129932.2_genomic,"9,46"
GCA_010991315.1_PDT000683440.1_genomic,"9,46"
GCA_009049565.1_PDT000163114.3_genomic,"9,46"
GCA_014073515.1_PDT000802448.1_genomic,"9,46"
GCA_007750495.1_PDT000067431.2_genomic,"9,46"
GCA_005997275.1_PDT000266579.2_genomic,"9,46"
GCA_011659555.1_PDT000690460.1_genomic,"9,46"
GCA_008376945.1_PDT000582929.1_genomic,"9,46"
GCA_011136275.1_PDT000274526.2_genomic,"9,46"
GCA_006095815.1_PDT000110845.2_genomic,"9,46"
GCA_015954165.1_PDT000894725.1_genomic,"9,46"
GCA_007474375.1_PDT000069075.2_genomic,"9,46"
GCA_007070245.1_PDT000245431.2_genomic,"9,46"
GCA_005761835.1_PDT000367967.1_genomic,"9,46"
GCA_018192495.1_PDT001015250.1_genomic,"9,46"
GCA_005995685.1_PDT000208261.2_genomic,"9,46"
GCA_007111565.1_PDT000275890.2_genomic,"9,46"
GCA_014275245.1_PDT000817645.1_genomic,"9,46"
GCA_008370995.1_PDT000582840.1_genomic,"9,46"
GCA_009206665.1_PDT000204986.2_genomic,"9,46"
GCA_013781785.1_PDT000797369.1_genomic,"9,46"
GCA_010431415.1_PDT000303677.2_genomic,"9,46"
GCA_007834595.1_PDT000044662.2_genomic,"9,46"
GCA_011990185.1_PDT000718161.1_genomic,"9,46"
GCA_006038495.1_PDT000158591.2_genomic,"9,46"
GCA_006970745.1_PDT000212328.2_genomic,"9,46"
GCA_017144735.1_PDT000947513.1_genomic,"9,46"
GCA_013654955.1_PDT000771864.1_genomic,"9,46"
GCA_020692085.1_PDT001165527.1_genomic,"9,46"
GCA_007805075.1_PDT000539827.1_genomic,"9,46"
GCA_006067895.1_PDT000224762.2_genomic,"9,46"
GCA_020692645.1_PDT001165513.1_genomic,"9,46"
GCA_008193585.1_PDT000574913.1_genomic,"9,46"
GCA_020693325.1_PDT001165502.1_genomic,"9,46"
GCA_006393315.1_PDT000518206.1_genomic,"9,46"
GCA_011398095.1_PDT000156446.2_genomic,"9,46"
GCA_006550295.1_PDT000344574.1_genomic,"9,46"
GCA_010615865.1_PDT000660791.1_genomic,"9,46"
GCA_008400455.1_PDT000585412.1_genomic,"9,46"
GCA_005739175.1_PDT000487139.1_genomic,"9,46"
GCA_005477515.1_PDT000431640.1_genomic,"9,46"
GCA_017221675.1_PDT000940955.1_genomic,"9,46"
GCA_003737725.1_PDT000396521.1_genomic,"9,46"
GCA_007515005.1_PDT000465460.1_genomic,"9,46"
GCA_007255315.1_PDT000340649.1_genomic,"9,46"
GCA_020122395.1_PDT001136329.1_genomic,"9,46"
GCA_009296465.1_PDT000214601.2_genomic,"9,46"
GCA_006023055.1_PDT000093917.2_genomic,"9,46"
GCA_006532295.1_PDT000532371.1_genomic,"9,46"
GCA_020690805.1_PDT001165589.1_genomic,"9,46"
GCA_010781515.1_PDT000215534.2_genomic,"9,46"
GCA_006903305.1_PDT000133875.2_genomic,"9,46"
GCA_009407485.1_PDT000619153.1_genomic,"9,46"
GCA_011265855.1_PDT000644430.1_genomic,"9,46"
GCA_020655075.1_PDT001163232.1_genomic,"9,46"
GCA_020693345.1_PDT001165505.1_genomic,"9,46"
GCA_007473215.1_PDT000051340.2_genomic,"9,46"
GCA_010535255.1_PDT000001811.3_genomic,"9,46"
GCA_018077305.1_PDT001007609.1_genomic,"9,46"
GCA_007961665.1_PDT000556636.1_genomic,"9,46"
GCA_006942965.1_PDT000182969.2_genomic,"9,46"
GCA_006848035.1_PDT000038520.2_genomic,"9,46"
GCA_007427685.1_PDT000467095.1_genomic,"9,46"
GCA_017957095.1_PDT001005553.1_genomic,"9,46"
GCA_011399365.1_PDT000303587.2_genomic,"9,46"
GCA_011114615.1_PDT000152898.2_genomic,"9,46"
GCA_020691785.1_PDT001165542.1_genomic,"9,46"
GCA_011246175.1_PDT000679502.1_genomic,"9,46"
GCA_006791365.1_PDT000368129.1_genomic,"9,46"
GCA_006713625.1_PDT000337578.1_genomic,"9,46"
GCA_014566675.1_PDT000729111.1_genomic,"9,46"
GCA_018216015.1_PDT001016432.1_genomic,"9,46"
GCA_006026695.1_PDT000120154.2_genomic,"9,46"
GCA_002048785.1_ASM204878v1_genomic,"9,46"
GCA_006027275.1_PDT000128292.2_genomic,"9,46"
GCA_006423735.1_PDT000521412.1_genomic,"9,46"
GCA_009149085.1_PDT000192133.2_genomic,"9,46"
GCA_007825125.1_PDT000539854.1_genomic,"9,46"
GCA_010679465.1_PDT000187970.2_genomic,"9,46"
GCA_005965265.1_PDT000129375.2_genomic,"9,46"
GCA_008835125.1_PDT000068794.3_genomic,"9,46"
GCA_017712695.1_PDT000996221.1_genomic,"9,46"
GCA_007736755.1_PDT000548912.1_genomic,"9,46"
GCA_006863665.1_PDT000002493.3_genomic,"9,46"
GCA_009182905.1_PDT000609609.1_genomic,"9,46"
GCA_005965705.1_PDT000134482.2_genomic,"9,46"
GCA_020265585.1_PDT001143181.1_genomic,"9,46"
GCA_008427185.1_PDT000138089.2_genomic,"9,46"
GCA_006206505.1_PDT000299929.2_genomic,"9,46"
GCA_011383505.1_PDT000692247.1_genomic,"9,46"
GCA_007069465.1_PDT000245410.2_genomic,"9,46"
GCA_006784445.1_PDT000361153.1_genomic,"9,46"
GCA_006576405.1_PDT000316393.1_genomic,"9,46"
GCA_008617495.1_PDT000085438.2_genomic,"9,46"
GCA_007363915.1_PDT000413214.1_genomic,"9,46"
GCA_011326095.1_PDT000703339.1_genomic,"9,46"
GCA_020159205.1_PDT001137371.1_genomic,"9,46"
GCA_006092235.1_PDT000092992.2_genomic,"9,46"
GCA_008414805.1_PDT000134866.2_genomic,"9,46"
GCA_009440675.1_PDT000620412.1_genomic,"9,46"
GCA_008376145.1_PDT000582944.1_genomic,"9,46"
GCA_011189675.1_PDT000563949.1_genomic,"9,46"
GCA_008616835.1_PDT000085439.2_genomic,"9,46"
GCF_002053875.1_ASM205387v1_genomic,"9,46"
GCA_006403615.1_PDT000519621.1_genomic,"9,46"
GCA_008196565.1_PDT000575172.1_genomic,"9,46"
GCA_006744665.1_PDT000376906.1_genomic,"9,46"
GCF_009730015.1_ASM973001v1_genomic,"9,46"
GCA_006200205.1_PDT000289808.2_genomic,"9,46"
GCA_008816615.1_PDT000598212.1_genomic,"9,46"
GCA_011406775.1_PDT000001827.3_genomic,"9,46"
GCA_005474115.1_PDT000423044.1_genomic,"9,46"
GCA_008784665.1_PDT000594583.1_genomic,"9,46"
GCA_006283295.1_PDT000310283.2_genomic,"9,46"
GCA_005965185.1_PDT000133596.2_genomic,"9,46"
GCA_014759425.1_PDT000072480.2_genomic,"9,46"
GCA_009410335.1_PDT000619299.1_genomic,"9,46"
GCA_006799215.1_PDT000332046.1_genomic,"9,46"
GCA_007514585.1_PDT000464925.1_genomic,"9,46"
GCA_011104355.1_PDT000131712.2_genomic,"9,46"
GCA_006477325.1_PDT000525558.1_genomic,"9,46"
GCA_019463875.1_PDT001104984.1_genomic,"9,46"
GCA_010011545.1_PDT000648915.1_genomic,"9,46"
GCA_020693485.1_PDT001165492.1_genomic,"9,46"
GCA_010002625.1_PDT000268822.2_genomic,"9,46"
GCA_020128255.1_PDT001136808.1_genomic,"9,46"
GCA_006943765.1_PDT000185774.2_genomic,"9,46"
GCA_006639705.1_PDT000316423.1_genomic,"9,46"
GCA_007738975.1_PDT000549186.1_genomic,"9,46"
GCA_006714065.1_PDT000300482.4_genomic,"9,46"
GCA_015867785.1_PDT000906396.1_genomic,"9,46"
GCA_007176315.1_PDT000330768.1_genomic,"9,46"
GCA_012937325.1_PDT000729589.1_genomic,"9,46"
GCA_007483415.1_PDT000288850.2_genomic,"9,46"
GCA_008920925.1_PDT000602200.1_genomic,"9,46"
GCA_010836765.1_PDT000642801.1_genomic,"9,46"
GCA_008840865.1_PDT000600447.1_genomic,"9,46"
GCA_006380635.2_ASM638063v2_genomic,"9,46"
GCA_013162445.1_PDT000743804.1_genomic,"9,46"
GCA_015238045.1_PDT000878725.1_genomic,"9,46"
GCA_018300845.1_PDT001021604.1_genomic,"9,46"
GCA_006207345.1_PDT000300943.2_genomic,"9,46"
GCA_004744785.1_ASM474478v1_genomic,"9,46"
GCA_017110165.1_PDT000973609.1_genomic,"9,46"
GCA_010652565.1_PDT000237271.2_genomic,"9,46"
GCA_002047945.1_ASM204794v1_genomic,"9,46"
GCA_005607205.1_PDT000114484.2_genomic,"9,46"
GCA_006972625.1_PDT000216400.2_genomic,"9,46"
GCA_009854695.1_CRJJGF_00117_v1.0_genomic,"9,46"
GCA_003918925.1_PDT000390260.1_genomic,"9,46"
GCA_006159945.1_PDT000238036.2_genomic,"9,46"
GCA_014567125.1_PDT000729079.1_genomic,"9,46"
GCA_010618585.1_PDT000214289.2_genomic,"9,46"
GCA_008597045.1_PDT000587748.1_genomic,"9,46"
GCA_020691965.1_PDT001165534.1_genomic,"9,46"
GCA_014112605.1_PDT000804224.1_genomic,"9,46"
GCA_005728275.1_PDT000447659.1_genomic,"9,46"
GCA_020691565.1_PDT001165549.1_genomic,"9,46"
GCA_006489935.1_PDT000044667.2_genomic,"9,46"
GCA_009534535.1_PDT000264866.2_genomic,"9,46"
GCA_014076355.1_PDT000802479.1_genomic,"9,46"
GCA_019111345.1_PDT001080881.1_genomic,"9,46"
GCA_011344865.1_PDT000679651.1_genomic,"9,46"
GCA_010713115.1_PDT000067915.2_genomic,"9,46"
GCA_020462245.1_PDT001148989.1_genomic,"9,46"
GCA_008376225.1_PDT000582950.1_genomic,"9,46"
GCA_006489995.1_PDT000044679.2_genomic,"9,46"
GCA_007773065.1_PDT000002519.5_genomic,"9,46"
GCA_006922715.1_PDT000163070.3_genomic,"9,46"
GCA_011309155.1_PDT000669368.1_genomic,"9,46"
GCF_002053415.1_ASM205341v1_genomic,"9,46"
GCF_025311435.1_ASM2531143v1_genomic,"9,46"
GCA_006636745.1_PDT000206665.2_genomic,"9,46"
GCA_018875115.1_PDT001067118.1_genomic,"9,46"
GCA_006827865.1_PDT000358655.2_genomic,"9,46"
GCA_011797925.1_PDT000685382.1_genomic,"9,46"
GCA_020210125.1_PDT001141773.1_genomic,"9,46"
GCA_020693565.1_PDT001165489.1_genomic,"9,46"
GCA_006171085.1_PDT000257094.2_genomic,"9,46"
GCA_011445875.1_PDT000051408.2_genomic,"9,46"
GCA_004226225.1_PDT000367932.1_genomic,"9,46"
GCA_011201595.1_PDT000671012.1_genomic,"9,46"
GCA_008224285.1_PDT000559789.1_genomic,"9,46"
GCA_019260805.1_PDT001090344.1_genomic,"9,46"
GCA_011395715.1_PDT000220030.2_genomic,"9,46"
GCA_006455065.1_PDT000522657.1_genomic,"9,46"
GCA_014131765.1_PDT000806068.1_genomic,"9,46"
GCA_013652975.1_PDT000771931.1_genomic,"9,46"
GCA_014566935.1_PDT000729087.1_genomic,"9,46"
GCA_011314695.1_PDT000702809.1_genomic,"9,46"
GCA_007762795.1_PDT000081677.5_genomic,"9,46"
GCA_006345665.1_PDT000167568.2_genomic,"9,46"
GCA_004179855.1_PDT000333235.1_genomic,"9,46"
GCA_006857445.1_PDT000046077.2_genomic,"9,46"
GCA_009414245.1_PDT000620053.1_genomic,"9,46"
GCA_005513695.1_PDT000492273.1_genomic,"9,46"
GCA_005834825.1_PDT000466108.1_genomic,"9,46"
GCA_006903845.1_PDT000134556.2_genomic,"9,46"
GCA_005539135.1_PDT000367953.1_genomic,"9,46"
GCA_007307535.1_PDT000382948.1_genomic,"9,46"
GCA_006166645.1_PDT000244599.2_genomic,"9,46"
GCA_005934015.1_PDT000033852.2_genomic,"9,46"
GCA_015227725.1_PDT000878320.1_genomic,"9,46"
GCA_006293995.1_PDT000498725.1_genomic,"9,46"
GCA_005656135.1_PDT000456245.1_genomic,"9,46"
GCA_017178015.1_PDT000945931.1_genomic,"9,46"
GCA_010789135.1_PDT000145942.2_genomic,"9,46"
GCA_005693095.1_PDT000390777.1_genomic,"9,46"
GCA_005506145.1_PDT000487132.1_genomic,"9,46"
GCA_016745495.1_ASM1674549v1_genomic,"9,46"
GCA_008377445.1_PDT000582920.1_genomic,"9,46"
GCA_008300185.1_PDT000579358.1_genomic,"9,46"
GCA_007171335.1_PDT000329668.1_genomic,"9,46"
GCA_008002925.1_PDT000048165.3_genomic,"9,46"
GCA_007200875.1_PDT000303602.2_genomic,"9,46"
GCA_008585645.1_PDT000582729.1_genomic,"9,46"
GCA_015848535.1_PDT000904942.1_genomic,"9,46"
GCA_011008235.1_PDT000683442.1_genomic,"9,46"
GCA_008162525.1_PDT000569460.1_genomic,"9,46"
GCA_007395155.1_PDT000433835.1_genomic,"9,46"
GCA_017141285.1_PDT000947690.1_genomic,"9,46"
GCA_006859945.1_PDT000037371.3_genomic,"9,46"
GCA_010493435.1_PDT000213809.2_genomic,"9,46"
GCA_005580735.1_PDT000459133.1_genomic,"9,46"
GCA_008619515.1_PDT000087540.2_genomic,"9,46"
GCA_005757755.1_PDT000171747.2_genomic,"9,46"
GCA_011799605.1_PDT000684679.1_genomic,"9,46"
GCA_006486825.1_PDT000527167.1_genomic,"9,46"
GCA_006095275.1_PDT000121836.2_genomic,"9,46"
GCA_006490215.1_PDT000044687.2_genomic,"9,46"
GCA_013663975.1_PDT000770836.1_genomic,"9,46"
GCA_006921795.1_PDT000152828.2_genomic,"9,46"
GCA_008377245.1_PDT000582909.1_genomic,"9,46"
GCA_007834075.1_PDT000001159.2_genomic,"9,46"
GCA_017160395.1_PDT000946822.1_genomic,"9,46"
GCA_006058095.1_PDT000216339.2_genomic,"9,46"
GCA_014789445.1_PDT000849026.1_genomic,"9,46"
GCA_010749135.1_PDT000181100.2_genomic,"9,46"
GCA_005855025.1_PDT000495648.1_genomic,"9,46"
GCA_007510325.1_PDT000458200.1_genomic,"9,46"
GCA_005486105.1_PDT000459146.1_genomic,"9,46"
GCA_002105895.1_ASM210589v1_genomic,"9,46"
GCA_009529275.1_PDT000238248.2_genomic,"9,46"
GCA_006118105.1_PDT000220267.2_genomic,"9,46"
GCA_010965315.1_PDT000026787.3_genomic,"9,46"
GCA_005533695.1_PDT000152830.2_genomic,"9,46"
GCA_011978075.1_PDT000718433.1_genomic,"9,46"
GCA_008791005.1_PDT000596711.1_genomic,"9,46"
GCA_005608795.1_PDT000319412.1_genomic,"9,46"
GCA_020692845.1_PDT001165507.1_genomic,"9,46"
GCA_008712795.1_PDT000591845.1_genomic,"9,46"
GCA_006486305.1_PDT000526263.1_genomic,"9,46"
GCA_006059555.1_PDT000217195.2_genomic,"9,46"
GCA_005965245.1_PDT000129492.2_genomic,"9,46"
GCA_005963025.1_PDT000114355.3_genomic,"9,46"
GCA_005689835.1_PDT000386673.1_genomic,"9,46"
GCA_020692485.1_PDT001165516.1_genomic,"9,46"
GCA_005828085.1_PDT000455388.1_genomic,"9,46"
GCA_014567315.1_PDT000729062.1_genomic,"9,46"
GCA_008784105.1_PDT000594799.1_genomic,"9,46"
GCA_011131735.1_PDT000286334.2_genomic,"9,46"
GCA_008371175.1_PDT000582875.1_genomic,"9,46"
GCA_006024415.2_PDT000104811.4_genomic,"9,46"
GCA_006336575.1_PDT000517283.1_genomic,"9,46"
GCA_006621805.1_PDT000368102.1_genomic,"9,46"
GCA_007834575.1_PDT000044666.2_genomic,"9,46"
GCA_006396675.1_PDT000518197.1_genomic,"9,46"
GCA_006856685.1_PDT000044888.2_genomic,"9,46"
GCA_007418325.1_PDT000457874.1_genomic,"9,46"
GCA_005769445.1_PDT000385990.1_genomic,"9,46"
GCA_007253835.1_PDT000341286.1_genomic,"9,46"
GCA_020693585.1_PDT001165486.1_genomic,"9,46"
GCA_001448465.1_ASM144846v1_genomic,"9,46"
GCA_020691825.1_PDT001165539.1_genomic,"9,46"
GCA_010515635.1_PDT000220707.2_genomic,"9,46"
GCA_007447445.1_PDT000536833.1_genomic,"9,46"
GCA_005820545.1_PDT000421229.1_genomic,"9,46"
GCA_007569125.1_PDT000305834.2_genomic,"9,46"
GCA_005660815.1_PDT000413676.2_genomic,"9,46"
GCA_018723565.1_PDT001058367.1_genomic,"9,46"
GCA_015322985.1_PDT000884707.1_genomic,"9,46"
GCA_019291075.1_PDT001092592.1_genomic,"9,46"
GCA_006584885.1_PDT000329325.1_genomic,"9,46"
GCA_017144975.1_PDT000947515.1_genomic,"9,46"
GCA_016732465.1_PDT000938635.1_genomic,"9,46"
GCA_015379885.1_PDT000888086.1_genomic,"9,46"
GCA_003870565.1_PDT000133692.3_genomic,"9,46"
GCA_000236105.2_ASM23610v2_genomic,"9,46"
GCA_006960685.1_PDT000206278.2_genomic,"9,46"
GCA_006256535.1_PDT000274689.2_genomic,"9,46"
GCA_016244515.1_PDT000920251.1_genomic,"9,46"
GCA_006474345.1_PDT000525283.1_genomic,"9,46"
GCA_006611145.1_PDT000360761.1_genomic,"9,46"
GCA_007152385.1_PDT000323755.1_genomic,"9,46"
GCA_005918085.1_PDT000504826.1_genomic,"9,46"
GCA_018750735.1_PDT001059006.1_genomic,"9,46"
GCA_012160125.1_PDT000720550.1_genomic,"9,46"
GCA_006345145.1_PDT000121807.2_genomic,"9,46"
GCA_011352845.1_PDT000677879.1_genomic,"9,46"
GCA_011162835.1_PDT000305789.2_genomic,"9,46"
GCA_005652995.1_PDT000440465.1_genomic,"9,46"
GCA_005759055.1_PDT000325035.1_genomic,"9,46"
GCA_007760115.1_PDT000105791.4_genomic,"9,46"
GCA_005424475.1_PDT000439450.1_genomic,"9,46"
GCA_006214345.1_PDT000459676.1_genomic,"9,46"
GCA_011413615.1_PDT000137953.2_genomic,"9,46"
GCA_007834615.1_PDT000044695.2_genomic,"9,46"
GCA_007834395.1_PDT000044680.2_genomic,"9,46"
GCA_004744755.1_ASM474475v1_genomic,"9,46"
GCA_014113565.1_PDT000804218.1_genomic,"9,46"
GCA_008624335.1_PDT000588744.1_genomic,"9,46"
GCA_014370585.1_PDT000796341.1_genomic,"9,46"
GCA_009107045.1_PDT000178548.2_genomic,"9,46"
GCA_012170975.1_PDT000720731.1_genomic,"9,46"
GCA_005670255.1_PDT000487133.1_genomic,"9,46"
GCA_005718595.1_PDT000417041.1_genomic,"9,46"
GCA_007538575.1_PDT000533273.1_genomic,"9,46"
GCA_005695615.1_PDT000391431.1_genomic,"9,46"
GCA_007871505.1_PDT000551056.1_genomic,"9,46"
GCA_010378965.1_PDT000303662.2_genomic,"9,46"
GCA_013100345.1_PDT000734447.1_genomic,"9,46"
GCA_020691925.1_PDT001165533.1_genomic,"9,46"
GCA_014315755.1_PDT000821943.1_genomic,"9,46"
GCA_007630115.1_PDT000279158.2_genomic,"9,46"
GCA_004279895.1_PDT000412353.1_genomic,"9,46"
GCA_011473675.1_PDT000636758.1_genomic,"9,46"
GCA_020691905.1_PDT001165535.1_genomic,"9,46"
GCA_009204045.1_PDT000203278.2_genomic,"9,46"
GCA_014777715.1_PDT000848728.1_genomic,"9,46"
GCA_011657595.1_PDT000690680.1_genomic,"9,46"
GCA_007048385.1_PDT000235175.2_genomic,"9,46"
GCA_017221735.1_PDT000940952.1_genomic,"9,46"
GCA_016732265.1_PDT000938722.1_genomic,"9,46"
GCA_014777355.1_PDT000848743.1_genomic,"9,46"
GCA_005826565.1_PDT000442877.1_genomic,"9,46"
GCA_011204835.1_PDT000671379.1_genomic,"9,46"
GCA_007514985.1_PDT000465466.1_genomic,"9,46"
GCA_013561075.1_PDT000789818.1_genomic,"9,46"
GCA_010495435.1_PDT000275863.2_genomic,"9,46"
GCA_006564265.1_PDT000359376.1_genomic,"9,46"
GCA_018981245.1_PDT001028983.1_genomic,"9,46"
GCA_016451465.1_PDT000926083.1_genomic,"9,46"
GCA_005594315.1_PDT000483810.1_genomic,"9,46"
GCA_006490235.1_PDT000044692.2_genomic,"9,46"
GCA_007006745.1_PDT000331567.1_genomic,"9,46"
GCA_005586815.1_PDT000473881.1_genomic,"9,46"
GCA_010642645.1_PDT000059300.2_genomic,"9,46"
GCA_006269655.1_PDT000296894.2_genomic,"9,46"
GCA_006200425.1_PDT000289852.2_genomic,"9,46"
GCA_005979605.1_PDT000171666.2_genomic,"9,46"
GCA_020450865.1_PDT001149584.1_genomic,"9,46"
GCA_006940015.1_PDT000167571.2_genomic,"9,46"
GCA_015525105.1_PDT000891257.1_genomic,"9,46"
GCA_005920165.1_PDT000505145.1_genomic,"9,46"
GCA_012028515.1_ASM1202851v1_genomic,"9,46"
GCA_011733535.1_PDT000710096.1_genomic,"9,46"
GCA_006345445.1_PDT000128283.2_genomic,"9,46"
GCA_020692405.1_PDT001165518.1_genomic,"9,46"
GCA_015169155.1_PDT000871898.1_genomic,"9,46"
GCA_014756285.1_PDT000048731.3_genomic,"9,46"
GCF_903931085.1_2933_14_genomic,"9,46"
GCA_007834635.1_PDT000044668.2_genomic,"9,46"
GCA_014604635.1_PDT000836623.1_genomic,"9,46"
GCA_013790925.1_PDT000750338.1_genomic,"9,46"
GCA_006345605.1_PDT000128293.2_genomic,"9,46"
GCA_007319075.1_PDT000381072.1_genomic,"9,46"
GCA_010729365.1_PDT000655690.1_genomic,"9,46"
GCA_006967225.1_PDT000211351.2_genomic,"9,46"
GCA_014756305.1_PDT000048748.2_genomic,"9,46"
GCA_015009395.1_PDT000859285.1_genomic,"9,46"
GCA_009182495.1_PDT000609558.1_genomic,"9,46"
GCA_017144215.1_PDT000947530.1_genomic,"9,46"
GCA_007607835.1_PDT000476836.1_genomic,"9,46"
GCA_008146465.1_PDT000571216.1_genomic,"9,46"
GCA_014441775.1_PDT000793163.1_genomic,"9,46"
GCA_019943415.1_PDT001126883.1_genomic,"9,46"
GCA_005979085.1_PDT000168600.2_genomic,"9,46"
GCA_008376045.1_PDT000582938.1_genomic,"9,46"
GCA_016240915.1_PDT000920197.1_genomic,"9,46"
GCA_001975385.1_ASM197538v1_genomic,"9,46"
GCA_020002145.1_PDT001130351.1_genomic,"9,46"
GCA_007228955.1_PDT000129931.2_genomic,"9,46"
GCA_014562985.1_PDT000730510.1_genomic,"9,46"
GCA_008618015.1_PDT000069321.3_genomic,"9,46"
GCA_006037795.1_PDT000157367.2_genomic,"9,46"
GCA_020692025.1_PDT001165529.1_genomic,"9,46"
GCA_013714405.1_PDT000766627.1_genomic,"9,46"
GCA_010468805.1_PDT000302655.2_genomic,"9,46"
GCA_010783635.1_PDT000296829.2_genomic,"9,46"
GCA_010522975.1_PDT000295863.2_genomic,"9,46"
GCA_008925285.1_PDT000139290.2_genomic,"9,46"
GCA_020854655.1_PDT001173825.1_genomic,"9,46"
GCF_041123015.1_ASM4112301v1_genomic,"9,46"
GCA_007976885.1_PDT000557713.1_genomic,"9,46"
GCA_011809365.1_PDT000684733.1_genomic,"9,46"
GCA_014567155.1_PDT000729078.1_genomic,"9,46"
GCA_006919375.1_PDT000175442.2_genomic,"9,46"
GCA_005709435.1_PDT000428443.1_genomic,"9,46"
GCA_000505505.1_CFSAN004345_01.0_genomic,"9,46"
GCA_006816985.1_PDT000316415.1_genomic,"9,46"
GCA_010858725.1_PDT000650889.1_genomic,"9,46"
GCA_014570475.1_PDT000727494.1_genomic,"9,46"
GCA_014552095.1_PDT000834581.1_genomic,"9,46"
GCA_006391515.1_PDT000191726.3_genomic,"9,46"
GCA_008509975.1_PDT000376813.1_genomic,"9,46"
GCA_014625215.1_PDT000838275.1_genomic,"9,46"
GCA_006939305.1_PDT000157370.2_genomic,"9,46"
GCA_016349165.1_PDT000922627.1_genomic,"9,46"
GCA_019814925.1_PDT001119562.1_genomic,"9,46"
GCA_005974565.1_PDT000152847.2_genomic,"9,46"
GCA_008379685.1_PDT000583208.1_genomic,"9,46"
GCA_013633765.1_PDT000773598.1_genomic,"9,46"
GCA_006253675.1_PDT000267786.2_genomic,"9,46"
GCA_011670585.1_PDT000689231.1_genomic,"9,46"
GCA_020691325.1_PDT001165557.1_genomic,"9,46"
GCA_007696975.1_PDT000544560.1_genomic,"9,46"
GCA_008558475.1_PDT000586388.1_genomic,"9,46"
GCA_016436185.1_PDT000925645.1_genomic,"9,46"
GCA_006207325.1_PDT000300961.2_genomic,"9,46"
GCA_014717995.1_PDT000843654.1_genomic,"9,46"
GCA_006208975.1_PDT000300483.2_genomic,"9,46"
GCA_020693425.1_PDT001165498.1_genomic,"9,46"
GCA_017145255.1_PDT000947498.1_genomic,"9,46"
GCA_006162305.1_PDT000240215.2_genomic,"9,46"
GCA_007363755.1_PDT000412448.1_genomic,"9,46"
GCA_005680835.1_PDT000343564.1_genomic,"9,46"
GCA_005980745.1_PDT000173412.2_genomic,"9,46"
GCA_006431915.1_PDT000522107.1_genomic,"9,46"
GCA_009203985.1_PDT000203274.2_genomic,"9,46"
GCA_020690845.1_PDT001165584.1_genomic,"9,46"
GCA_012107475.1_PDT000719865.1_genomic,"9,46"
GCA_014566765.1_PDT000729110.1_genomic,"9,46"
GCA_009149765.1_PDT000608126.1_genomic,"9,46"
GCA_009219425.1_PDT000209598.2_genomic,"9,46"
GCA_005964985.1_PDT000133874.2_genomic,"9,46"
GCA_011445305.1_PDT000051410.2_genomic,"9,46"
GCA_007794415.1_PDT000509054.2_genomic,"9,46"
GCA_017036755.1_PDT000954283.1_genomic,"9,46"
GCA_006521945.1_PDT000265943.4_genomic,"9,46"
GCA_007061305.1_PDT000240499.2_genomic,"9,46"
GCA_006928935.1_PDT000152824.2_genomic,"9,46"
GCA_008376285.1_PDT000582949.1_genomic,"9,46"
GCA_014757265.1_PDT000084574.2_genomic,"9,46"
GCA_008376165.1_PDT000582936.1_genomic,"9,46"
GCA_018215955.1_PDT001016438.1_genomic,"9,46"
GCA_006902685.1_PDT000133556.2_genomic,"9,46"
GCA_018111845.1_PDT001009581.1_genomic,"9,46"
GCA_006955725.1_PDT000195478.2_genomic,"9,46"
GCF_002044345.1_ASM204434v1_genomic,"9,46"
GCA_010569985.1_PDT000647020.1_genomic,"9,46"
GCA_006921935.1_PDT000157353.2_genomic,"9,46"
GCA_007429405.1_PDT000468046.1_genomic,"9,46"
GCA_006638585.1_PDT000237076.2_genomic,"9,46"
GCA_020690725.1_PDT001165591.1_genomic,"9,46"
GCA_008370935.1_PDT000582849.1_genomic,"9,46"
GCA_017141505.1_PDT000947691.1_genomic,"9,46"
GCA_005552575.1_PDT000394443.1_genomic,"9,46"
GCA_011385595.1_PDT000702742.1_genomic,"9,46"
GCA_017236725.1_PDT000939783.1_genomic,"9,46"
GCA_010800425.1_PDT000656608.1_genomic,"9,46"
GCA_011631645.1_PDT000564183.1_genomic,"9,46"
GCA_006027715.1_PDT000125168.2_genomic,"9,46"
GCA_007835635.1_PDT000044682.2_genomic,"9,46"
GCA_005944205.1_PDT000050527.2_genomic,"9,46"
GCA_005472835.1_PDT000417059.1_genomic,"9,46"
GCA_008519445.1_PDT000067266.3_genomic,"9,46"
