dataset,kmer,f1_val_macro,f1_test_macro
MLST,7,0.942288121124333,0.9442759694192361
Serotype,7,0.9466071472058517,0.9399310257779535
Subspecies,7,0.9791564841968068,1.0
