dataset,kmer,f1_val_macro,f1_test_macro
MLST,7,0.9968469754516974,0.9893977359048788
Serotype,7,0.997991023470504,0.9879550667408269
Subspecies,7,1.0,1.0
