dataset,kmer,f1_val_macro,f1_test_macro
MLST,5,0.9890824335738183,0.9780768706832866
Serotype,5,0.9947552616634221,0.9852423939606455
Subspecies,5,0.9979165852832793,1.0
