dataset,kmer,f1_val_macro,f1_test_macro
MLST,5,0.9806685651853692,0.9790292518438487
Serotype,5,0.9802812284282708,0.9850418553728955
Subspecies,5,1.0,1.0
