dataset,kmer,f1_val_macro,f1_test_macro
MLST,7,0.9889043163395215,0.9886896806174276
Serotype,7,0.9860919634126588,0.9874763066117745
Subspecies,7,1.0,1.0
