dataset,kmer,f1_val_macro,f1_test_macro
MLST,5,0.9901387187223821,0.9786993452167839
Serotype,5,0.9949772864715418,0.9852927566483071
Subspecies,5,0.9979165852832793,1.0
