dataset,kmer,f1_val_macro,f1_test_macro
MLST,7,0.9982270820602076,0.99309935444051
Serotype,7,0.998772962484222,0.991950863489466
Subspecies,7,1.0,1.0
