dataset,kmer,f1_val_macro,f1_test_macro
MLST,7,0.9918706963943092,0.9928529453602466
Serotype,7,0.9868586736035453,0.99133986732958
Subspecies,7,1.0,1.0
