dataset,kmer,f1_val_macro,f1_test_macro
MLST,5,0.979948737628533,0.9806678795911749
Serotype,5,0.9801494961772108,0.986529339619958
Subspecies,5,1.0,1.0
