dataset,kmer,f1_val_macro,f1_test_macro
MLST,7,0.9888716834763865,0.9431231076280088
Serotype,7,0.9892864743123514,0.9420092226648146
Subspecies,7,0.9916391434347757,0.9585157390035439
