dataset,kmer,f1_val_macro,f1_test_macro
MLST,5,0.8267972769617082,0.8404815041686307
Serotype,5,0.8335756974267287,0.8249688434946545
Subspecies,5,0.9680453730856957,0.9916614550760893
