dataset,kmer,f1_val_macro,f1_test_macro
MLST,5,0.964368671579205,0.8149791657745349
Serotype,5,0.967780652295746,0.8356484335530661
Subspecies,5,0.9895689098126098,0.9666361416361418
